Holy-Bible---Abureni---Abureni-Bible---Standard-Edition.toml	Abureni Bible	Abureni Bible	Abureni	Abureni	814416
Holy-Bible---Ahirani---Ahirani-Bible---Standard-Edition.toml	Ahirani Bible	प्रेम संदेश	Ahirani	अहिराणी‎	4530833
Holy-Bible---Ajiya---Ajiya-Bible---Standard-Edition.toml	Ajiya Bible	Ajigha Bible	Ajiya	Ajiya	484099
Holy-Bible---Alaba-Kabeena---Alaba-Kabeena-Bible---Standard-Edition.toml	Alaba-K’abeena Bible	ሃዕሮ ወኣድ መጻፈ	Alaba-K'abeena	Alaba-K'abeena	1455233
Holy-Bible---Amo---Amo-Bible---Standard-Edition.toml	Amo Bible	Amo Bible	Amo	Timap	970456
Holy-Bible---Apal---Apali-Bible---Standard-Edition.toml	Apali Bible	Asɨ dɨ Manasɨŋ	Apal	Apalɨ	3158897
Holy-Bible---Arabic---Arabic-Van-Dyck-Bible---Standard-Edition.toml	Arabic Van Dyck Bible	الكتاب المقدس باللغة العربية، فان دايك	Arabic	العربية	7607578
Holy-Bible---Arabic---New-Arabic-Bible---Standard-Edition.toml	New Arabic Version	كتاب الحياة	Arabic	العربية	8152551
Holy-Bible---Aramaic---Syriac-Peshitta---Standard-Edition.toml	Aramaic Peshitta New Testament	ܦܫܝܛܬܐ	Aramaic	ܦܫܝܛܬܐ	1072965
Holy-Bible---Arapaho---Arapaho-Luke---Standard-Edition.toml	Arapaho Luke	Hethadenee waunauyaunee vadan Luke Vanenāna	Arapaho	Arapaho	159146
Holy-Bible---Armenian---Armenian-Bible-Eastern---Standard-Edition.toml	Eastern Armenian Bible	Արեւելահայերեն Աստվածաշունչ	Armenian, Eastern	Արեւելահայերեն	1318705
Holy-Bible---Armenian---Armenian-Bible-Western---Standard-Edition.toml	Western Armenian New Testament 1853	Արեւմտահայերեն Աստվածաշունչ	Armenian, Western	Արեւմտահայերեն	1592628
Holy-Bible---Aruamu---Aruamu-Bible---Standard-Edition.toml	Aruamu Bible	Godɨn Eghaghanim	Aruamu	Mikarew-Ariaw	6298327
Holy-Bible---Arumanisht---Aromanian-Bible---Standard-Edition.toml	Aromanian Bible	Biblija tu limba Rrãmãnã	Aromanian	Armãneashti	279616
Holy-Bible---Assamese---Assamese-Bible---Standard-Edition.toml	Assamese Bible	অসমীয়া বাইবেল	Assamese, Standard	অসমীয়া	10588031
Holy-Bible---Ayta-Ambala---Ayta-Ambala-Bible---Standard-Edition.toml	Ayta Ambala Bible	Ayta Ambala Bible	Ayta, Ambala	Ambala Ayta	162648
Holy-Bible---Azerbaijani---Azerbaijani-Bible---Standard-Edition.toml	Azerbaijani Bible	Azərbaycan dilində Müqəddəs Kitab	Azerbaijani, South	Azeri	4285977
Holy-Bible---Baga-Sitemu---Baga-Sitemu-Bible---Standard-Edition.toml	Baga Sitemu Bible	Kitabu ka Kanu	Baga Sitemu	Barka Sitemu	1614587
Holy-Bible---Baiso---Basio-Bible---Standard-Edition.toml	Baiso Bible	አማቶ ኦኡሱብ	Baiso	Bayso	1437547
Holy-Bible---Bangwinji---Bangwinji-Bible---Standard-Edition.toml	Bangwinji Bible	Bangwinji Bible	Bangwinji	Bangunji	785954
Holy-Bible---Bareli-Palya---Palya-Bareli-Bible---Standard-Edition.toml	Palya Bareli Bible	भगवान ना खरला बोल	Bareli, Palya	Bareli, Palya	333892
Holy-Bible---Basa-Gurmana---Basa-Gurmana-Bible---Standard-Edition.toml	Basa-Gurmana Bible	Kɔrɔmba	Basa-Gurmana	Kɔrɔmba	141078
Holy-Bible---Basque---Basque-NT---Standard-Edition.toml	Navarro-Labourdin Basque New Testament	Euskal Biblia	Basque	Euskara	1059030
Holy-Bible---Beami---Bedamuni-Bible---Standard-Edition.toml	Bedamuni Bible	Gode Ea Sia: Ida:Iwane Gala	Beami	Bedamuni	5085744
Holy-Bible---Beaver---Beaver-Mark---Standard-Edition.toml	Beaver Mark	Ootech Oochu Takehniya Tinkles St. Mark	Beaver	Dane Zaa	87397
Holy-Bible---Bekwel---Bekwel-Bible---Standard-Edition.toml	Bekwel Bible	Bekwil Bible	Bekwel	Bekwil	1398193
Holy-Bible---Bengali---Bengali-Bible---Standard-Edition.toml	Bengali Bible, India	বাংলা বাইবেল, ভারত	Bengali	বাংলা	10033409
Holy-Bible---Bengali---Contemporary---Standard-Edition.toml	Open Bengali Contemporary Bible	মুক্তভাবে বাংলা সমকালীন সংস্করণের	Bengali	বাংলা	10570122
Holy-Bible---Bhadrawahi---Bhadrawahi-Bible---Standard-Edition.toml	Bhadrawahi Bible	भड्लाई बाइबिल	Bhadrawahi	भद्रवाही‎	2706533
Holy-Bible---Bhattiyali---Bhattiyali-Bible---Standard-Edition.toml	Bhattiyali Bible	भटियाली नोआ नियम	Bhattiyali	भटियाली‎	2902949
Holy-Bible---Bhilali---Bhilali-Bible---Standard-Edition.toml	Bhilali Bible	भगवानेन छाचला बुल	Bhilali	Bhilali	2785672
Holy-Bible---Blackfoot---Matthew---Standard-Edition.toml	Blackfoot Matthew	Ŏkhs' I Tsĭn Ik Sĭn Ni Matthew Ot Sĭn Ai Pi	Blackfoot	Siksiká	145008
Holy-Bible---Bodo-Parja---BOPO-Bible---Standard-Edition.toml	Bodo Parja: BOPO Bible	ସଃର୍ଗାର୍‌ ବାଟ୍‌ ନଃଉଁଆ ନିଅମ୍‌	Bodo Parja	ବଡ଼ ପରଜା	3122568
Holy-Bible---Boga---Boga-Bible---Standard-Edition.toml	Boga Bible	Boka Bible	Boga	Boka	294583
Holy-Bible---Bondei---Bondei-Bible---Standard-Edition.toml	Bondei Bible	Bondei Bible	Bondei	Bondei	463123
Holy-Bible---Borna---Borna-Latin-Bible---Standard-Edition.toml	Borna Bible Latin Version	Handr Taara	Borna	Borni	1008468
Holy-Bible---Breton---Breton-Gospels---Standard-Edition.toml	Breton Gospels	an Bibl	Breton	Brezhoneg	458419
Holy-Bible---Bu---Bauchi-Bu-Bible---Standard-Edition.toml	Bu Bauchi Bible	Geji Bauchi Bible	Bu	Geji	220891
Holy-Bible---Bu---Bu-Bible---Standard-Edition.toml	Bu Bible	Jida Bible	Bu	Jida	835995
Holy-Bible---Bugun---Bugun-Bible---Standard-Edition.toml	Bugun Bible	Iwo Surua Mua Wie Pha Bible	Bugun	Khowa	1264716
Holy-Bible---Bulgarian---Bulgarian-Bible---Standard-Edition.toml	Bulgarian Bible	Българска Библия	Bulgarian	Българска	6585740
Holy-Bible---Bwile---Bwile-Bible---Standard-Edition.toml	Bwile Bible	Bwile Bible	Bwile	Bwile	145740
Holy-Bible---Calo---Calo-Bible---Standard-Edition.toml	Calo Gospel of Luke	Evangelio Español Romaní de Lucas	Calo	Romaní	147160
Holy-Bible---Cebuano---Cebuano-Bible---Standard-Edition.toml	Cebuano Bible	Balaan nga Bibliya	Cebuano	Cebuano	5127662
Holy-Bible---Cebuano---Cebuano-Open-Bible---Standard-Edition.toml	Cebuano Open Bible	Ang Pulong sa Dios	Cebuano	Cebuano	4755956
Holy-Bible---Cebuano---Cebuano-Philippine---Standard-Edition.toml	Cebuano Bible, Revelation	Cebuano Ang Biblia, Pinadayag	Cebuano	Cebuano	5219478
Holy-Bible---Chamorro---Chamorro-Gospels-Acts-and-Psalms---Standard-Edition.toml	Chamorro Gospels, Acts, Psalms	Y Cuatro Ebangelio Sija Yan Y Checho Y Apostoles Yan Y Salmo Sija	Chamorro	Chamorro	832864
Holy-Bible---Cherokee---Cherokee-New-Testament---Standard-Edition.toml	Cherokee New Testament 1860	ᏣᎳᎩ ᎦᏬᏂᎯᏍᏗ	Cherokee	ᏣᎳᎩ ᎦᏬᏂᎯᏍᏗ	1674968
Holy-Bible---Chhattisgarhi---Chhattisgarhi-Bible---Standard-Edition.toml	Chhattisgarhi Bible	सुतंतर समकालीन छत्तीसगढ़ी अनुवाद	Chhattisgarhi	छत्तीसगढ़ी	9751544
Holy-Bible---Chichewa---Chichewa-Bible---Standard-Edition.toml	Chichewa Bible	Tsekulani Mawu a Mulungu	Chichewa	Chichewa	4374054
Holy-Bible---Chin-Daai---Daai-Chin-Bible---Standard-Edition.toml	Daai Chin Bible	Dai Cangcim Kthai	Chin, Daai	Daai	1068888
Holy-Bible---Chin-Eastern-Khumi---Asang-Khongca-Bible---Standard-Edition.toml	Eastern Khumi Chin Bible	Asang Khongca Bible	Chin, Eastern Khumi	Asaang Khongca	4700152
Holy-Bible---Chin-Matu---Matupi-Chin-2019---Standard-Edition.toml	Matupi Chin Standard Bible 2019	Baibal Olcim	Chin, Matu	Matupi Chin	4214081
Holy-Bible---Chin-Matu---Matupi-Chin-Bible---Standard-Edition.toml	Matupi Chin Standard Bible	Baibal Olcim	Chin, Matu	Matupi Chin	4213176
Holy-Bible---Chin-Matu---Tuivang-Matu-Chin-Bible---Standard-Edition.toml	Tuivang Matu Chin Bible	Tuivang Holy Bible	Chin, Matu	Tuivang	1486906
Holy-Bible---Chin-Siyin---Siyin-Chin-Bible---Standard-Edition.toml	Siyin Chin Bible	Tinaung Takluem	Chin, Siyin	Siyin Chin	1063466
Holy-Bible---Chin-Thado---Chongthu-Bible---Standard-Edition.toml	Chongthu Bible	Pathen Lekhabu Theng	Chin, Thado	Chongthu	4772596
Holy-Bible---Chin-Thaiphum---Thai-Phum-Bible---Standard-Edition.toml	Thai Phum Holy Bible	Thai Phum Holy Bible	Chin, Thaiphum	Thai Phum	4385984
Holy-Bible---Chinese---Chinese-Easy-to-Read---Standard-Edition.toml	Free Easy to Read Bible	免费的易读圣经	Chinese	汉语	896301
Holy-Bible---Chinese---Chinese-Sigao-Bible---Standard-Edition.toml	Sīgāo Běn, Bible	思高本 聖經：思高聖經學會譯釋	Chinese	漢語	3546249
Holy-Bible---Chinese---Chinese-Union-Version-Simplified---Standard-Edition.toml	Chinese Union Version Simplified	新标点和合本	Chinese	汉语	3368764
Holy-Bible---Chinese---Chinese-Union-Version-Traditional---Standard-Edition.toml	Chinese Union Version Traditional	新標點和合本	Chinese	漢語	3378447
Holy-Bible---Chinese---Mandarin-Bible-Simplified---Standard-Edition.toml	Mandarin Open Bible (Simplified)	圣经当代译本开放资源	Chinese	汉语	3296829
Holy-Bible---Chinese---Mandarin-Bible-Traditional---Standard-Edition.toml	Mandarin Open Bible (Traditional)	聖經，當代譯本開放資源	Chinese	汉语	3296896
Holy-Bible---Chiyawo---Yao---Standard-Edition.toml	Yao New Testament	Lilangano lya Sambano	Ciyawo	Ciyawo	1223485
Holy-Bible---Cishingini---Cishingini-Bible---Standard-Edition.toml	Cishingini Shingini Bible	Cishingini Shingini Bible	Cishingini Shingini	Cishingini Shingini	3235137
Holy-Bible---Coptic---Coptic-Boharic-NT---Standard-Edition.toml	Coptic Boharic New Testament	ϯⲙⲉⲧⲣⲉⲙⲛ̀ⲭⲏⲙⲓ	Coptic Boharic	ϯⲙⲉⲧⲣⲉⲙⲛ̀ⲭⲏⲙⲓ	2099410
Holy-Bible---Coptic---Coptic-NT---Standard-Edition.toml	Coptic New Testament	ⲧⲙⲛ̄ⲧⲣⲙ̄ⲛ̄ⲕⲏⲙⲉ	Coptic	ⲧⲙⲛ̄ⲧⲣⲙ̄ⲛ̄ⲕⲏⲙⲉ	2264413
Holy-Bible---Coptic---Sahidic-Bible---Standard-Edition.toml	Coptic Sahidic NT: Askeland, Schulz	ⲧⲙⲛ̄ⲧⲣⲙ̄ⲛ̄ⲕⲏⲙⲉ	Coptic	ⲧⲙⲛ̄ⲧⲣⲙ̄ⲛ̄ⲕⲏⲙⲉ	1936457
Holy-Bible---Coptic---Sahidic-Coptic-Horner---Standard-Edition.toml	Coptic Sahidic NT: Horner	ⲧⲙⲛ̄ⲧⲣⲙ̄ⲛ̄ⲕⲏⲙⲉ	Coptic	ⲧⲙⲛ̄ⲧⲣⲙ̄ⲛ̄ⲕⲏⲙⲉ	2040760
Holy-Bible---Croatian---Croatian-Bible---Standard-Edition.toml	Croatian Bible	Hrvatski Biblija	Croatian	Hrvatski	3559419
Holy-Bible---Croatian---Croatian-Open-Bible---Standard-Edition.toml	Croatian Open Bible	Open Knjiga O Kristu	Croatian	Hrvatski	896347
Holy-Bible---Cung---Chung-Bible---Standard-Edition.toml	Chung Bible	Kiŋwakti ki Nyɔ Miŋkaiŋ Mifiaŋ	Cung	Chung	1404273
Holy-Bible---Czech---Czech-Bible-Kralicka---Standard-Edition.toml	Czech Bible Kralicka 1613	Czech Bible Kralicka 1613	Czech	Čeština	4032429
Holy-Bible---Czech---Kralicka---Standard-Edition.toml	Czech Kralická Bible 1613	Bible Kralická 1613	Czech	Čeština	4046837
Holy-Bible---Czech---Living-Bible---Standard-Edition.toml	Czech Living New Testament	Open Slovo Na Cestu	Czech	Čeština	946347
Holy-Bible---Danish---Danish-1871-1907---Standard-Edition.toml	Danish Bible OT1871 / NT1907	Dansk Bibel	Danish	Dansk	4050080
Holy-Bible---Danish---Danish-1931-1907---Standard-Edition.toml	Danish Bible OT1931 / NT1907	Dansk Bibel	Danish	Dansk	3821323
Holy-Bible---Danish---Danish-Bible---Standard-Edition.toml	Danish Bible	Dansk Bibel	Danish	Dansk	3804296
Holy-Bible---Dawro---Dawuro-Bible---Standard-Edition.toml	Dawuro Bible, Ethiopian (Latin)	Geeshsha Mas'aafaa	Dawro	Dawro	4789167
Holy-Bible---Desiya---Desiya-Bible---Standard-Edition.toml	Desiya New Testament	ସତିଅର୍‌ ବାଟ୍‌	Desiya	ଦେଶିଆ	3117775
Holy-Bible---Dhanki---Dhanki-Devanagari-Bible---Standard-Edition.toml	Dhanki Devanagari Bible	परमेश्वरन सत्य वचन	Dhanki	Dhanki	4497811
Holy-Bible---Dholuo---Dholuo-Bible---Standard-Edition.toml	Dholuo Bible	Moting’o Loko Manyien	Dholuo	Dholuo	3934170
Holy-Bible---Dombe---Dombe-Bible---Standard-Edition.toml	Dombe Bible	Dombe Bible	Dombe	Dombe	993118
Holy-Bible---Dongxiang---Donxian-Bible---Standard-Edition.toml	Dongxiang Santa Bible	Hudani Kielien	Dongxiang	Santa	890472
Holy-Bible---Dutch---Canisiusvertaling---Standard-Edition.toml	Dutch Petrus Canisius Translation	Nederlandse Petrus Canisiusvertaling Bijbel	Dutch	Nederlandse	4179167
Holy-Bible---Dutch---Leuvense-Bible---Standard-Edition.toml	Leuvense Bible	Leuvense Bijbel	Dutch	Nederlandse	4837983
Holy-Bible---Dutch---Schrift---Standard-Edition.toml	Dutch Holy Bible	De Heilige Schrift 1917	Dutch	Nederlandse	4478733
Holy-Bible---Dutch---Statenvertaling---Standard-Edition.toml	Dutch States Translation	Nederlandse Statenvertaling Bijbel	Dutch	Nederlandse	4481585
Holy-Bible---Duya---Duya-Bible---Standard-Edition.toml	Idun Duya Bible	Ibibemuwe-Num Iyiki Ifa Ru Dũya	Idun	Dũya	1137585
Holy-Bible---Ekajuk---Ekajuk-Bible---Standard-Edition.toml	Kajuk Bible	Ekajuk Bible	Kajuk	Ekajuk	2258996
Holy-Bible---English---A-Conservative-Version---Standard-Edition.toml	A Conservative Version	A Conservative Version	English	English	4249904
Holy-Bible---English---Aionian-Bible---Standard-Edition.toml	Aionian Bible	Aionian Bible	English	English	4190741
Holy-Bible---English---American-Standard-Version-1901---Standard-Edition.toml	American Standard Version 1901	American Standard Version 1901	English	English	4316475
Holy-Bible---English---Anderson-Bible---Standard-Edition.toml	Anderson New Testament 1864	Anderson New Testament 1864	English	English	989982
Holy-Bible---English---Berean-Standard---Standard-Edition.toml	Berean Standard Bible	Berean Standard Bible	English	English	4040127
Holy-Bible---English---Bible-in-Basic-English---Standard-Edition.toml	Bible in Basic English	Bible in Basic English	English	English	4332250
Holy-Bible---English---Brenton-English-Septuagint---Standard-Edition.toml	Brenton English Septuagint	Brenton English Septuagint	English	English	3319516
Holy-Bible---English---British-English-Septuagint-2012---Standard-Edition.toml	British English Septuagint 2012	British English Septuagint 2012	English	English	3317536
Holy-Bible---English---Catholic-Public-Domain---Standard-Edition.toml	Catholic Public Domain Version	Catholic Public Domain Version	English	English	4486158
Holy-Bible---English---Darby-Translation---Standard-Edition.toml	Darby Translation	Darby Translation	English	English	4265360
Holy-Bible---English---Douay-Rheims-1899---Standard-Edition.toml	Douay-Rheims 1899	Douay-Rheims 1899	English	English	4223169
Holy-Bible---English---Family-35-NT---Standard-Edition.toml	Family 35 New Testament	Family 35 New Testament	English	English	996351
Holy-Bible---English---Free-Bible-Version---Standard-Edition.toml	Free Bible Version	Free Bible Version	English	English	4147324
Holy-Bible---English---Geneva-Bible---Standard-Edition.toml	Geneva Bible	Geneva Bible	English	English	4341675
Holy-Bible---English---Godbey-Bible---Standard-Edition.toml	Godbey New Testament	Godbey New Testament	English	English	978387
Holy-Bible---English---Gods-Living-Word---Standard-Edition.toml	God's Living Word	God's Living Word	English	English	121556
Holy-Bible---English---Haweis-Bible---Standard-Edition.toml	Haweis New Testament	Haweis New Testament	English	English	1015112
Holy-Bible---English---Jewish-Bible---Standard-Edition.toml	Jewish Bible in English	Jewish Bible in English	English	English	3329076
Holy-Bible---English---King-James-Version---Standard-Edition.toml	King James Version, Annotated	King James Version, Annotated	English	English	4347210
Holy-Bible---English---King-James-Version-American---Standard-Edition.toml	King James Version, American	King James Version, American	English	English	4253823
Holy-Bible---English---King-James-Version-Cambridge---Standard-Edition.toml	King James Version, Purified	King James Version, Purified	English	English	4300004
Holy-Bible---English---King-James-Version-Restored-Name---Standard-Edition.toml	King James Version, Restored	King James Version, Restored	English	English	4288785
Holy-Bible---English---King-James-Version-Revised---Standard-Edition.toml	King James Version, Revised	King James Version, Revised	English	English	4278196
Holy-Bible---English---King-James-Version-Updated---Standard-Edition.toml	King James Version, Updated	King James Version, Updated	English	English	4317878
Holy-Bible---English---LXX2012-U-S-English---Standard-Edition.toml	LXX: Septuagint, English 2012	LXX: Septuagint, English 2012	English	English	3315085
Holy-Bible---English---Leeser-Tanakh---Standard-Edition.toml	Leeser Tanakh Old Testament	Leeser Tanakh Old Testament	English	English	3451285
Holy-Bible---English---Literal-Standard---Standard-Edition.toml	Literal Standard Version	Literal Standard Version	English	English	4270105
Holy-Bible---English---Living-Oracles-NT---Standard-Edition.toml	Living Oracles NT	Living Oracles NT	English	English	971249
Holy-Bible---English---Majority-Standard-Bible---Standard-Edition.toml	Majority Standard Bible	Majority Standard Bible	English	English	4048531
Holy-Bible---English---Montgomery-NT---Standard-Edition.toml	Montgomery New Testament	Montgomery New Testament	English	English	995521
Holy-Bible---English---New-Heart-Aramaic---Standard-Edition.toml	New Heart English Bible, Aramaic	New Heart English Bible, Aramaic	English	English	4208375
Holy-Bible---English---New-Heart-Jehovah---Standard-Edition.toml	New Heart English Bible, Jehovah	New Heart English Bible, Jehovah	English	English	4199614
Holy-Bible---English---New-Heart-Jesus-Messiah---Standard-Edition.toml	New Heart English Bible, Messiah	New Heart English Bible, Messiah	English	English	4206087
Holy-Bible---English---New-Heart-Messianic---Standard-Edition.toml	New Heart English Bible, Yeshua	New Heart English Bible, Yeshua	English	English	4207657
Holy-Bible---English---New-Heart-Standard---Standard-Edition.toml	New Heart English Bible, Standard	New Heart English Bible, Standard	English	English	4204994
Holy-Bible---English---New-Heart-YHWH---Standard-Edition.toml	New Heart English Bible, YHWH	New Heart English Bible, YHWH	English	English	4179443
Holy-Bible---English---Noyes---Standard-Edition.toml	Noyes Bible	Noyes Bible	English	English	2320251
Holy-Bible---English---One-Unity-Resource-Bible---Standard-Edition.toml	One Unity Resource Bible	One Unity Resource Bible	English	English	1998684
Holy-Bible---English---Open-English-Bible-Commonwealth---Standard-Edition.toml	Open English Bible, Commonwealth	Open English Bible, Commonwealth	English	English	1756013
Holy-Bible---English---Open-English-Bible-US---Standard-Edition.toml	Open English Bible, US	Open English Bible, US	English	English	1755639
Holy-Bible---English---Orthodox-Jewish-Bible---Standard-Edition.toml	The Orthodox Jewish Bible	Tanakh and B'rit Chadasha	English	English	4680474
Holy-Bible---English---Plain-English-Version---Standard-Edition.toml	Aboriginal Plain English Version	Aboriginal Plain English Version	English	English	1547430
Holy-Bible---English---Revised-Version---Standard-Edition.toml	Revised Version 1895	Revised Version 1895	English	English	4319972
Holy-Bible---English---Rotherham-Bible---Standard-Edition.toml	Rotherham Emphasized Bible	Rotherham Emphasized Bible	English	English	4575028
Holy-Bible---English---STEPBible-Amalgamant---Standard-Edition.toml	STEPBible, Amalgamant	STEPBible, Amalgamant	English	English	4619773
Holy-Bible---English---STEPBible-Concordant---Standard-Edition.toml	STEPBible, Concordant	STEPBible, Concordant	English	English	4946179
Holy-Bible---English---Syriac-Peshitta-Etheridge---Standard-Edition.toml	Syriac Peshitta Etheridge	Syriac Peshitta Etheridge	English	English	1007244
Holy-Bible---English---Syriac-Peshitta-Murdock---Standard-Edition.toml	Syriac Peshitta Murdock	Syriac Peshitta Murdock	English	English	1005397
Holy-Bible---English---Text-Critical---Standard-Edition.toml	Boyd Text-Critical English NT	Boyd Text-Critical English NT	English	English	1003192
Holy-Bible---English---Trans-Trans---Standard-Edition.toml	Translation for Translators	Translation for Translators	English	English	5862607
Holy-Bible---English---Twentieth-Century-NT---Standard-Edition.toml	Twentieth Century New Testament	Twentieth Century New Testament	English	English	1066382
Holy-Bible---English---Tyndale-Bible---Standard-Edition.toml	Tyndale Genesis, New Testament	Tyndale Genesis, New Testament	English	English	1804195
Holy-Bible---English---Unlocked-Literal-Bible---Standard-Edition.toml	Unlocked Literal Bible	Unlocked Literal Bible	English	English	4249895
Holy-Bible---English---Webster-Bible---Standard-Edition.toml	Webster Bible	Webster Bible	English	English	4311367
Holy-Bible---English---Webster-Bible-Revised---Standard-Edition.toml	Webster Version, Revised	Webster Version, Revised	English	English	4274094
Holy-Bible---English---Weymouth-NT---Standard-Edition.toml	Weymouth New Testament	Weymouth New Testament	English	English	1073369
Holy-Bible---English---World-English-Bible---Standard-Edition.toml	World English Bible	World English Bible	English	English	4182923
Holy-Bible---English---World-English-Bible-British-Edition---Standard-Edition.toml	World English Bible, British	World English Bible, British	English	English	4198978
Holy-Bible---English---World-English-Bible-Updated---Standard-Edition.toml	World English Bible Updated	World English Bible Updated	English	English	4193898
Holy-Bible---English---World-Messianic-Bible---Standard-Edition.toml	World Messianic Bible	World Messianic Bible	English	English	4197176
Holy-Bible---English---World-Messianic-Bible-British-Edition---Standard-Edition.toml	World Messianic Bible, British	World Messianic Bible, British	English	English	4202279
Holy-Bible---English---Worsley-Bible---Standard-Edition.toml	John Worsley New Testament	John Worsley New Testament	English	English	984937
Holy-Bible---English---Wycliffe-Bible---Standard-Edition.toml	Wycliffe Bible	Wycliffe Bible	English	English	4325734
Holy-Bible---English---Youngs-Literal-Translation---Standard-Edition.toml	Young's Literal Translation	Young's Literal Translation	English	English	4330305
Holy-Bible---Esperanto---Esperanto-Bible---Standard-Edition.toml	Esperanto London Bible	Esperanto London Bible	Esperanto	Esperanto	4010025
Holy-Bible---Estonian---Contemporary---Standard-Edition.toml	Estonian Modern Bible	Pühakiri Kaasaegses Eesti Keeles	Estonian	Eesti	942665
Holy-Bible---Estonian---For-All---Standard-Edition.toml	Estonian Bible	Piibel Kõigile	Estonian	Eesti	506460
Holy-Bible---Etulo---Etulo-Bible---Standard-Edition.toml	Etulo Bible	Utur Bible	Etulo	Utur	1070506
Holy-Bible---Ewe---Word-of-Life---Standard-Edition.toml	Éwé Bible	Biblia Agbenya La	Ewe	Eʋegbe	4279596
Holy-Bible---Falam---Falam-Chin-Bible---Standard-Edition.toml	Falam Chin Bible	Thukam Thar Lente Ṭon	Chin, Falam	Lai	91350
Holy-Bible---Finnish---Finnish-Bible---Standard-Edition.toml	Finnish Bible 1776	Finnish Bible 1776	Finnish	Suomen Kieli	4430357
Holy-Bible---Finnish---Finnish-Pyha-Raamattu---Standard-Edition.toml	Finnish Pyha Raamattu 1933/1938	Finnish Pyha Raamattu 1933/1938	Finnish	Suomen Kieli	4375394
Holy-Bible---Finnish---Open-Living-News---Standard-Edition.toml	Finnish Open Living News	Suomi Avoin Elävä Uutinen	Finnish	Suomen Kieli	1096254
Holy-Bible---Flemish---Flemish-De-Jonge-Bible---Standard-Edition.toml	New Testament, Nicolaas De Jonge	Het Vlaams Nieuwe Testament	Flemish	Vlaams	1029350
Holy-Bible---French---Bonnet-Bovet-Bible---Standard-Edition.toml	Annotated Bible, Bonnet and Bovet	La Bible Annotée de Bonnet et Bovet	French	Français	4514791
Holy-Bible---French---Free-for-the-World---Standard-Edition.toml	French Free Holy Bible for the World	Sainte Bible Libre Pour le Monde	French	Français	4381682
Holy-Bible---French---French-Crampon-Bible---Standard-Edition.toml	Augustin Crampon Bible	La Bible Augustin Crampon	French	Français	4496796
Holy-Bible---French---French-Crampon-Bible-New---Standard-Edition.toml	New Augustin Crampon Bible	Sainte Bible néo-Crampon Libre	French	Français	4491131
Holy-Bible---French---French-Darby-Bible---Standard-Edition.toml	French John Nelson Darby	Française John Nelson Darby	French	Français	4570645
Holy-Bible---French---French-Khan-Bible---Standard-Edition.toml	Zadoc Khan Bible	La Bible de Zadoc Khan	French	Français	3455661
Holy-Bible---French---French-LXX---Standard-Edition.toml	Translation of the LXX by P. GIGUET	Traduction de la LXX par P. GIGUET	French	Français	3401980
Holy-Bible---French---French-LXX-TheoTex---Standard-Edition.toml	LXX by P. GIGUET, TheoTex	Traduction de la LXX par P. GIGUET	French	Français	3447067
Holy-Bible---French---French-Louis-Segond-1910-Bible---Standard-Edition.toml	Louis Segond French Bible 1910	Louis Segond French Bible 1910	French	Français	4469873
Holy-Bible---French---French-Martin---Standard-Edition.toml	French Martin Bible	Bible Française Martin	French	Français	4685653
Holy-Bible---French---French-Oltramare-Bible---Standard-Edition.toml	New Testament, Oltramare	Nouveau Testament, Oltramare	French	Français	1085221
Holy-Bible---French---French-Ostervald-Bible---Standard-Edition.toml	Ostervald French Bible	Ostervald French Bible	French	Français	4448602
Holy-Bible---French---French-Perret-Gentil-Rilliet---Standard-Edition.toml	Perret-Gentil and Rilliet Bible	Bible Perret-Gentil et Rilliet	French	Français	4456830
Holy-Bible---French---French-Stapfer-Bible---Standard-Edition.toml	Stapher New Testament	Nouveau Testament de Stapfer	French	Français	1077873
Holy-Bible---French---French-Synodale-Bible---Standard-Edition.toml	Synodal New Testament and Psalms	Nouveau Testament et Psaumes, Synodale	French	Français	1344887
Holy-Bible---French---Geneva-Bible---Standard-Edition.toml	French Geneva Bible	Le Bible de Genève	French	Français	1097770
Holy-Bible---French---Vulgate-Glaire---Standard-Edition.toml	Glaire French Vulgate	French Vulgate Glaire	French	Français	4614091
Holy-Bible---Gamit---Gamit-Bible---Standard-Edition.toml	Gamit Bible	ગામીત નોવો કરાર	Gamit	Gamit	2864250
Holy-Bible---Gamo---Gamo-Bible---Standard-Edition.toml	Gamo Bible (Ethiopic)	ጌሻ ማጻፋ	Gamo	Gamotso	5694796
Holy-Bible---Gamo---Gamo-Bible-Latin---Standard-Edition.toml	Gamo Bible (Latin)	Geeshsha Mexaafa	Gamo	Gamotso	4180448
Holy-Bible---Gamotso---Gamo---Standard-Edition.toml	Gamo New Testament	Gamo Geesha Maxxafa	Gamotso	Gamotso	970707
Holy-Bible---Gata---Gata-Didayi-Bible---Standard-Edition.toml	Gata Didayi Bible	ସତ୍‌ ଗାଲି	Gta Asa, Didayi	ଡିଡାୟୀ	3278453
Holy-Bible---Gayil---Gayl-Bible---Standard-Edition.toml	Goyil Bible	ክለ ጫቃ	Gayil	Gayil	1768167
Holy-Bible---Geji---Geji-Bible---Standard-Edition.toml	Geji Bible	Bùù Bible	Geji	Bùù	890823
Holy-Bible---German---German-Albrecht---Standard-Edition.toml	Albrecht New Testament and Psalms	Deutsche Neues Testament, Psalmen	German	Deutsch	1362142
Holy-Bible---German---German-Elberfelder-1871---Standard-Edition.toml	Elberfelder German Bible 1871	Deutsche Bibel, Elberfelder	German	Deutsch	4768055
Holy-Bible---German---German-Elberfelder-1905---Standard-Edition.toml	Elberfelder German Bible 1905	Deutsche Bibel, Elberfelder	German	Deutsch	4487693
Holy-Bible---German---German-Katholiche-Riessler---Standard-Edition.toml	Catholic Bible, Paul Riessler	Katholische Bibel, Paul Riessler	German	Deutsch	4195421
Holy-Bible---German---German-Kautzsch-Weizsacker---Standard-Edition.toml	Kautzsch Weizsäcker German Bible	Deutsche Bibel, Kautzsch und Weizsäcker	German	Deutsch	4478261
Holy-Bible---German---German-Luther-Bible-1545---Standard-Edition.toml	Luther German Bible 1545	Deutsche Bibel, Luther	German	Deutsch	4144162
Holy-Bible---German---German-Luther-Bible-1912---Standard-Edition.toml	Luther German Bible 1912	Deutsche Bibel, Luther	German	Deutsch	4248193
Holy-Bible---German---German-Menge---Standard-Edition.toml	Menge German Bible	Deutsche Bibel	German	Deutsch	4890727
Holy-Bible---German---German-Reinhardt-Bible---Standard-Edition.toml	The Gospels by Ludwig Reinhardt	Die Evangelien, Reinhardt	German	Deutsch	478192
Holy-Bible---German---German-Schlachter---Standard-Edition.toml	Schlachter German Bible	Deutsche Bibel	German	Deutsch	4390281
Holy-Bible---German---German-Tafel-Bible---Standard-Edition.toml	Tafel German Bible	Deutsche Bibel, Tafel	German	Deutsch	3743322
Holy-Bible---German---Open-Bible---Standard-Edition.toml	Open Bible, Study Version	Offene Bibel, Studienfassung	German	Deutsch	1302811
Holy-Bible---German---Zurich-Bible---Standard-Edition.toml	German Zurich Bible	Deutsche Zürcher Bibel	German	Deutsch	4369725
Holy-Bible---Ghanongga---Kubokota-Adapt-Bible---Standard-Edition.toml	Ghanongga Kubokota Adapt Bible	Ghanongga Kubokota Adapt Bible	Ghanongga	Ghanongga	1477871
Holy-Bible---Gikuyu---Kikuyu---Standard-Edition.toml	Kikuyu Bible	Kiugo Gĩtheru Kĩa Ngai Kĩhingũre	Gikuyu	Kikuyu	5073303
Holy-Bible---Glavda---Glavda-Bible---Standard-Edition.toml	Glavda Bible	Glavda Bible	Glavda	Galavda	655961
Holy-Bible---Gofa---Gofa-Bible---Standard-Edition.toml	Gofa New Testament	Gofa New Testament	Gofa	Goofa	975510
Holy-Bible---Gofa---Gofa-Bible-Ethiopian---Standard-Edition.toml	Gofa Bible (Ethiopic)	ጌሻ ማፃፋ	Gofa	Goofa	5361899
Holy-Bible---Gofa---Gofa-Bible-Latin---Standard-Edition.toml	Gofa Bible (Latin)	Gofa Bible (Latin)	Gofa	Goofa	3749388
Holy-Bible---Gourma---Gourma-Bible---Standard-Edition.toml	Gourma Bible	Bible Gourma du Burkina Faso	Gourma	Gourmanchéma	1027173
Holy-Bible---Gourmantche---Gourmantche-Bible---Standard-Edition.toml	Gourmantche Bible	Bible Gourmantche du Togo	Gourmantche	Gourmanchéma	969890
Holy-Bible---Gowlan---Gowlan-Bible---Standard-Edition.toml	Gowlan Bible	परमेश्वर को पवित्र वचन	Gowlan	Gowlan	2267389
Holy-Bible---Gowli---Gawli-Bible---Standard-Edition.toml	Gawli Bible	ದೆವಾಚಿ ಖರಿ ಕಬರ್	Gowli	Gowli	2698139
Holy-Bible---Greek---Greek-Antoniades---Standard-Edition.toml	Antoniades Patriarchal Edition	H Καινή Διαθήκη	Greek, Koine	Ελληνική	1566997
Holy-Bible---Greek---Greek-Byzantine---Standard-Edition.toml	Greek NT Byzantine	H Καινή Διαθήκη	Greek, Koine	Ελληνική	1724135
Holy-Bible---Greek---Greek-Byzantine-Majority---Standard-Edition.toml	Greek NT Byzantine / Majority Text	H Καινή Διαθήκη	Greek, Byzantine	Ελληνική	1564124
Holy-Bible---Greek---Greek-LXX-Septuagint---Standard-Edition.toml	Greek Septuagint LXX	H μετάφρασις τῶν Ἑβδομήκοντα	Greek, Koine	Ελληνική	5679234
Holy-Bible---Greek---Greek-Majority-Text---Standard-Edition.toml	Greek Majority Text NT	H Καινή Διαθήκη	Greek, Koine	Ελληνική	1562782
Holy-Bible---Greek---Greek-Modern-Kathareuousa---Standard-Edition.toml	Neophytos Vamvas Modern Greek	H Καινή Διαθήκη, Καθαρεύουσα	Greek, Kathareuousa	Ελληνική	7735321
Holy-Bible---Greek---Greek-Nestle---Standard-Edition.toml	Greek NT Nestle 1904	H Καινή Διαθήκη	Greek, Koine	Ελληνική	1694292
Holy-Bible---Greek---Greek-Pickering-Family-35---Standard-Edition.toml	Greek Pickering Family 35	H Καινή Διαθήκη	Greek, Koine	Ελληνική	1563816
Holy-Bible---Greek---Greek-SBL---Standard-Edition.toml	Greek NT SBL	H Καινή Διαθήκη	Greek, Koine	Ελληνική	1711580
Holy-Bible---Greek---Greek-STEPBible---Standard-Edition.toml	Greek NT STEP Bible	H Καινή Διαθήκη	Greek, Koine	Ελληνική	1849272
Holy-Bible---Greek---Greek-Scrivener---Standard-Edition.toml	Greek NT Scrivener	H Καινή Διαθήκη	Greek, Koine	Ελληνική	1567490
Holy-Bible---Greek---Greek-Statistical-Restoration---Standard-Edition.toml	Greek NT Statistical Restoration	H Καινή Διαθήκη	Greek, Koine	Ελληνική	1710462
Holy-Bible---Greek---Greek-Stephanus---Standard-Edition.toml	Greek NT Stephanus	H Καινή Διαθήκη	Greek, Koine	Ελληνική	1568734
Holy-Bible---Greek---Greek-TR-Stephanus-Scrivener---Standard-Edition.toml	Greek NT Textus Receptus Scrivener	H Καινή Διαθήκη	Greek, Koine	Ελληνική	1568955
Holy-Bible---Greek---Greek-Textus-Receptus---Standard-Edition.toml	Greek NT Textus Receptus	H Καινή Διαθήκη	Greek, Koine	Ελληνική	1575062
Holy-Bible---Greek---Greek-Textus-Receptus-Boyd---Standard-Edition.toml	Greek NT Textus Receptus Boyd	Η Καινή Διαθήκη	Greek, Koine	Ελληνική	1730090
Holy-Bible---Greek---Greek-Textus-Receptus-Elzevir---Standard-Edition.toml	Greek NT Textus Receptus Elzevir	H Καινή Διαθήκη	Greek, Koine	Ελληνική	1569212
Holy-Bible---Greek---Greek-Tischendorf---Standard-Edition.toml	Tischendorf Greek New Testament	H Καινή Διαθήκη	Greek, Koine	Ελληνική	1695871
Holy-Bible---Greek---Greek-Tregelles---Standard-Edition.toml	Greek NT Tregelles	H Καινή Διαθήκη	Greek, Koine	Ελληνική	1706951
Holy-Bible---Greek---Greek-Westcott-Hort---Standard-Edition.toml	Greek NT Westcott / Hort	H Καινή Διαθήκη	Greek, Koine	Ελληνική	1577168
Holy-Bible---Greek---Text-Critical---Standard-Edition.toml	Greek NT Text-Critical	H Καινή Διαθήκη	Greek, Koine	Ελληνική	1721358
Holy-Bible---Guduf-Gava---Guduf-Gava-Bible---Standard-Edition.toml	Guduf-Gava Bible	Gava Bible	Guduf-Gava	Guduf-Gava	254030
Holy-Bible---Gujarati---Gujarati-Bible---Standard-Edition.toml	Gujarati Bible	ગુજરાતી બાઇબલ	Gujarati	ગુજરાતી	9763154
Holy-Bible---Gujii---Guji-Oromo-Bible---Standard-Edition.toml	Guji Oromo Bible	Kitaaba Woyyuu	Gujii Oromo	Gujii Oromo	4602454
Holy-Bible---Haitian---Haitian-Creole-Bible---Standard-Edition.toml	Haitian Creole Bible	Kreyòl Ayisyen Bible	Haitian Creole	Kreyòl Ayisyen	4495029
Holy-Bible---Haitian---Haitian-Creole-Smith---Standard-Edition.toml	Smith Haitian Creole Bible	Bib Sen An	Haitian Creole	Kreyòl Ayisyen	4066351
Holy-Bible---Halbi---Halbi-Bible---Standard-Edition.toml	Halbi Bible	परमेस्वर को सच्चो वचन ख जाननू	Halbi	हलबी	2273781
Holy-Bible---Haryanvi---Haryanvi-Bible---Standard-Edition.toml	Haryanvi Bible	हरियाणवी बाइबिल	Haryanvi	हरियाणवी‎	2644502
Holy-Bible---Hausa---Contemporary---Standard-Edition.toml	Hausa Contemporary Bible	Littafi Mai Tsarki, Don Kowa	Hausa	Hausa	4089906
Holy-Bible---Hausa---Hausa-Bible---Standard-Edition.toml	Hausa New Testament	Littafi Mai Tsarki	Hausa	Hausa	968262
Holy-Bible---Havu---Havu-Bible---Standard-Edition.toml	Havu Bible	Kihavu Bible	Havu	Kihavu	302502
Holy-Bible---Hawaiian---Hawaiian-Bible-1868---Standard-Edition.toml	Hawaiian Bible 1868	Baibala Hemolele	Hawaiian	Ōlelo Hawai'i	4596484
Holy-Bible---Hebrew---Hebrew-Aleppo-Codex---Standard-Edition.toml	Hebrew Aleppo Codex	כתבי הקודש	Hebrew	עברית	2837555
Holy-Bible---Hebrew---Hebrew-Aleppo-Miqra-Mesorah---Standard-Edition.toml	Miqra `al pi ha-Mesorah	מקרא על פי המסורה	Hebrew	עברית	5021531
Holy-Bible---Hebrew---Hebrew-Masoretic-OT---Standard-Edition.toml	Hebrew Masoretic Old Testament	כתבי הקודש	Hebrew	עברית	5533431
Holy-Bible---Hebrew---Hebrew-STEPBible---Standard-Edition.toml	Hebrew STEP Old Testament	כתבי הקודש	Hebrew	עברית	5507174
Holy-Bible---Hebrew---Hebrew-Westminster-Leningrad---Standard-Edition.toml	Westminster Leningrad Codex OT	כתבי הקודש	Hebrew	עברית	5491832
Holy-Bible---Hebrew---Hebrew-Westminster-Leningrad-Kimball---Standard-Edition.toml	Westminster Leningrad Cdx Kimball	כתבי הקודש	Hebrew	עברית	5012505
Holy-Bible---Hebrew---Living-Bible---Standard-Edition.toml	Hebrew Living New Testament	הברית החדשה/הדרך זכויות פתוחות	Hebrew	עברית	1325366
Holy-Bible---Hebrew---Modern-Hebrew-Bible---Standard-Edition.toml	Modern Hebrew Bible	תנ ך עברי מודרני	Hebrew	עברית	3887053
Holy-Bible---Hebrew---Salkinson-Hebrew-Bible---Standard-Edition.toml	Salkinson Hebrew Bible	הברית החדשה של סלקינסון	Hebrew	עברית	1802018
Holy-Bible---Hebrew---Westminster-Leningrad-Philadelphia---Standard-Edition.toml	Westminster Leningrad Cdx Phila	כתבי הקודש	Hebrew	עברית	5491092
Holy-Bible---Hindi---Contemporary---Standard-Edition.toml	Hindi Contemporary Version Bible	हिंदी समकालीन संस्करण-स्वतंत्र उपलब्धि	Hindi	हिन्दी	10515772
Holy-Bible---Hindi---Hindi-Bible---Standard-Edition.toml	Hindi Bible	पवित्र बाइबिल	Hindi	हिन्दी	9617922
Holy-Bible---Hona---Hwana-Bible---Standard-Edition.toml	Hwana Bible	Hona Bible	Hwana	Hona	1153267
Holy-Bible---Hre---Hre-Bible---Standard-Edition.toml	Hre Bible	Hset Hadròeh	Hre	Hset	1113071
Holy-Bible---Hruso---Hrusso-Angka-Bible---Standard-Edition.toml	Hruso Bible	Aka Bible	Hruso	Aka	143388
Holy-Bible---Hungarian---Hungarian-Jewish-Bible---Standard-Edition.toml	The Israeli-Hungarian Bible	Az Izraelita-Magyar Biblia	Hungarian	Magyar Nyelv	3151770
Holy-Bible---Hungarian---Hungarian-Karoli---Standard-Edition.toml	Revised Hungarian Bible 1908	Revideált Károli Biblia 1908	Hungarian	Magyar Nyelv	4339506
Holy-Bible---Hungarian---Magyar-Bible---Standard-Edition.toml	Hungarian Open New Testament	Nyitott Újszövetség	Hungarian	Magyar Nyelv	1023520
Holy-Bible---Icelandic---Open-Living-Word---Standard-Edition.toml	Icelandic Open Living Word	Opna Lifandi Orð	Icelandic	Íslenska	1418969
Holy-Bible---Igbo---Igbo-Bible---Standard-Edition.toml	The Igbo Holy Bible for Everyone	Baịbụlụ Nsọ n’Igbo Ndị Ugbu	Igbo	Igbo	5198064
Holy-Bible---Ikizu---Ikizu-Bible---Standard-Edition.toml	Ikizu Bible	Ʉbhʉragɨ Ubhuhya Mʉkɨgambʉ chi Ikikiizʉ	Ikizu	Kiikiizo	1349080
Holy-Bible---Ilocano---Ilocano-Bible---Standard-Edition.toml	Ilocano Bible	Ti Biblia	Ilocano	Ilocano	4970245
Holy-Bible---Ilonggo---Hiligaynon-Free-Bible---Standard-Edition.toml	Ilonggo Free Bible	Libre Ang Pulong Sang Dios	Ilonggo	Binisayâ	4902926
Holy-Bible---Indonesian---Bahasa-Indonesia-Sehari-hari---Standard-Edition.toml	Everyday Indonesian Bible	Bahasa Indonesia Sehari-hari	Indonesian	Bahasa Indonesia	4585210
Holy-Bible---Indonesian---For-All---Standard-Edition.toml	Indonesian Bible for All	Alkitab Gratis untuk Semua	Indonesian	Bahasa Indonesia	1251187
Holy-Bible---Indonesian---New-Indonesian-Translation---Standard-Edition.toml	Indonesian New Translation	Terjemahan Baru	Indonesian	Bahasa Indonesia	4836133
Holy-Bible---Indonesian---Simple---Standard-Edition.toml	Simple Indonesian Bible, 3rd Edition	Alkitab Sederhana Indonesia	Indonesian	Bahasa Indonesia	3797231
Holy-Bible---Irish---Odomhnuill-Modern---Standard-Edition.toml	Irish O'Domhnuill Modernized	Irish O'Domhnuill Modernized	Irish	Irish	163379
Holy-Bible---Isanzu---Isanzu-Bible---Standard-Edition.toml	Isanzu Bible	Kiisanzu Bible	Isanzu	Kiisanzu	1011454
Holy-Bible---Italian---Conferenza-Episcopale-Italiana---Standard-Edition.toml	Italian Catholic Church Bible	Conferenza Episcopale Italiana	Italian	Italiano	4057473
Holy-Bible---Italian---Italian-Giovanni-Diodati-Bible---Standard-Edition.toml	Diodati Italian Bible 1649	Diodati Italiano Bibbia	Italian	Italiano	4474441
Holy-Bible---Italian---Italian-Riveduta-Bible---Standard-Edition.toml	Riveduta Italian Bible 1927	Riveduta Italiano Bibbia	Italian	Italiano	4340446
Holy-Bible---Janji---Janji-Bible---Standard-Edition.toml	Janji Bible	Janji Bible	Janji	Ajanji	927476
Holy-Bible---Japanese---Japanese-Bungo-yaku---Standard-Edition.toml	Japanese Bungo-yaku / Taisho-kaiyaku	大正改訳「新約聖書」	Japanese	日本語	4427336
Holy-Bible---Japanese---Japanese-Electronic-Network-Bible---Standard-Edition.toml	Japanese Electronic Network Bible	日本の電子ネットワーク聖書	Japanese	日本語	963483
Holy-Bible---Japanese---Japanese-Kougo-yaku---Standard-Edition.toml	Japanese Kougo-yaku, Colloquial	口語訳「聖書」	Japanese	日本語	5456993
Holy-Bible---Japanese---Japanese-Meiji-yaku---Standard-Edition.toml	Japanese Meiji-yaku 1953	明治元訳「舊約聖書」	Japanese	日本語	1484732
Holy-Bible---Japanese---Japanese-Raguet-yaku---Standard-Edition.toml	Japanese Raguet-yaku 1910	ラゲ訳「我主イエズスキリストの新約聖書」	Japanese	日本語	1085640
Holy-Bible---Japanese---New-Japanese-New-Testament---Standard-Edition.toml	Japanese New Testament 1965	新改訳新約聖書	Japanese	日本語	1423675
Holy-Bible---Jumjum---Jumjum-Bible---Standard-Edition.toml	Jumjum Bible	Meeŋka Jooŋ	Jumjum	Jumjum	379402
Holy-Bible---Juray---Juray-Bible---Standard-Edition.toml	Juray Bible	ଆଜାଡ଼ି ତଙରନ୍‌	Juray	Juray	3573387
Holy-Bible---Kamano---Kamano-Kafe---Standard-Edition.toml	Kamano-Kafe Bible	Anumzamofo Ruotage Avontafere	Kamano	Kamano-Kafe	5529150
Holy-Bible---Kannada---Indian-Revised-Version---Standard-Edition.toml	Kannada Indian Revised Version	ಇಂಡಿಯನ್ ರಿವೈಜ್ಡ್ ವರ್ಸನ್	Kannada	ಕನ್ನಡ	10650786
Holy-Bible---Kannada---Open-Contemporary---Standard-Edition.toml	Kanada Open Contemporary Bible	ಉಚಿತ ಕನ್ನಡ ಸಮಕಾಲಿಕ ಭಾಷಾಂತರ	Kannada	ಕನ್ನಡ	10777402
Holy-Bible---Kannada---Siddi-Bible---Standard-Edition.toml	Siddi Bible	ದೆವಾಚಿ ಖರಿ ಖಬರ್	Kannada	ಕನ್ನಡ	3204325
Holy-Bible---Kapin---Kapin-Bible---Standard-Edition.toml	Kapin Bible	Kapin Bible	Kapin	Kapin	766473
Holy-Bible---Kara---Kara-Bible---Standard-Edition.toml	Kara Bible	Kikara Bible	Kara	Kikara	1071141
Holy-Bible---Kiche---Totonicapan---Standard-Edition.toml	K’iche’ of Totonicapan NT	Ri Kꞌakꞌ Testamento Pa Tzijobꞌal Kꞌicheꞌ	K'iche'	Qach’abel	1305863
Holy-Bible---Kinga---Mahanji-Bible---Standard-Edition.toml	Kinga Bible	Mahanji Bible	Kinga	Mahanji	1038351
Holy-Bible---Kisi---Kisi-Bible---Standard-Edition.toml	Kisi Bible	Kese Bible	Kisi	Kese	1098710
Holy-Bible---Kituba---Kituba-Bible---Standard-Edition.toml	Kituba Bible	Mambu ya Nzambi	Kituba	Monokutuba	5212314
Holy-Bible---Kizalamo---Zaramo-Kizalamo-Bible---Standard-Edition.toml	Kizalamo Bible	Bibilia ya Kizalamo	Kizalamo	Zaramo	1456452
Holy-Bible---Koda---Koda-Bible---Standard-Edition.toml	Koda Bible	কড়া অনুবাদ	Koda	কোডা	1445227
Holy-Bible---Kolami-Southeastern---Kolami-Bible---Standard-Edition.toml	Southeastern Kolami Bible	కొత్త కరార్	Kolami, Southeastern	కొలామి	2627634
Holy-Bible---Konda-Dora---Konda-Porja-Bible---Standard-Edition.toml	Konda-Dhora Bible	ମାପୁରୁଦି ସତ୍‌ ବାକ୍ୟ	Konda-Dhora	କୋଣ୍ଡା	3255314
Holy-Bible---Korean---Korean-1910---Standard-Edition.toml	Korean 1910 Bible	개역성경	Korean	한국어	4586274
Holy-Bible---Korean---Korean-RV---Standard-Edition.toml	Korean Revised Version	개역성경	Korean	한국어	4632787
Holy-Bible---Korean---Korean-Revised-Version---Standard-Edition.toml	Korean Revised Bible	개역성경	Korean	한국어	4587808
Holy-Bible---Kosraean---Kosraean-Bible---Standard-Edition.toml	Kosraean Bible	Baibel Mutal ke Kas Kusaie	Kosraean	Kusaiean	4217635
Holy-Bible---Koya---Koya-Bible---Standard-Edition.toml	Koya Bible	ପୁନାଦ୍ ଆର୍ର୍	Koya	କୋୟା	3321993
Holy-Bible---Kuhane---Kuhane-Bible---Standard-Edition.toml	Kuhane Bible	Chikuahane Bible	Kuhane	Chikuahane	987127
Holy-Bible---Kurama---Kurama-Akurumi-Bible---Standard-Edition.toml	Kurama Akurumi Bible	T'kurmi Bible	Kurama	T'kurmi	109306
Holy-Bible---Kurdish---Sorani-Bible---Standard-Edition.toml	Kurdish Sorani Bible	وەشانی بێبەرامبەری کوردیی سۆرانیی ستاندەر	Kurdish, Central	كوردی سۆرانی	6454679
Holy-Bible---Kutu---Kutu-Bible---Standard-Edition.toml	Kutu Bible	Lagano da Sambi kwa Wanhu Wose	Kutu	Kutu	1036998
Holy-Bible---Kuturmi---Kuturmi-Bible---Standard-Edition.toml	Kuturmi Bible	Ibiro-Ikryo Bible	Kuturmi	Ibiro-Ikryo	149404
Holy-Bible---Kuvi---Kuvi-Bible---Standard-Edition.toml	New Testament in Kuvi	ପୁଃନି ମେ଼ରା	Kuvi	କୁଭି, କୁୱି	2923390
Holy-Bible---Latin---Clementine-Vulgate-1598---Standard-Edition.toml	Clementine Vulgate 1598	Bibbia Vulgata Clementina	Latin	Latine	3694791
Holy-Bible---Latin---Clementine-Vulgate-Conte---Standard-Edition.toml	Clementine Vulgate, Conte	Bibbia Vulgata Clementina	Latin	Latine	3692705
Holy-Bible---Latin---Clementine-Vulgate-Hetzenauer---Standard-Edition.toml	Clementine Vulgate, Hetzenauer	Bibbia Vulgata Clementina	Latin	Latine	3692474
Holy-Bible---Latin---Clementine-Vulgate-Tweedale---Standard-Edition.toml	Clementine Vulgate, Tweedale	Bibbia Vulgata Clementina	Latin	Latine	3692087
Holy-Bible---Latin---Vulgata-Sistina---Standard-Edition.toml	Sistina Vulgate Bible	Bibbia Vulgata Sistina	Latin	Latine	3696492
Holy-Bible---Latin---Vulgate-Jerome---Standard-Edition.toml	Jerome Vulgate Bible	Bibbia Vulgata Jerome	Latin	Latine	3550123
Holy-Bible---Latvian---Latvian-Gluck-Bible---Standard-Edition.toml	Latvian Glück Bible 8th edition	Latviešu Glück Bībele	Latvian	Latviešu	4121245
Holy-Bible---Lingala---Lingala-Bible---Standard-Edition.toml	Lingala Bible	Mokanda na Bomoi	Lingala	Lingála	4712602
Holy-Bible---Lithuanian---Believers-Heritage---Standard-Edition.toml	Lithuanian Believers Heritage	Tikinčiųjų Paveldo Vertimas	Lithuanian	Lietuvių	313152
Holy-Bible---Lithuanian---Open-Lithuanian-Bible---Standard-Edition.toml	Open Lithuanian Scriptures	Naudojimo Teisės Atviros	Lithuanian	Lietuvių	267638
Holy-Bible---Lodhi---Lodhi-Bible---Standard-Edition.toml	Lodhi New Testament	परमेश्वर को सच्चो वचन	Lodhi	लोधी	4493484
Holy-Bible---Luganda---Luganda-Bible---Standard-Edition.toml	Luganda Bible	Bayibuli Entukuvu	Luganda	Luganda	4406370
Holy-Bible---Lungga---Lungga-Bible---Standard-Edition.toml	Lungga Bible	Luqa Bible	Lungga	Luqa	1729198
Holy-Bible---Luyana---Luyana-Bible---Standard-Edition.toml	Luyana Bible	Luyi Bible	Luyana	Luyi	1059209
Holy-Bible---Mahasu-Pahari---Baghlayani-Bible---Standard-Edition.toml	Mahasu Pahari Baghlayani Bible	बघल्याणी नवां विधान	Mahasu Pahari	बघल्याणी	2499135
Holy-Bible---Makhuwa-Meetto---Makua-Bible---Standard-Edition.toml	Makhuwa-Meetto Bible	Makua Bible	Makhuwa-Meetto	Makua	1168836
Holy-Bible---Malagasy---Malagasy-Bible---Standard-Edition.toml	Malagasy Bible 1865	Soratra Masina	Malagasy	Malagasy	4734322
Holy-Bible---Malagasy---Tandroy-Mahafaly-Bible---Standard-Edition.toml	Malagasy Tandroy-Mahafaly Bible	Saontsin’ Añahare, Madagascar	Malagasy, Tandroy-Mahafaly	Tandroy	4271073
Holy-Bible---Malayalam---1910-Contemporary---Standard-Edition.toml	Malayalam Bible 1910 Modern	മലയാളം ബൈബിള്‍ 1910 Modern	Malayalam	മലയാളം	11091917
Holy-Bible---Malayalam---Contemporary---Standard-Edition.toml	Malayalam Contemporary Bible	സമകാലിക മലയാളവിവർത്തനം	Malayalam	മലയാളം	12236370
Holy-Bible---Malayalam---Malayalam-Bible---Standard-Edition.toml	Malayalam Indian Revised Bible	മലയാളം ബൈബിള്‍	Malayalam	മലയാളം	11383716
Holy-Bible---Malayalam---Malayalam-Bible-1910---Standard-Edition.toml	Malayalam Bible 1910	മലയാളം ബൈബിള്‍ 1910	Malayalam	മലയാളം	11081438
Holy-Bible---Male---Maale-Bible---Standard-Edition.toml	Maale Bible (Ethiopic)	ጌኤዦ ማፃኣፖ	Male	Maale	6725347
Holy-Bible---Manipuri---Meitei-Bible---Standard-Edition.toml	Manipuri Bible	Meitei Bible	Manipuri	Meitei	1279530
Holy-Bible---Maori---Maori-Bible---Standard-Edition.toml	Maori Bible	Te Paipera Tapu	Māori	Māori	4603959
Holy-Bible---Marathi---Marathi-Bible---Standard-Edition.toml	Marathi Indian Revised Bible	राठी बायबल	Marathi	मराठी	10575915
Holy-Bible---Marathi---Marathi-Indian-Bible---Standard-Edition.toml	Marathi Contemporary Bible	मराठी समकालीन स्वतंत्र संस्करण	Marathi	मराठी	10618242
Holy-Bible---Marghi-South---Marghi-South-Bible---Standard-Edition.toml	Marghi South Bible	Ndǝshiguˈyar Foɗǝu Ənga Thlǝr Camaˈyar	Marghi South	Marghi South	914003
Holy-Bible---Matengo---Amatengu-Bible---Standard-Edition.toml	Matengo Bible	Amatengu Bible	Matengo	Matengo	1094894
Holy-Bible---Matumbi---Matumbi-Bible---Standard-Edition.toml	Matumbi Kimatuumbi Bible	Injili ya Yesu	Matumbi	Kimatuumbi	730228
Holy-Bible---Mbe---Mbe-Bible---Standard-Edition.toml	Mbe Bible	M̀bè Mbembe Okohm	Mbe	M̀bè	1539441
Holy-Bible---Mbula-Bwazza---Mbula-Bwazza-Bible---Standard-Edition.toml	Mbula-Bwazza Bible	Ɓwázà Bible	Mbula-Bwazza	Ɓwázà	2920737
Holy-Bible---Melo---Melo-Bible---Standard-Edition.toml	Melo Ethiopic Bible	ኦሮꬅ ጫቆ	Melo	Malo	1328353
Holy-Bible---Mori-Atas---Mori-Atas-Bible---Standard-Edition.toml	Mori Atas Bible	Alkitab Tambee	Mori Atas	Upper Mori	184111
Holy-Bible---Mpoto---Mpoto-Bible---Standard-Edition.toml	Mpoto Bible	Chimpoto	Mpoto	Mpoto	1228601
Holy-Bible---Mum---Mum-Bible---Standard-Edition.toml	Mum Bible	Kuyu Avi Matyu Yɨhimbɨvɨrami	Mum	Katiati	229243
Holy-Bible---Munda---Munda-Bible---Standard-Edition.toml	Munda New Testament	ପାର୍‌ମେଶ୍ୱାର୍‌ଆଃ ଜୀନିଦ୍‌ ବାଚାନ୍‌	Munda	ମୁଣ୍ଡାରୀ	3346392
Holy-Bible---Mwaghavul---Mwaghavul-Bible---Standard-Edition.toml	Mwaghavul Sura Bible	Manji Yiljep	Mwaghavul	Sura	673402
Holy-Bible---Mwera---Mwera-Bible---Standard-Edition.toml	Mwera Bible	Malagano ga Ambi	Mwera	Mwera	1171878
Holy-Bible---Myanmar---Burmese-Common-Bible---Standard-Edition.toml	Burmese Common Language Bible	ခေတ်သုံးမြန်မာသမ္မာကျမ်း	Myanmar Burmese	မြန်မာဘာသာ	17014003
Holy-Bible---Myanmar---Burmese-Judson---Standard-Edition.toml	Myanmar Burmese Judson Text	မြန်မာယုဒသန်သမ္မာကျမ်း	Myanmar Burmese	မြန်မာဘာသာ	12203909
Holy-Bible---Myanmar---Myanmar-Burmese-Judson---Standard-Edition.toml	Myanmar Burmese Judson Bible	မြန်မာယုဒသန်သမ္မာကျမ်း	Myanmar Burmese	မြန်မာဘာသာ	11830426
Holy-Bible---Naga-Pidgin---Nagamese-Bible---Standard-Edition.toml	Nagamese Bible	Indian Standard Version Nagamese	Naga, Pidgin	Nagamiz	1168302
Holy-Bible---Naga-Tutsa---Tutsa-Naga-Bible---Standard-Edition.toml	Tutsa Naga Bible	Esa Leedap Ena Banlam	Naga, Tutsa	Totcha	1209214
Holy-Bible---Ncane---Ncane-Bible---Standard-Edition.toml	Ncane Bible	Nchane Bible	Ncane	Nchane	1368767
Holy-Bible---Ndebele---Accessible-Bible---Standard-Edition.toml	Ndebele Accessible Bible	Ibhayibhili Elifinyelelekayo	Ndebele	Ndebele	4137357
Holy-Bible---Ndebele---Ndebele-Bible---Standard-Edition.toml	Ndebele Bible	Ndebele Bible	Ndebele	Ndebele	3998378
Holy-Bible---Ndendeule---Ndendeule-Bible---Standard-Edition.toml	Ndendeule Bible	Ndendeule Bible	Ndendeule	Ndendeule	1216033
Holy-Bible---Ndengereko---Ndengereko-Bible---Standard-Edition.toml	Ndengereko Bible	Kindengereko Bible	Ndengereko	Kindengereko	971398
Holy-Bible---Ndonde-Hamba---Ndonde-Hamba-Bible---Standard-Edition.toml	Ndonde Hamba Bible	Ndondehamba	Ndonde Hamba	Ndondehamba	167209
Holy-Bible---Ndwewe---Ndwewe-Bible---Standard-Edition.toml	Ndwewe Bible	Ruvuma Bible	Ndwewe	Ndwewe	1247698
Holy-Bible---Nend---Mark---Standard-Edition.toml	Mark in Nend	MAK Yakŋ Ohɨrand Ya Imbɨr Makɨv Mpamar	Nend	Nend	143936
Holy-Bible---Nepali---Nepali-Bible---Standard-Edition.toml	Nepali Bible	पवित्र बाइबल	Nepali	नेपाली	10762654
Holy-Bible---Nepali---Nepali-Contemporary---Standard-Edition.toml	Nepali Contemporary Bible	नेपाली समकालीन सर्वसुलभ संस्करण	Nepali	नेपाली	10707778
Holy-Bible---Ngoni---Ngoni-Bible---Standard-Edition.toml	Ngoni New Testament	Ngoni New Testament	Ngoni	Chingoni	1108164
Holy-Bible---Nkangala---Nkangala-Bible---Standard-Edition.toml	Nkangala Bible	Nkangala Bible	Nkangala	Nkangala	944708
Holy-Bible---Norwegian---Living-Bible---Standard-Edition.toml	Norwegian Living New Testament	Open En Levende Bok	Norwegian Bokmal	Norsk Bokmål	1172256
Holy-Bible---Norwegian---Norwegian-Bible---Standard-Edition.toml	Norwegian Bible	Norsk Bibel	Norwegian Bokmal	Norsk Bokmål	3930850
Holy-Bible---Norwegian---Norwegian-Student-Bible---Standard-Edition.toml	Norwegian Student Bible	Fyre Car, Studentmållagsbibelen	Norwegian Nynorsk	Norsk Nynorsk	3945886
Holy-Bible---Oriya---Oriya-Bible---Standard-Edition.toml	Oriya Bible	ଓଡିଆ ବାଇବେଲ	Oriya	ଓଡ଼ିଆ	10874856
Holy-Bible---Oromo---New-World---Standard-Edition.toml	New Oromo Contemporary Version	Hiikkaa Ammayyaa Banamaa Haaraa	Oromo, West Central	Afaan Oromoo	4553217
Holy-Bible---Oromo---West-Central-Oromo-Bible---Standard-Edition.toml	West Central Oromo Bible	ሂካ አመያ በነማ ሃራ, ሎቆደ ዽኣ	Oromo, West Central	Afaan Oromoo	5824330
Holy-Bible---Oyda---Oyda-Bible-Latin---Standard-Edition.toml	Oyda Bible (Latin)	Kille Caaqo	Oyda	Oyda	969433
Holy-Bible---Oyda---Oyde-Bible-Ethiopic---Standard-Edition.toml	Oyda Bible (Ethiopic)	ክለ ጫቆ	Oyda	Oyda	1323933
Holy-Bible---Padoe---Padoe-Bible---Standard-Edition.toml	Padoe Bible	Akitab Padoe	Padoe	Padoe	170150
Holy-Bible---Palaung-Shwe---Shwe-Palaung-Bible---Standard-Edition.toml	Shwe Palaung Bible	ပလောင်ဘာသာ	Palaung, Shwe	ပလောင်ဘာသာ	260691
Holy-Bible---Panjabi---Punjabi-Bible---Standard-Edition.toml	Punjabi Bible	ਪੰਜਾਬੀ ਬਾਈਬਲ	Panjabi, Eastern	ਪੰਜਾਬੀ	9934391
Holy-Bible---Pengo---Pengo-Bible---Standard-Edition.toml	Pengo Bible	ସତ୍‌ ବଚନ୍‌	Pengo	Pengu	3073349
Holy-Bible---Persian---Old-Persion-Version-Bible---Standard-Edition.toml	Old Persion Version Bible	ترجمه قدیم	Persian	فارسی	5847825
Holy-Bible---Persian---Open-Contemporary---Standard-Edition.toml	Open Persian Contemporary Bible	فارسی	Persian	فارسی	6337478
Holy-Bible---Pogolo---Pogoro-Bible---Standard-Edition.toml	Pogoro New Testament	Lipatanu Lya Syayi, Wantu Woseri	Pogolo	Pogolo	1139766
Holy-Bible---Pohnpeian---Pohnpeian-NT-Psalms-New-Alphabet---Standard-Edition.toml	Pohnpeian NT, Psalms: New Alpha	Kadede Kap Psam Akan	Pohnpeian	Pohnpeian	1106274
Holy-Bible---Pohnpeian---Pohnpeian-NT-Psalms-Old-Alphabet---Standard-Edition.toml	Pohnpeian NT, Psalms: Old Alpha	Kadede Kap Pjam Akan	Pohnpeian	Pohnpeian	1083056
Holy-Bible---Polci---Polci-Bible---Standard-Edition.toml	Polci Bible	Zul Pəlci Bible	Polci	Pəlci	851789
Holy-Bible---Polish---Open-Access-Word-of-Life---Standard-Edition.toml	Polish Open Access Word of Life	Słowo Życia, Otwarty Dostęp	Polish	Polskie	1033663
Holy-Bible---Polish---Polish-Gdansk---Standard-Edition.toml	Polish Gdansk Bible 1881	Święta Biblia	Polish	Polskie	4161144
Holy-Bible---Polish---Polish-Updated-Gdansk---Standard-Edition.toml	Polish Updated Gdansk Bible	Święta Biblia	Polish	Polskie	4074440
Holy-Bible---Portuguese---Almeida-Bible-1911---Standard-Edition.toml	Portuguese Bible 1911	Ferreira de Almeida Bíblia	Portuguese	Língua Portuguesa	4093163
Holy-Bible---Portuguese---Almeida-NewOrthography---Standard-Edition.toml	Portuguese Bible 1911, New Spelling	Almeida Bíblia, Ortografia Nova	Portuguese	Língua Portuguesa	4079859
Holy-Bible---Portuguese---Biblia-Livre---Standard-Edition.toml	Free Portuguese Bible	Bíblia Livre Portuguesa	Portuguese	Língua Portuguesa	4051166
Holy-Bible---Portuguese---Free-for-All---Standard-Edition.toml	Portuguese Free Bible for All	Biblia Livre Para Todos	Portuguese	Língua Portuguesa	1120819
Holy-Bible---Portuguese---New-Open-Access---Standard-Edition.toml	New Open Access Bible	Bíblia Nova Versão de Acesso Livre	Portuguese	Língua Portuguesa	4223797
Holy-Bible---Portuguese---Open-New-Bible---Standard-Edition.toml	Portuguese Open New Living Bible	Open Nova Bíblia Viva	Portuguese	Língua Portuguesa	4596903
Holy-Bible---Portuguese---Portuguese-Trans-Trans---Standard-Edition.toml	Portuguese Bible for Translators	Tradução para Tradutores	Portuguese	Língua Portuguesa	1818247
Holy-Bible---Portuguese---World-Portuguese-Bible---Standard-Edition.toml	World Portuguese Bible	Bíblia Portuguesa Mundial	Portuguese	Língua Portuguesa	4206255
Holy-Bible---Potawatomi---Potawatomi-Bible---Standard-Edition.toml	Potawatomi Bible	Potawatomi Bible	Potawami	Potawami	275877
Holy-Bible---Powari---Powari-Bible---Standard-Edition.toml	Powari Bible	सत मारग पर चलन वारो किताब	Powari	Powari	1625270
Holy-Bible---Rakhine---Rakhine-Bible---Standard-Edition.toml	Rakhine Bible	ဓမ္မသစ်ကျမ်း ရခိုင်ဘာသာစကား	Rakhine	ရခိုင်ဘာသာ	3552988
Holy-Bible---Rangi---Rangi-Bible---Standard-Edition.toml	Rangi Bible	Kɨlaangi	Rangi	Kɨlaangi	1336446
Holy-Bible---Reli---Reli-Bible---Standard-Edition.toml	Reli Bible	సొత్తొ పురువురొ పవిత్రొ కొత	Reli	Reli	1209756
Holy-Bible---Rohingya---Kitabul-Mukaddos-Bible---Standard-Edition.toml	Rohingya Kitabul Mukaddos	Ruáingga Injil Córif	Rohingya	Ruáingga	1240350
Holy-Bible---Rohingya---Rohingya-Bible---Standard-Edition.toml	Rohingya Bible	Ruáingga Bible	Rohingya	Ruáingga	772608
Holy-Bible---Romani---Balkans-Arli-Bible---Standard-Edition.toml	Romani Balkans Arli Bible	Balkaniko Romanes Arli Bible	Romani, Balkan	Balkaniko Romanes	1036971
Holy-Bible---Romani---Eastern-Vlakh---Standard-Edition.toml	Eastern Vlakh Romani	Библия пэ влахицко романи шыб	Romani Vlax, Eastern	Eastern Romani	811410
Holy-Bible---Romani-Vlax---Arli-Luke---Standard-Edition.toml	Arli Luke	Arli Luka	Romani Vlax, Arli	Arli Romani	148430
Holy-Bible---Romani-Vlax---Chergash-Luke---Standard-Edition.toml	Chergash Bible	Romani Čergarsko čhib Srbija	Romani Vlax, Chergash	Chergash Romani	1065533
Holy-Bible---Romani-Vlax---Gurbet-Luke---Standard-Edition.toml	Gurbet Bible	Gurbetsko dijalekt Srbija	Romani Vlax, Gurbet	Gurbet Romani	1033669
Holy-Bible---Romani-Vlax---Lovaric-Bible---Standard-Edition.toml	Romani Lovari Bible	Библия пэ ловарицко романы щиб	Romani Vlax, Lovari	Lovari Romani	349249
Holy-Bible---Romani-Vlax---Servi-Bible---Standard-Edition.toml	Servi Romani Bible	Библия пы сэрвицко ромско чиб	Romani Vlax, Servi	Servi Romani	802619
Holy-Bible---Romanian---BTF-Bible---Standard-Edition.toml	Romanian Faithful Translation	Biblia Traducerea Fidela	Romanian	Română	4449548
Holy-Bible---Romanian---Bayash-Luke---Standard-Edition.toml	Bayash Luke	Luka	Romanian	Bayash	159401
Holy-Bible---Romanian---Cyrillic---Standard-Edition.toml	Romanian Bible (Cyrillic)	Библия Думитру Корнилеску 1924	Romanian	Română	7029270
Holy-Bible---Romanian---Free-Bible---Standard-Edition.toml	Romanian Free Holy Bible	Liber Sfanta Biblie	Romanian	Română	1033155
Holy-Bible---Romanian---Ludari-Luke---Standard-Edition.toml	Ludari Luke	Ludari Luka	Romanian	Ludari	158789
Holy-Bible---Rote-Dela---Rote-Dela-Bible---Standard-Edition.toml	Rote Dela Bible	Rote Dela Alkitab	Rote Dela	Dela–Oenale	1814665
Holy-Bible---Russian---Russian-Synodal-Translation---Standard-Edition.toml	Russian Synodal Translation	Синодальный перевод	Russian	русский	6228116
Holy-Bible---Saafi-Saafi---Saafi-Saafi-Bible---Standard-Edition.toml	Safene Bible	Saafi-Saafi Bible	Safene	Saafi-Saafi	1390401
Holy-Bible---Safwa---Safwa-Bible---Standard-Edition.toml	Safwa Bible	Biblia Takatifu	Safwa	Kisafwa	934011
Holy-Bible---Sakachep---Sakachep-Bible---Standard-Edition.toml	Sakachep Bible	Pathien Lekhabu Inthieng Chongtung Thar	Sakachep	Sakechep	1138986
Holy-Bible---Sanga---Sanga-Bible---Standard-Edition.toml	Sanga Bible	Isanga Bible	Sanga	Isanga	294955
Holy-Bible---Sankaran-Maninka---Alla-la-Kitabu-Seniman---Standard-Edition.toml	Sankaran Maninka Bible	Alla la Kitabu Seniman	Sankaran Maninka	Sankaran Malinke	1278850
Holy-Bible---Sanskrit---Assamese-Script---Standard-Edition.toml	Sanskrit New Testament, Assamese	অসমীয়া	Sanskrit	অসমীয়া	2355996
Holy-Bible---Sanskrit---Bengali-Script---Standard-Edition.toml	Sanskrit New Testament, Bengali	বাংলা	Sanskrit	বাংলা	2355982
Holy-Bible---Sanskrit---Burmese-Script---Standard-Edition.toml	Sanskrit New Testament, Burmese	မြန်မာဘာသာ	Sanskrit	မြန်မာဘာသာ	2306326
Holy-Bible---Sanskrit---Cologne-Script---Standard-Edition.toml	Sanskrit New Testament, Cologne	satyavEdaH	Sanskrit	satyavEdaH	975635
Holy-Bible---Sanskrit---Devanagari-Script---Standard-Edition.toml	Sanskrit New Testament, Devanagari	देवनागरी	Sanskrit	देवनागरी	2394363
Holy-Bible---Sanskrit---Gujarati-Script---Standard-Edition.toml	Sanskrit New Testament, Gujarati	ગુજરાતી	Sanskrit	ગુજરાતી	2379798
Holy-Bible---Sanskrit---Harvard-Kyoto-Script---Standard-Edition.toml	Sanskrit NT, Harvard-Kyoto	Sanskrit NT, Harvard-Kyoto	Sanskrit	Harvard-Kyoto	973304
Holy-Bible---Sanskrit---IAST-Script---Standard-Edition.toml	Sanskrit New Testament, IAST	Sanskrit New Testament, IAST	Sanskrit	IAST	1177270
Holy-Bible---Sanskrit---ISO-Script---Standard-Edition.toml	Sanskrit New Testament, ISO	Sanskrit New Testament, ISO	Sanskrit	ISO	1210644
Holy-Bible---Sanskrit---ITRANS-Script---Standard-Edition.toml	Sanskrit New Testament, ITRANS	Sanskrit New Testament, ITRANS	Sanskrit	ITRANS	1021372
Holy-Bible---Sanskrit---Kannada-Script---Standard-Edition.toml	Sanskrit New Testament, Kannada	ಕನ್ನಡ	Sanskrit	ಕನ್ನಡ	2379784
Holy-Bible---Sanskrit---Khmer-Script---Standard-Edition.toml	Sanskrit New Testament, Khmer	អក្សរខ្មែរ	Sanskrit	អក្សរខ្មែរ	2394492
Holy-Bible---Sanskrit---Malayalam-Script---Standard-Edition.toml	Sanskrit New Testament, Malayalam	മലയാളം	Sanskrit	മലയാളം	2337207
Holy-Bible---Sanskrit---Oriya-Script---Standard-Edition.toml	Sanskrit New Testament, Oriya	ଓଡ଼ିଆ	Sanskrit	ଓଡ଼ିଆ	2379780
Holy-Bible---Sanskrit---Punjabi-Script---Standard-Edition.toml	Sanskrit New Testament, Punjabi	ਪੰਜਾਬੀ	Sanskrit	ਪੰਜਾਬੀ	2426578
Holy-Bible---Sanskrit---Sinhala-Script---Standard-Edition.toml	Sanskrit New Testament, Sinhala	සිංහල	Sanskrit	සිංහල	2480919
Holy-Bible---Sanskrit---Tamil-Script---Standard-Edition.toml	Sanskrit New Testament, Tamil	தமிழ்	Sanskrit	தமிழ்	2706150
Holy-Bible---Sanskrit---Telugu-Script---Standard-Edition.toml	Sanskrit New Testament, Telugu	తెలుగు	Sanskrit	తెలుగు	2379759
Holy-Bible---Sanskrit---Thai-Script---Standard-Edition.toml	Sanskrit New Testament, Thai	วิกิพีเดียภาษาไทย	Sanskrit	วิกิพีเดียภาษาไทย	2398298
Holy-Bible---Sanskrit---Tibetan-Script---Standard-Edition.toml	Sanskrit New Testament, Tibetan	ལྷ་སའི་སྐད་	Sanskrit	ལྷ་སའི་སྐད་	2158166
Holy-Bible---Sanskrit---Urdu-Script---Standard-Edition.toml	Sanskrit New Testament, Urdu	اردو	Sanskrit	اردو	2048145
Holy-Bible---Sanskrit---Velthuis-Script---Standard-Edition.toml	Sanskrit New Testament, Velthuis	Sanskrit New Testament, Velthuis	Sanskrit	Velthuis	1175970
Holy-Bible---Sari---Sari-Bible---Standard-Edition.toml	Saari Bible	Nsari Bible	Saari	Nsari	1369221
Holy-Bible---Satawalese---Satawalese-Bible---Standard-Edition.toml	Satawalese Bible	Pwapwior we e Santus	Satawalese	Satawalese	562027
Holy-Bible---Scots-Gaelic---Scots-Gaelic-Gospel-Mark---Standard-Edition.toml	Scots Gaelic Gospel of Mark	Gàidhlig Soisgeul	Scots Gaelic	Gàidhlig	88232
Holy-Bible---Serbian---Karadzic-Danicic-Latin-Script---Standard-Edition.toml	Serbian Bible, Karadzic/Danicic, Latin	Sveta Pismo	Serbian	Srpski	3449427
Holy-Bible---Serbian---Serbian-Ekavski-Bible---Standard-Edition.toml	Serbian Bible, Karadzic/Danicic	Сербиан Библе, Даничић Караџић	Serbian	Cрпски	5780361
Holy-Bible---Serbian---Serbian-ONSP-Cyrillic---Standard-Edition.toml	New Serbian Open Bible (cyrillic)	Нови српски превод, слободна	Serbian	Cрпски	6179353
Holy-Bible---Serbian---Serbian-ONST-Latin---Standard-Edition.toml	New Serbian Open Bible (latin)	Novi Srpski Prevod, Slobodna	Serbian	Srpski	3673461
Holy-Bible---Setswana---Open-Tswana-Living---Standard-Edition.toml	Open Tswana Living New Testament	La Botshelo Kgolagano e Ntsha	Setswana	Setswana	1244667
Holy-Bible---Sgaw-Karen---Mason-Bible---Standard-Edition.toml	S'gaw Karen Mason Bible	S'gaw Karen Mason Bible	S'gaw Karen	S'gaw Karen	10914064
Holy-Bible---Shi---Mashi-Bible---Standard-Edition.toml	Shi Mashi Bible	Bibliya Ntagatifu Omu Mashi	Shi	Mashi	4444502
Holy-Bible---Sholaga---Sholaga-Bible---Standard-Edition.toml	Sholaga Bible	ಕ್ಹುದಾನಿ ಕ್ಹರಿನಿ ವಾಕ್ಯಾ	Sholaga	Soliga	2595785
Holy-Bible---Shona---Rakasununguka---Standard-Edition.toml	Shona Free Holy Bible	Bhaibheri MuChiShona Chanhasi	Shona	chiShona	4116735
Holy-Bible---Shona---Shona-Bible---Standard-Edition.toml	Shona Bible	Bhaibheri	Shona	chiShona	922626
Holy-Bible---SlavonicChurch---Church-Slavonic-Elizabeth---Standard-Edition.toml	Church Slavonic Elizabeth Bible	Библия церковно-славянском языке	Slavonic, Church	церковно-славянском	5899609
Holy-Bible---Slovak---Slovak-Bible---Standard-Edition.toml	Slovak Bible for Everyone	Nádej pre Každého	Slovak	Slovák	977619
Holy-Bible---Slovene---Slovene-Savli-Bible---Standard-Edition.toml	Slovene King James Bible 1769	Slovenščina Sveto pismo Kralja Jakoba	Slovene	Slovenščina	4060829
Holy-Bible---Slovene---Slovene-Stritarja-NT---Standard-Edition.toml	Slovene New Testament and Psalms, Stritar	Slovenščina Novi Testament in Psalmi, Stritarja	Slovene	Slovenščina	1075730
Holy-Bible---Soli---Soli-Bible---Standard-Edition.toml	Soli Bible	Soli Bible	Soli	Chisoli	1119880
Holy-Bible---Somali---Somali-Bible---Standard-Edition.toml	Somali Bible	Kitaabka Quduuska Ah	Somali	Somali	4732604
Holy-Bible---Somau-Karia---Somau-Karia-Bible---Standard-Edition.toml	Somau Karia Bible	Xoiteupo Kuna	Somau Karia	Somau Garia	500888
Holy-Bible---Spanish---Biblia-Platense-Straubinger---Standard-Edition.toml	Spanish Platense Bible	La Biblia Platense	Spanish	Español	4175573
Holy-Bible---Spanish---Free-Bible---Standard-Edition.toml	Spanish Free Bible Version	Biblia Libre	Spanish	Español	4351756
Holy-Bible---Spanish---Free-for-the-World---Standard-Edition.toml	Spanish Free Bible for the World	Santa Biblia Libre para el Mundo	Spanish	Español	4161697
Holy-Bible---Spanish---Gods-Word-for-You---Standard-Edition.toml	Spanish God's Word for You	Palabra de Dios para Ti	Spanish	Español	3963567
Holy-Bible---Spanish---Reina-Valera-1865---Standard-Edition.toml	Spanish Reina Valera Bible 1865	Español Santa Biblia	Spanish	Español	4074299
Holy-Bible---Spanish---Reina-Valera-1909---Standard-Edition.toml	Spanish Reina Valera Bible 1909	Español Santa Biblia	Spanish	Español	4102035
Holy-Bible---Spanish---Reina-Valera-NT-1858---Standard-Edition.toml	Spanish Reina Valera NT 1858	Español Santa Biblia	Spanish	Español	971575
Holy-Bible---Spanish---Sagradas-Escrituras-1569---Standard-Edition.toml	Spanish Bible 1569	Sagradas Escrituras, Antigua	Spanish	Español	4096071
Holy-Bible---Spanish---Sencillo-Bible---Standard-Edition.toml	Spanish Sencillo Bible	La Biblia en Español Sencillo	Spanish	Español	4320474
Holy-Bible---Spanish---Spanish-New-Open-Bible---Standard-Edition.toml	New Spanish Open Bible	Open Nueva Biblia	Spanish	Español	4173867
Holy-Bible---Swahili---Contemporary---Standard-Edition.toml	Swahili Contemporary Version	Biblia Takatifu Wazi, Kiswahili	Swahili	Kiswahili	4117813
Holy-Bible---Swahili---New-Swahili-Bible---Standard-Edition.toml	New Swahili Bible	Biblia Takatifu Mpya	Swahili	Kiswahili	4148715
Holy-Bible---Swahili---Swahili-Bible---Standard-Edition.toml	Swahili Bible	Biblia Takatifu	Swahili	Kiswahili	987638
Holy-Bible---Swahili---Swahili-Open-Bible---Standard-Edition.toml	Swahili Open Bible	Wazi Neno Maandiko Matakatifu	Swahili	Kiswahili	4165462
Holy-Bible---Swedish---Swedish-Bible---Standard-Edition.toml	Swedish Bible	Svensk Bibel	Swedish	Svensk	4408524
Holy-Bible---Swedish---Swedish-Bible-1703---Standard-Edition.toml	Swedish Bible 1703	Svensk Bibel 1703	Swedish	Svensk	2982352
Holy-Bible---Swedish---Swedish-Bible-1873---Standard-Edition.toml	Swedish Bible 1873	Svensk Bibel	Swedish	Svensk	4104493
Holy-Bible---Swedish---Swedish-Bible-1917---Standard-Edition.toml	Swedish Bible Runeberg	Svensk Bibel	Swedish	Svensk	4431771
Holy-Bible---Taabwa---Kitaabua-Bible---Standard-Edition.toml	Kitaabua Taabwa Bible	Ichitaabwa Bible	Taabwa	Ichitaabwa	682223
Holy-Bible---Tagakaulo---Tagakaulo-Bible---Standard-Edition.toml	Kalagan Bible	Tagakaulo Bible	Kalagan	Tagakaulo	1521814
Holy-Bible---Tagalog---Tagalog-Bible-1905---Standard-Edition.toml	Tagalog Holy Bible	Tagalog Ang Biblia	Tagalog	Tagalog	5019533
Holy-Bible---Tagalog---Tagalog-Bible-Unlocked---Standard-Edition.toml	Tagalog Unlocked Holy Bible	Banal na Bibliya	Tagalog	Tagalog	5107770
Holy-Bible---Tagin---Tagin-First-Bible---Standard-Edition.toml	Tagin Bible, Good News	ANWNV GAMLV	Tagin	Tagin	1214446
Holy-Bible---Tamil---Open-Contemporary---Standard-Edition.toml	Tamil Open Contemporary Bible	திறந்தநிலை தமிழ் சமகால	Tamil	தமிழ்	13474767
Holy-Bible---Tamil---Tamil-Bible---Standard-Edition.toml	Tamil Bible	தமிழ் பைபிள்	Tamil	தமிழ்	12671162
Holy-Bible---Tarok---Tarok-Nigeria-Bible---Standard-Edition.toml	Nigerian Tarok Bible	iTárók Bible	Tarok	iTárók	1861836
Holy-Bible---Tavoyan---Tavoyan-Bible---Standard-Edition.toml	Tavoyan Bible	ဓမ္မသစ်ကျမ်း ထားဝယ်ဘာသာစကား	Tavoyan	ထားဝယ်စကား	3525715
Holy-Bible---Teke-Tyee---Teke-Tyee-Bible---Standard-Edition.toml	Teke-Tyee Bible	Teke Sud-Ouest	Teke-Tyee	Teke-Tyee	1141492
Holy-Bible---Telugu---Telugu-Bible---Standard-Edition.toml	Telugu Bible	తెలుగు బైబిల్	Telugu	తెలుగు	10352822
Holy-Bible---Telugu---Telugu-Open-Contemporary---Standard-Edition.toml	Telugu Open Contemporary Bible	ఉచిత తెలుగు సమకాలీన అనువాదం	Telugu	తెలుగు	10242190
Holy-Bible---Tharu-Rana---Rana-Tharu-Bible---Standard-Edition.toml	Rana Tharu Bible	परमेस्वर को सच्चो वचन	Tharu, Rana	राना थारू	2374291
Holy-Bible---Thur---Leb-Thur-Bible---Standard-Edition.toml	Thur Bible	Leb-Thur	Thur	Thur	1346941
Holy-Bible---Tichurong---Tichurong-Bible---Standard-Edition.toml	Tichurong Bible	तिचुरोङ क्येला सारबा करारयि किताबतेबा	Tichurong	Tichurong	601673
Holy-Bible---Tongan---Revised-West-Version---Standard-Edition.toml	Tongan Bible, Revised West	Tongan Bible, Revised West	Tongan	Tongan	5434793
Holy-Bible---Tsakhur---Tsakhur-Bible---Standard-Edition.toml	Tsakhur Azerbaijani Bible	Ts‘əxna miz	Tsakhur	Ts‘əxna miz	1026825
Holy-Bible---Tsikimba---Tsikimba-Bible---Standard-Edition.toml	Kimba Bible	Tsikimba Bible	Kimba	Tsikimba	204070
Holy-Bible---Tsishingini---Tsishingini-Bible---Standard-Edition.toml	Shingini Bible	Tsishingini Bible	Shingini	Tsishingini	344536
Holy-Bible---Turkish---Open-Basic-Turkish---Standard-Edition.toml	Turkish Open License Basic Bible	Türkçe Açık Lisans Temel İncil	Turkish	Türkçe	1089359
Holy-Bible---Twi---Akuapem-Twi-Bible---Standard-Edition.toml	Akuapem Twi Bible	Akuapem Twi Nkwa Asɛm	Twi	Akuapem Twi	3888534
Holy-Bible---Twi---Asante-Twi-WASNA---Standard-Edition.toml	Asante Twi Bible	Asante Twi Nkwa Asɛm	Twi	Asante Twi	4086299
Holy-Bible---Ukrainian---New-Translation---Standard-Edition.toml	New Ukranian Translation	Новий Переклад Українською	Ukrainian	Український	1849402
Holy-Bible---Ukrainian---Ukrainian-Freedom-Bible---Standard-Edition.toml	Ukrainian Freedom Bible	Біблія свободи	Ukrainian	Український	6181405
Holy-Bible---Ukrainian---Ukrainian-NT---Standard-Edition.toml	Ukrainian Kulish New Testament	Український Новий Заповіт	Ukrainian	Український	1372351
Holy-Bible---Ukrainian---Ukrainian-Ogienko---Standard-Edition.toml	Ukrainian Bible, Ivan Ogienko	Українська Біблія, Івана Огієнка	Ukrainian	Український	6501527
Holy-Bible---Urdu---Urdu-Bible---Standard-Edition.toml	Urdu Bible, Devanagari	उर्दू बाइबिल, देवनागरी	Urdu	उर्दू	9665857
Holy-Bible---Urdu---Urdu-Free-Contemporary---Standard-Edition.toml	Urdu Open Contemporary Bible	آزادانہ اردو ہم عصر ترجمہ	Urdu	اردو	7651325
Holy-Bible---Ut-Ma-in---Ut-Ma-in-Bible---Standard-Edition.toml	Fakia Bible	Ut-Ma’in Bible	Fakai	Ut-Ma'in	991454
Holy-Bible---Uyghur---Uyghur-Bible-Arabic---Standard-Edition.toml	Uyghur Bible (arabic script)	مۇقېددېس كالام (يەنگى يېزىق)	Uyghur	Uyghur tili	8426363
Holy-Bible---Uyghur---Uyghur-Bible-Cyrillic---Standard-Edition.toml	Uyghur Bible (cyrillic script)	Муқеддес Калам (кирил йезиқ)	Uyghur	Uyghur tili	8013429
Holy-Bible---Uyghur---Uyghur-Bible-Latin---Standard-Edition.toml	Uyghur Bible (latin script)	Muqeddes Kalam (latin yéziq)	Uyghur	Uyghur tili	4865104
Holy-Bible---Uyghur---Uyghur-Bible-Pinyin---Standard-Edition.toml	Uyghur Bible (pinyin script)	Muⱪeddes Kalam (yǝngi yeziⱪ)	Uyghur	Uyghur tili	5262343
Holy-Bible---Vaagri-Booli---Vaagri-Booli-Bible---Standard-Edition.toml	Vaagri Booli Bible	ದೇವ್ನಿ ಖ್ಹಾಚಿ ವಚನ್	Vaagri Booli	Hakkipikki	2807755
Holy-Bible---Vaghri---Vaghri-Bible---Standard-Edition.toml	Vaghri Bible	పవిత్ర్ బైబిల్‍	Vaghri	Bavri	2575087
Holy-Bible---Vidunda---Vidunda-Bible---Standard-Edition.toml	Vidunda Bible	Chividunda Bible	Vidunda	Chividunda	3233329
Holy-Bible---Vietnamese---Contemporary---Standard-Edition.toml	Vietnamese Contemporary Bible	Kinh Thánh Tiếng Việt Hiện Đại	Vietnamese	tiếng Việt	4935535
Holy-Bible---Vietnamese---Vietnamese-Bible---Standard-Edition.toml	Vietnamese Bible	Kinh Thánh Tiếng Việt	Vietnamese	tiếng Việt	5273712
Holy-Bible---Vietnamese---Vietnamese-Bible-1934---Standard-Edition.toml	Vietnamese Bible 1934	Kinh Thánh Tiếng Việt 1934	Vietnamese	tiếng Việt	5261186
Holy-Bible---Vwanji---Vwanji-Bible---Standard-Edition.toml	Vwanji Bible	Kivwanji Bible	Vwanji	Kivwanji	1106878
Holy-Bible---Waddar---Waddar-Bible---Standard-Edition.toml	Waddar Bible	वडार	Waddar	Vadari	1222531
Holy-Bible---Waja---Waja-Bible---Standard-Edition.toml	Waja Bible	Wɪyáà Bible	Waja	Wɪyáà	275952
Holy-Bible---Wolio---Kitabi-Momangkilona-Bible---Standard-Edition.toml	Buton Wolio Bible	Kitabi Momangkilona Wolio	Wolio	Buton	1973255
Holy-Bible---Yaka---Ivatan-Bible---Standard-Edition.toml	Yaka Bible	Ivatan Bible	Yaka	Ivatan	1151848
Holy-Bible---Yaka---Yaka-Bible---Standard-Edition.toml	Yaka Bible	Iyaka Bible	Yaka	Iyaka	983179
Holy-Bible---Yalunka---Yalunka-Bible---Standard-Edition.toml	Yalunka Bible	Kisin Kiraan Kitabuna	Yalunka	Jalonke	4262535
Holy-Bible---Yamap---Yamap-Bible---Standard-Edition.toml	Yamap Bible	Yamap Bible	Yamap	Yamap	483035
Holy-Bible---Yansi---Yansi-Bible---Standard-Edition.toml	Yansi Bible	Eyansi Bible	Yansi	Eyansi	1149226
Holy-Bible---Yemsa---Yemsa-Bible-Ethiopic---Standard-Edition.toml	Yemsa Bible (Ethiopic)	ጋዶ ቴያ	Yemsa	Yemsa	1543523
Holy-Bible---Yemsa---Yemsa-Bible-Latin---Standard-Edition.toml	Yemsa Bible (Latin)	Gaddo Teyya	Yemsa	Yemsa	1033335
Holy-Bible---Yiddish-Eastern---Eastern-Yiddish-Bible---Standard-Edition.toml	Eastern Yiddish Bible	דער יידישער ברית חדשה	Yiddish, Eastern	עברית	1855936
Holy-Bible---Yipunu---Punu-Bible---Standard-Edition.toml	Yipunu Punu Bible	Mbembu Nzambi o Ipunu	Punu	Yipunu	298718
Holy-Bible---Yombe---Yombe-Bible---Standard-Edition.toml	Open Yombe Bible	Open Nguizani Yimona ayi Minkunga	Yombe	Kiyombi	1318232
Holy-Bible---Yoruba---Yoruba-Bible---Standard-Edition.toml	Yoruba Bible	Bíbélì Mímọ́ ní Èdè Yorùbá Òde-Òní	Yoruba	Yorùbá	5476129
Holy-Bible---Zapotec-Loxicha---Loxicha-Zapotec-Bible---Standard-Edition.toml	Loxicha Zapotec Bible	Zapoteco de Loxicha	Zapotec, Loxicha	Loxicha Zapotec	1192389
Holy-Bible---Zaramo---Kizalamo-Bible---Standard-Edition.toml	Zaramo Bible	Lagano da Lsambi Yesu Kilisto	Zaramo	Zaramo	1075128
Holy-Bible---Zinza---Zinza-Bible---Standard-Edition.toml	Zinza Bible	Endagano Eénsha omu Chiziinza	Zinza	Ecizinza	1429354
