2900000007	ST MARK
2901010038	Hatseto mawotich oochu Jesus Christ, Tikeaootli ma chue;
2901020062	Takeh nichatinkles akehe koonachatya kehe, Oosooasi sakewotihche nachatyea atghuni oochu naaootle.
2901030061	Hligi otyesta tike kemweh toowe ooli, Atghuni oochu ahasoonesun, aghahati tsiwoeseh kwetooyakehe.
2901040088	John tane tukeghingklit kemweh, hatse tane tatilon tunaghakeooskliti ahtilon otlwechi keochehlalon kehe aghametseli oneochetolel asilon.
29010500a0	Kahchu yinkhadeshalon tike okehe otsi Judaea, kahchu aghatane yateh otsi Jerusalem, kuihe sahke Jordan aghanetye tukukeghinklilon, koometselihi kooatuoochatihi.
290106009d	John ghatai manatsunne ghigheze gha eghayulon natun atyetlalon atazi syeh kahchu atazi syeh ihe nanihklulon: oohchu yaskesi yu achalinoo yu ayilai yetsetlon;
2901070084	Oochu toowe ooli yehtilon, yetsi ootelon, Hligi sooniya sataihchi anati, nakyeklule aghoo atu enasoo machi chunoostyeli mamakeoosut.
2901080053	Suni la tu ihe naghakyeihklit: ahwole atai tu ihe naghakyeihlili Atsinde Oochu ihe.
2901090073	Occhu gheise wazeluh ayi dzine, Jesus otsidesha Ion Nazareth Galilee otsi, John tuyakeghinklilon Jesus Jordan otsi.
29010a006c	Kwete tu tsi tghatyeza tsiwohzon, wailon yake kwa matahatsataghiolon, yakeotine yetsi natezalon oietli etye:
29010b0054	Oochu otech yake otsi atitsuklon, toowela ooli oti ihe, Nila otaihchi nwasti Sachue.
29010c0030	Kwete atsinde achu tike tsi yatehalon kemwehchi.
29010d00a2	Koochi kemwehchi atu tane nuklechi tioketi dzineke kooali, yakaotehun Metseli aghaghatai; kahchu ghatai metseli ihkyateslon; kahchu oochu woei oochu yetsinatilon.
29010e0087	Kootoo John kwechaghinhtyilon tane kwechaghinhtyinti, Jesus yuhchidesha Galilee, koohootyeh otech oochu Nagha Tgha makaoonadzutti otsi,
29010f0068	Kahchu toowela ooli, Tyeneti Nagha Tgha kyeyi: naghametselihi kyechahli, oochu otech oochu aha kootahti.
2901100085	Ihtyezon tu chok Galilee tghamweh klontyesha, yailon Simon yu Andrew yu mekye yu tyemil tayesklu tu chok: atai tane taesklu tane eli.
290111007b	Oochu Jesus toowela ooli yehti, Sakyetahtyel, kooh hanahooslihi oohchu hluge kehchi enahooslihi tane niyutooleli chon otsi.
2901120032	Kwete taghatyemile echaghanelelon kikyehtyeshalon.
2901130080	Oohchu oontsutli tontyo tyesha, yaih James Zebedee machue, kahchu John mekye, atilon tachin ela ehkye atyi tyemil keyatinklulon.
2901140079	Kwete tyechi yehtilon: kwa taghata echughanelilon tachin ela ehkye atyi Zebedee oochu keotihche yu, oohchu kikyetyesklit.
290115006e	Oohchu kochi ghatyestyetl Capernaum; kahchu kwete taneghaotatyech kwa kwiya menejitti dzineneh tane chehotyeh.
290116007f	Oneghanintyellon yaotihche: kooatinti yaotatiheh otech oochu tatihi natsuti kehchi ayihoo mawoochuli, atu adeskles tane kehchi.
2901170064	Oohchu iehti kweh atiih hligi teze ta kwa taneghaotatyech yaghati metseli ayiih; kahchu ootyestalon,
29011800a6	Toowe ooli, Atu aghaititaniah; atu ooli nagha assitli iyo aoohti, nuni Jesus Nazareth otsi? Yuhchitiyala aghayaonila? Atanasti nelesi Nagha Tgha Maatsinde Oochu ooih.
2901190051	Jesus toowela ooli yehti, yachioote, Atu oonatih yehti, setseghatiyah yetsun tsi.
29011a004d	Kootoo aghaghatai tsunale too yayaghinchil, oohtye ootyestalo, yetsi hadesha.
29011b00a3	Aghanetye ooghatesta, aghanetye chu koohtaghoati, tiyeohtye, yetike aloontye? ye tane tsi oochatihi koonte? Aha kootesti otech oochu gha saghatai mayis atu natset.
29011c002f	Koohchu oonthe atyeh meghoyuh yito kwa Galilee.
29011d0073	Ayite otsi, ghaghatestyetlon taneghaotatyechi kwa otsi, kweghaghintyetl Simon yu Andrew yu kwa, James chu John chu.
29011e003d	Simon tsiyue ma tyelasatyi teskoone ayila, oohchu koohoohati.
29011f0061	Yechidesha yila inchut, kahchu tahyatinti; kwete ayi teskoone ayila yecheli, ayi oota yakeotihch.
2901200054	Hatse kahkachi, naghioo, kiya nanila yatitine, yaghi chu mazichi yaghatai metselihi.
290121003f	Kahchu atghe ehlaititi tane natihti tyechiklaghatati tusklahti.
29012200b1	Kahchu atghazi tatihi akooyilalon ayeeah natlone yehtanintyelon, kooyaghatai metselihi natlon oonteslalon; kahchu atu ketselihoo wahti iyao-ohti, achi atayatilon ayiwooh ayehti.
2901230073	Kahchu hatlindo, setsehto tsitike satalon, hadesha, kahchu koondeshalon aghasuchalechi, kahchu iehti yachutatyeheh.
290124002c	Kahchu Simon yehkyatehchi kikyehtestyetllon.
2901250040	Kikihtitsi, toowela ooli kiyehtilon, Atghe tane ninkhaghanatgha.
2901260062	Towehchu yehti, Tane natehtsi otsidooshai kooche oohoostihi oochu, kootatooshigha lasasta aoontye.
2901270060	Kahchu tane tsiwoghintalon taneghaotatyech kwa kwe Galilee, kahchu atsinde metseli ghayatehalon.
29012800a3	Kahchu machitatestyel tane tsusachi yaghoone yatsi nioonunisit, kahchu machi nachustachaklih, kahchu toowela ooli yehtilon Kooh koodinti ate oochu asaghoonlehassi.
29012900b2	Kahchu Jesus, atyetastihtoo madzye tatilon nati gha tiesunni ihe, yetsi tahtatitichlon, kahchu yakatehtich lon, kahchu toowela ooli yehtilon, Kooh koosti; kwakoola oochu anatyeh.
29012a0044	Tsiwohzon otatyech otye, susuchi yetselilon, kahchu oochu oohtyelon.
29012b003b	Kahchu yatatilon tsiwohzon itintiah, kahchu oochu tyehalon;
29012c00bb	Kahchu toowela ooli yehtilon, Atu kahchu ooli ataoonti niwotine: kahchu achutiya, nazi yueh taneghaotatyech metihi, kahchu khaniah naoochu oohtyi ihe yaghi Moses za kyehchi, ata kiyutihi.
29012d00e3	Kahchu hadesha, oohtye awonetye khootawootyelon, kahchu tike okehe khootawotyelon, kwa hlilon Jesus atu tanetghakweya tyetachatlihi kwa iyu meheaoontye, ahwole kemwehchi tike alilon, kahchu kiyinkhatestyetllon ewonetyetsi otsi.
290201007a	Kahchu kwiyalon Capernaum tahke dzine oolitatatich wazilate; kahchu kooachatilon ayiti nito kwa oota ko-ochati ihe mewoyu.
29020200ae	Kwete natlone tyechi ghlaghatilon, kwa hlilon taghadesmanlon atulitah ookuzze ooli ghintlon kye, kwa hlilon tusla aghoo ooghata taghadesman ghintlon kye; kahchu sa yatatilon.
2902030045	Kahchu kiyinkhatestyetl yatilonooh yatitihi ihe, tyentane kooyahtyel.
29020400af	Kahchu atu ugha otsighatatyel iyua aoontye ootaneghutl kye, nighatilalon anetiyi ootaneghutl kye alinti; kootoo ghaghatagheoo yatilone, kitaghintsut takeustyi tyela satyechti.
2902050065	Kootoo Jesus wai aha oochati, toowela ooli yehtilon ayi yatilone, Sechue, nametselihi naoonchatuleli.
290206004d	Ahwole tahkine ayiti tyechii adesklesne, kahchu koodzye otsi indighateshalon,
290207005a	Yeoogha ti teze atu oochu ateotye? mea metsehhi ka oontoolelassi kootahtye Nagha Tgha zon?
290208006d	Kwete Jesus ataotio yaghatei intidesakehe, toowela ooli yehtilon, Yehoo oohtye naghadzye ihe intidaa aoontye?
290209006a	Tyeyi meotena achatooti kehe yatilone, Nametselihi naoonchatoolel; koolehe, Tsitike sinta, nustyi neodiah?
29020a0083	Atawahtihi iyu aoontye hligi teze Machue natsutti ayehi chode tike kakametselihi naghaoontooleli, (toowela ooli yehtilon yatilone,)
29020b0037	Toowela nesiih, Niiya, nustye nioodiah, nakwa otsidiya.
29020c009a	Kwa kwete niiya, ustyi nioodioo, kahchu hadesha aitye yai; kwa hlilon atghe yaooli, kiyaooli Nagha Tgha, toowela ghatyeh, Atu haoontyedi oohwetyi tahooli.
29020d0049	Kahchu tu chok meootyesha; atghe aghanetye machichatyesha, kwa yaotatich.
29020e0085	Intyizon ghayalu, yailon Levi Alphaeus ma chue sata sooniya mechetilichti, toowela ooli yehtilon, Sakyetiya. Kahchu niiya yekehtesha.
29020f009b	Hesai wazeluh Jesus yakwa kwesata atsitsoo, natlone tanechowhoine chu metseline chu Jesus yakahtehtsi yaotatichne chu: oohchu ghintlone, kooketestyetl chu.
29021000d6	Kootoo hatseto adesklesne chu Phariseene chu kiyaichi inka aghatsitsoo tanechowhoine chu metseline chu, toowela ooli yehtilon yaotatichne, Yehoo yakaatsits aoontye yakah chu tuaton tane chowhoine chu metseline chu?
29021100f2	Kootoo Jesus ootitsahoo, toowela ooli yehti, Yaghine oochu oontyene atu kiyinkhasootati yutane, yatitihizon: atu yuhchideya tyechi kooyusine tyeswe yaghitane, ahwole ayi atu tyeswe yaghitane chodeh kyetsahanohoolehe koometselihi ooghatihuali.
29021200d9	Kahchu yaotatichne John chu Phariseene chu ooneaghatatihya toonkye: kahchu yuhchihatestyetl toowela ooli, yehoogha yaotatichne John chu Phariseene chu ooneatatehya aoontye, ahwole nuni maghotintichne atu ooneatatehya?
290213008a	Kahchu Jesus toowela ooli yehti, Maskyege la kwa nichiyehi kooyehkyatechi ooneatatulela la? kooyehkyatechton atu ooneatatehya iyu aoontye.
2902140074	Ahwole kwa kwete khoonahwozetasi, kootoo mka tuchainklitne kwiya kwa oochayihate, kahchu ayi dzine ooneatatuyelassi.
290215007b	Atu chu ooli koonde ale ooli tsatse ihe kyechatoohkatassi, yaikoole koonde ihe kechaghinghati kwa hlilon hleooyu awotiassi.
29021600f2	Kahchu atuline tata ahklitassi chiche tu koonde satsoone tontyeto otsi: atu chu chiche tu ooli tsatse tataoohklit ootookyezasi, kahchu natesklitchiche tu, kahchu mataootsayih oontookyezasi: ahwole chiche tu koonde ooli ta koonde chuhklitassi.
2902170071	Kahchu otles tghah niya achuniyehti Menejitti Dzine; kahchu yaotichne makye ghatehlu atghe inchaghakinesla otles.
290218007a	Kahchu Phariseene toowehchu vehti, Nye, yehoo koohghaghati aoontye Menejitti Dzine atu tu dzine kooh ghatsati iyu aoontye?
290219008a	Kahchu toowela ooli yehti, Atu makyeh ootahtyech tah oolila David aoontli kootoo intaklinto kahchu tapatoo, atane chu ayi vehkyatiche chu?
29021a00c4	Kwiye sikooh Nagha Tgha kwa, intyizon Abiathar taneghaotatyechi metihi chok acha, kahchu kiyatsetslon otles oochu atuline yetsitslon gha yai zon taneghaotatyech, kahchu yayigholon ayi yehkyatiche.
29021b0067	Kahchu toowela ooli yehti, Menejitti Dzine achilalon tane gha, kahchu atu chu tane Menejitti Dzine gha:
29021c002d	Ayigho teze Chue ghakaoodzut Menejitti Dzine.
2903010045	Kahchu tyetachatlihi kwa kwiya: ayiti teze natyelon mila taneskyelon.
2903020052	Kahchu kiyunailon, ooka ooli asityeh kha Menejitti Dzine nai; kitalih iyu aoontye.
290303004a	Kahchu toowela ooli yehti ayi teze mila taneskye, Hatelon atichi nazutooh.
2903040095	Tooweh chu yehti, Oochu la oochu keoochuahch Menejitti Dzine, ketseliooh keoochuahch? tane ghaghatai gha kasoochatooti gha koole? Ahwole atu ooghati.
29030500b9	Kahchu anetye klokanatghalon madzyehatsutooh, kyeoocheklah ihe tane dzye natsutti, tooweh chu yehti teze, Tahtatinti. Ooh kahchu tahtatintieh: oohchu mila natsaghinhtalon achune kehchi.
290306006c	Kahchu Phariseene achughatestyelon, kwete hla nighohanintalon yai chu Herodianuk, tihakehe soo ookitoohtelu.
2903070074	Ahwole Jesus achutyezha yaghotine chu tu chok tsi: Kahchu tane natlone Galilee otsi yu Judaea otsi yu yekehtestyetl.
29030800b7	Kahchu Jerusalem otsi, kahchu Idumaea otsi, kahchu o-one otehchi otsi Jordan, kahchu aghatane ahthaze Tyre yu Sidon yu, ghintlon ke, ooghatitsuk chi ayi oochu keoahchi, kiyinkhadesha.
2903090077	Kahchu yaotatichne tatilon, ela ckok natsutli ootagha iiti wothoogha kooghohtyi tane natlon ke kha ati makechichiticha.
29030a0064	Atane natlone yaghihti ihe; kwa hlilon yinkghanotyesuts yakatutihikha, anetye ayi tatihi akooyahine.
29030b008f	Tane yaghatai mindicheli kahchu kiyainchi ate, kyechinachustaklih, kahchu ghatyezul toowe la ooli kiyehti ihe. Nuni Nagha Tgha Chue nelaoontye.
29030c002d	Kooh oochu atu soohchiwoti atu atachutihikha.
29030d0048	Kahchu khis ehkyeghiyalon, kahchu ayizon ayuti tyechi yehti: yachidesha.
29030e005e	Kahchu keneti onketi matgha kliniyanila, yekyeootichigha, kahchu achutehalon udzih oohootigha.
29030f0042	Kahchu ayulhi gha natsutti, kahchu atsinde metselihi hayatuhi gha:
290310002b	Kahchu Simon yindizi yakechioosun Peterlon;
290311007c	Kahchu James Zebedee machue, kahchu John, James mekye; kahchu nindizi yakechioosun Boanerges, ayi nahthunni uskyege chatyeh:
290312009c	Kahchu Andrew, kahchu Philip, kahchu Bartholomew, kahchu Matthew, kahchu Thomas, kahchu James Alphaeus machue, kahchu Thaddaeus, kahchu Simon ayi Canaanite,
2903130049	Kahchu Judas Iscariot, mazi atahootalon: kahchu nito kwa kwighaghintyetl.
2903140050	Kahchu natlone natsughanestlalon, ehtye kwa hlilon atu otles atsitslon natlonke.
2903150063	Kootoo meootinoo ootitsukoo, achughatestyetl kiyuhchutigha: aghatune kooghatyeh, Tinditaodesooissi.
2903160078	Kahchu adesklesne yuhchighatestyetl Jerusalem otsi ghati, Ayehi Beelzebub, kahchu yaghatai metselihi iiti otsi hayateha.
290317007f	Kahchu koohchu yinkhawoti, kahchu too we yehti, tyecha otsi aghaghatai metselihi hatsatoohtyel oontye ayi aghaghatai metselihi?
290318004e	Kahchu hlahti tane natehti intsake yawoinklit ate, ayiti tike ii oowotoehassi.
2903190041	Kahchu ayi nito kwa yaooghinkliti ate, ayi nito kwa oowotoehassi.
29031a0053	Kahchu aghaghatai metselihi ataniiya ate, kahchu tezi yanile ate, atu oowotoehassi.
29031b008c	Atuline kweyali iyua aoontye teze natsutti kwa, yenatunne yatatulelu, hatse tahyaghesklu teze natsutti; atezon ya kwa yaghonile iyu aoontye.
29031c0062	Kwa hli anaghaisilon, Atghe metselihi kooya oochatoolelassi tane uskyege, kahchu soocha oochatihi:
29031d0073	Ahwole ayi ketselioo atii Menejitti Oochu atu ihlaotateoo ayehi kha, ahwole seghaai ayehi nioonizutti oonchatalihi:
29031e002b	Ayighoo ayehti, Ayehi aghaghatai metselihi.
29031f005c	Kahchu mekye chu ma chu iiti otsighatestyetl, kahchu tsehtsi nazutooh, kilati, kiyinkhaooti.
290320007a	Kahchu tane natlone yaka tghanatihtsi, tooweh chu kiyehti, Nea, noo chu nehtghizinne chu tsehtsi naghatehya ninkhaghanata.
2903210044	Kahchu ateyatetla, toowehchu yehti, Mea anne eli, setghezinne koole?
290322005e	Kahchu khlonkanatgha ayi yaka khlontyetsi, kahchu toowela yehti, Ahi anne chu sehtghezoon chu!
2903230053	Atunne zon kooh ghawoteassi ayi Nagha Tgha indi, ayi akye chu, ustye chu, unne chu.
29040100a3	Kahchu tyigha tane ootatech tu chok tghamweh: kahchu natlone yinkhadesha, kahchu tachin ela ehkyiya, kahchu tu chok tih ali; kahchu atghe tane natlone tike wohzon.
2904020045	Kahchu yachioteh ooli natlon yughotyeh, kahchu toowe ehti otsiootihi,
2904030045	Oochu atahtsuk; Oochu hadesha otles alihi tane anihyihi niyilihi gha:
290404005b	Kahchu intyizon achunihyehti, tahkine yainkhyi tinkuzze, kahchu chua etye yaghatehtyetllon.
2904050068	Kahchu tahke nooghinklit tsyetgha, atu oonchadi tike ooliite; kahchu kwete ghanaghiyu, atu tike tatghoe:
290406005f	Ahwole chelon sa niniya, maziche ninihklitlon; aha oona maghaye toontooeyi, ayi ihe taihtsutii.
290407008c	Kahchu tahke nooghinklit ghoos chine chok tgha, kahchu ghoos chine chok ghanaghiyu, kahchu klighatanityetUon, kahchu atuli machiche oolilon.
29040800ba	Kahchu achu nooghinklitlon tike oochu ti, kahchu machiche ooghilyelon ghanaghiyu yu kahchu tainyezho; kahchu yahlonihyu tahke taoketyi tahke chu edzetaiti ketyi, tahke chu keoneti ketyi.
290409003b	Koohchu yehti, Yaghi matsaghe ooli, inkai ootootsuke yehti.
29040a005d	Kootoo chlatyo ayi yehkatyelichi yaghi chu keneti onketi matgha tawotya yehti kawotzutne gha.
29040b00b0	Kalichu toewela ooli yehti, Naghunni aghaoochuneoh aoontye atawohtihiglia tyewotye hai koosti Nagha Tgha kyeyi: ahwole ayine tsehtsi natihne, atghe ooli keowaahch yehe achatih:
29040c00bd	Wai oochui, kahchu atu hlyenahotihi gha; kahchu ooghatitsukooh ooghatootsukassi lon, kahchu atu klaghatootsukassilon; koohchu oolita ghooghanetyela, koometselihi kooya oone oochatulel akhe.
29040d0077	Kahchu toowela ooli yehti, Tiyeghakehe atawahtiha ooli kehe yaghaghahtai kehe? koohchu yeghateh atawahtiha atghe otech?
29040e0016	Oonehyene oonehyoh sa.
29040f00a1	Kahchu aghatane tinkuzze tatihne sa chunihyehti; ahwole kootoo ooghatitsukassi kooh ghaghatai metseli kwoto otsidesha, kahchu yazake yuhniyatiooh yadzye ta otsi.
290410005c	Kahchu aghatane chunihye ine tsye tgha; kootoo sa ooghatitsuk, kwete neooatiooh soochanetye;
29041100a3	Kahchu atu ghai ighutaklilon aghatane hahte, kwa tiootsi zon ghaghatalon, ootlwe kootoo sookhaootaya kootoo hlachatatane niwoya sa tachi kwete chahte intighatesah.
290412004b	Kahchu aghatane ayi yachunihyene ghoos chok chine tgha; ayi sa ooghatitsuh,
2904130097	Kooh tidi tike indi, kahchu mihe atsunnetahe yu mihe tatintlon yu, kahchu machachintye achu ooli kwenachaghila otcho ooli sa, kahchu atu machiche ooli.
29041400ae	Kahchu ayi mehoochunihyehe tike oochute; ayi ootitsukne sa, kahchu niooatioone, kahchu machiche ooli, tahke taoketyi enetyi, tahke chu edzetaitiketyi, tahke chu keonetiketyi.
290415007a	Kahchu toowela yehti, Nachila takooche nichualli ghotwetghulle yue take ustyi koole? koohchu atu nichiooite takoochechine?
2904160065	Agha atuli nachunehi atu mewotuti; kahchu atuli tanetcha maghuchata iyu aoontye, ahwole atachuteassi.
290417002d	Koole matsaghe oolyetane inkai ootootsukassi.
290418009f	Kahchu toowela ooli yehti, Tyeke ayi ootahtsukki: ayi ihe tikeghaklyeli, ayieh nagha tsi tiketsalelassi: kahchu naghai ootaghahtsukki, ootehchi nahachuallassi.
2904190056	Yaghi ayehi, machuallassi: kahchu yaghi atu ayehi, mehwayachutallassi koole ayi ayehi.
29041a006e	Kahchu toowela ooli yehti, Koohia ootye oontye Nagha Tgha kyeyi, hletye teze oochunehyehti oodihyitl keoontye;
29041b006c	Kahchu satyi, kahchu niiya hatleke chu dzine chu, kahchu achunehyehti ghanaghihu, atu ataoti noontye sikooh.
29041c006a	Ghoo yaghi tike atai hahte otsi ghanaghihu; hatse kloke eli, kahchu hachaghinaghiyu, kahchu otlweh ootles.
29041d0048	Kahchu yaghi chiche ghanaghihuta, kwete atataz, khoo chotazze dzine eli.
29041e0076	Towehchu yehtilon, Tyechi otsi gha Nagha Tgha kehchi niwowotal aoontye manatake? koole hletyi indi nighaootal aoontye?
29041f0085	Hleoontye oochuniliyehti ehlatye yutanikluchi machiche, kwa nichalesta oonahyehe tike, eyi zon natsutli anetye oochu ihyehe tike tih:
2904200091	Kwa aochelesta, oochu nichulesta ayi zon otehchi yaincha anetye nichulihchassi, kahchu matatse natlon; kahchu ayiti chua yayue sacha iyue tehtsi.
2904210053	Kahchu ayi etye akyehchi oochatihi ihe ehyatatilon, ghanawesittih oohasoohtsoo gha.
2904220064	Ahwole atu ya-i-ti-tyes ate atu yachiwotyehlon: kahchu sahta aghatinta, yaotatichne atghe yatatilon.
290423004e	Kahchu ayi dzinee, kahkachi aocha, toowehchu yehti, Onka nataghokye taityechi.
2904240066	Kahchu yite kitehalon tane natlone, nighatila aoontye sikooh. Kahchu kooyeh testyetlon tachin ela ihe.
2904250066	Kahchu intsi chok niya, kahchu tuyune nachalon tachin ela kooyeghe tiketlalon, kwa hlilon tadesmanooh.
2904260078	Ahwole atai haiseuhi, satyi tsiatakyeh: kahchu tsikiyaniha, toowehchu kiyehti Metihi, atu aghaititawoala tghataozitassi?
2904270079	Kahchu niiya, kahchu intsi tsiwoti, toowehchu yehti tu chok, Tyeke tahtsi. Kahchu intsi atyehzut, kahchu ohtye tyesghutl.
2904280058	Kahchu toowela ooli yehti, Yehoogha onenatyetl aoontye? yehoogha atu a kootahti aoontye?
2904290070	Kahchu ohtye onighanintyetl, kahchu toowela klaghatati, Ye teze alontye koole intsi ateate chu tu chok yuzehtso?
290501004b	KAHCHU nighatiooh taityechi chisinchi tu chok, kootike tsi Gadarene matike.
2905020075	Kwa kootoo tasaya ela ehkye otsi, kwete yatitityesha ehlatye teze natine kwa otsi ayehi yaghatai atu mayis natsutooh,
290503009c	Makwa ooli natine tgha; kahchu atuline yatahnatsut iyu aoontye ihe ayii ihe atu tah taghatsakluh iyu aoontye, atu satsoone klule aghoo ihe taghachakluhassi:
29050400c0	Tewotye oontlon tahtsughesklu mihe klule ihe kahchu satsoone klule ihe, kahchu satsoone klule yatayaghechil, kahchu makye chine klule oochu yatayaghechil: kahchu atuline oochu ayilih iyuntyeh.
2905050072	Kahchu inkaa hatleketahwoyu dzinetahwoyu, ali khis tah, natine tgha woyu, otyesta, kahchu atakhai tatazo tsye ihe.
2905060044	Ahwole tontye tsi ghotsi Jesus ya-i, otsitehtla yatsi nachustaklyeh,
29050700bb	Kahchu ohtye otyesta, kahchu toowela ooli yehti, Tyeka kehe na-kye-o-os-tyi-cha, Jesus, nuni otehchi ooli yatehchi Nagha Tgha chue neli? Natsinioonunisit Nagha Tgha tsi, atu nidisawositi.
2905080053	Atai toowela yehtie, Sachighatiya teze zi tsi, nuni atu neyis natsutti aghaghintai.
2905090060	Kahchu tawotya yehti nindizi tyeoolya yehtilon? Kahchu toowela yehti, Legion, oohzi: nitlon ihe.
29050a003d	Kahchu yatsinioonunisit atu achu tsutoohigha ayiti tike otsi.
29050b0038	Kahchu ieti alii hwaza khis tah koohkoos natlon eghihta.
29050c0080	Kahchu atghe aghaghatai metselihi yatsinioonunisit, toowehchu yehti, ghotsiaghatiha koohkoos natyehti, koohkoos zi toontyelikha.
29050d00f2	Kahchu kwete Jesus ghatyeh yasehla. Kahchu naghaghatai atu mayis natsutti ghaghatestyetl, kahchu koohkoos zi tintyetl: kahchu koohkoos ohtye kyehodihsut ichulti tu chok tghamweh, (oolitah onkye keoneti keoneti;) kootoo chu etye tukooghiwolon.
29050e0088	Yaghaine koohkoos zaaliine taghatestyetl kooghohwati nito kwa atyih kahchu ayiti tike. Kahchu otsighatestyetl ayi ye keochaahch aoontye.
29050f00b1	Kahchu Jesus kiyunintyetl, kahchu kiya-i ayi tane atsinde metselihi ayehi, kahchu kootoo ayehii ligiona, sata, kahchu natunne tasata, kahchu tyeswe indi ahi: kooh onighanityetl.
2905100066	Kahchu yaghine oohwa-i ine kitati oontye sikooh ayi tane atsinde metselihi ayehi, kahchu koohkoos ihe.
290511003f	Kahchu tyikichi niooghaghananintyetl achutooyigha kootike otsi.
2905120060	Kootoo tachin ela ehkyiya, yaghi ayehii tane atsinde metselihi yachinioonunisit yehtootyeli gha.
290513008d	Atu ghate yasehla Jesus, ahwole toowela ooli yehti, Ootinta niootinoo khadiya, oochu kootinti ooli Ghakaoozutti nakeoahchi, kahchu noohchuya.
2905140077	Kahchu achutyesha, kahchu khootaootyeh Decapolis yechatgheze Jesus oochu nanakeochaahch: koohchu aitye tane khaooghali.
2905150063	Kootoo Jesus natyeski tachin ela ihe taityechi, natlone tane yachitestyetl: kahchu hwa tuchok alii.
2905160071	Nea koohzon ehlaiti yinkhatyesha kakaoozutti tyetachatlihi kwa, Jairus ooyi; kootoo ya-ichi, nakye kuchi naitsut,
29051700a5	Kahchu ohtye koonoo yachinioonunisit, toowehchu yehti, Setue tyele satyi koola tehtsutooh: nachinoonunisit, samakataootihi, naghaootai gha; koohzon hanalaite ootesi.
290518004e	Kahchu Jesus yehkatich, kahchu natlone tane yakehtestyetl, kahchu kikyeoohsut.
290519004e	Kahchu ehlaiti tsege, yaghi keneti onketi matgha yaskehe matulle natatyehizon,
29051a0079	Kahchu natlone ooli yakeoohchi natlon yutane, kahchu yaghatestla ayi oontyei, atuli akehe naghiteyo oontye, atatihe tati,
29051b006c	Kootoo Jesus otsi ootitsukoo nooja otsi keistla otsi yatsityesha ootaneghutl ihe, kahchu yakestue katehtich.
29051c004b	Atune toowela ehtie, Manatunne zon aghoo katyestich ate, oochu awostyeassi.
29051d0060	Kahchu kwete otsi tul natatyehti sakoon; kahchu atyetastyiht mazi tsi nachagihta avi tatihi tsi.
29051e0081	Kahchu Jesus kwete ataotihoo mehnatsutsutti mazi tsi hatsatooh, natunesha tanetiche, kahchu ehti, Mea ali senatunne katehtichlon?
29051f005d	Kahchu yaotatichne toowela yehti, Natlone tane ghii tanighatlu, kooh tinti, Mea sekahtihtich?
290520002e	Kahchu klokanatgha yui gha ayi ooli keoachine.
2905210084	Kahchu tsege ooniya kahchu ghati ihe, ataootioo ooli maachahi matsun tsihi, yuhchi yachi yuenenitooh, kahchu yatati aitye hlonchati.
290522006f	Kahchu toowela ooli yehti, Ghutue aha koodinti nanaghinta-iih; taichi tyege inditiah, kechutintih natatihe ihe.
290523009c	Intyizon kwaka ootatyichoo, yachidesha ma kwa otsi yaghi yakaoozutti tyetachatlihi kwa tahkine atine, Netue tehtsut: Yehoo gha mehchintahcha otehchi Metihi?
2905240070	Kwete Jesus sa ootitsukoo, toowela yehti ayi kakaoozutti tane tyetachatlihi kwa, Atu ooniooya, aha koodinti zon.
2905250060	Kahchu atuline hateh gha sehla oolino yekehtooyi, Peter zon, kahchu James, John chu mekye James.
2905260070	Kahchu khooniyalon kakaoozutti kwa, kahchu wa-i oontlon tsi oochataahoo, yaghi chu atsukki kahchu ohtye atsukki.
290527007d	Kootoo kwiya toowela ooli yehti, Yehoo gha oontlonchi ootahah aoontye, kahchu ahtsu-ko-oyu? ataze atu tehtsut, ahwole satyih.
29052800a8	Hatyeh oontlonchi kiyuhaghatakluch. Ahwole ehtyezon aitye hayateha, otsighadesha yatgha chu you chu ata, kahchu ayi yehkyatechii, koohchu kwinaghacha ata tyelasatyinti.
2905290058	Yila inchutlon ata, kahchu toowela yehtilon, Talitha cumi; ayi chati, Ata, niiya, nesii.
29052a0079	Kahchu kwete ata niiya, kahchu ghayahl; atai keneti onketi matgha mayaskehe. Ohtye o-ochi khaooghalilon aghawochule kehe.
29052b0041	Ohtye atuline tataoonti; kahchu atya kehe oolita ooli machuhchut.
290601005c	KAHCHU ieti otsi achudesha, kahchu yuhchidesha ghochati matike; yaotatichine chu yekehdesha.
29060200e8	Kahchu Menejitti Dzine khoonioonizutooh tye tyetachatlihi kwa taneghaotatyech natlone kootitsakooh khawoalli, ghatih Tyecha otsi niyatilontye? Kahchu ye o-ochi mehoochayu tidi machioo, koole yaghi oochu ekyeotatichi ayilai tila ihe?
2906030097	Atu ayila tachin atali, Mary chue mekye James, Joses chu, Juda dm, Simon chu? kahchu mehtghezze chode mekyechatich? Kalichu atu oochu yatsiintighadesa.
29060400c4	Kahchu Jesus toowela yehti, Tane chi otine tune atu mooh oontue iyu aoontye mehe meachatachai, atunezon tatike hwa yule iyu aoontye, kahchu atai hahte menachine, kahchu atai hahte ghochatih makwa.
2906050076	Kahchu ayiti atu kooye keoahchlon mehmawochuli kewotiche, tahkine ghatyeh katehtichlon yatitine, kahchu nayaghihtalon.
2906060060	Kahchu kawolilon atu aha yutieh. Ahwole atghe tane tanenatih akehe klodeshalon, taneghaotatyech.
2906070088	Kahchu keneti onketi matgha tyechi yehti, eonetye tsi yeteha onkyetatatye; kahchu yehnatsutti yayila yatanatsutti naghaghatai metselihi;
290608007a	Kahchu aychti atuli yatoolai kyatehchu, tghes zon; atu etsunzis, atu chu otles tyes ali, atu chu sooniya kooghele tasulla:
2906090044	Hoontyegho kyetlhi ahoo zon tatyez; kahchu atu onketi kestue taooya.
29060a0055	Kahchu toowela yehti, oolitah nito kwa kwighaachatetah, ayiti ahli achutahaz ti otsi.
29060b00f9	Kahchu atu ninaghatile ati, naghatitsukki ata chu, aisai iiti otsi achutaach ate, naghakye waghat otles ihe kooyeh ooghahtichi. Kwa hli anaghaisii, Otehchi aghatane Sodom yu Gomorrha yu oochu awohtyesi ohtye tane tsiochatihi dzine intyizon ayi tike.
29060c0049	Kahchu achughatestyetl, kahchu tane taghatih ketselihi ooghachatutii gha,
29060d005d	Kahchu natlon metselihi ghaghateha, kahchu kles ihe yakiyehkluk yatitiine, kahchu nayaghinta;
29060e00c8	Kahchu metihi tyiyi Herod otitsuk mewoyu; (atgheze tike okehe midizi khoochatiihe;) kahchu toowe ehti, John matukeghinkliti atai tustye otsi niiya, kahchu ayiwo mehe ohtye keochatichi eotatya aoontye.
29060f0069	Achune ghati, Elias atai, kahchu achune ghati atane tai atahwotine, ehlatine eontye atane tai atahwotine.
2906100055	Ootitsukchi Herod, toowe ehti, John ayi matsi hlihyitl ii: tsitike nesta tustyi otsi.
2906110096	Atai Herod ghochati ochiyateha, John chu niyatinti, kahchu tane kwechayihti tayaghesklu Herodias ihe, mekye Philip tsiyue ihe: atai inkah hlakootsila.
290612003b	Atai John ayehtii Herod, Atu wotezi nai awohi nekye tsiyue.
2906130051	Ayeoo Herodias tike ochehtune yesoohail akhai; ahwole atu hawootli iyu maaoontye:
29061400c5	Atai Herod John enejitieh, atayetioo tyeswe ghata, kahchu maghata oochu tane elieh teze, kahchu yama intityesha; kahchu yatitsukchi oontlon kehe keoachlon, kahchu kyenawolesilon ayiteh otitsuk ate.
29061500bb	Kootoo sookah nitsutooh dzinee khonioonizutooh Herod niyi dzinee khonioonizutooh hatleke eghohtai gha oola tametihi gha, simakunnis metihi tyiyi chu, kahchu haladi kha kakaoozuni Galilee;
29061600b9	Kooh kootoo Herodias matue kwiya tahtitla, kahchu yakeneli Herod chu, ayi yakasatai chu, metihi tyiyi toowe ehti ayi atyedi, Soodinkyet ooli sachinioonunisitassi, atuli necho matuhsesi.
2906170061	Kwete oochu ayehti, Atghaze ooli assyesi oochu gho soodinkyet ate, tghatichi ooli assi naslelasi.
290618006e	Kahchu hadesha totsi anna. Ye ooduskyet aoontye totsi ehtilon? Tsiyua so toowe ehti, John matukeghinkliti tsi.
2906190073	Iteteh kwete metihi tyiyi tsidesha, kahchu atakyet, kooh koosti atezon sahoalli tsa ihkye John matukeghinkliti tsi.
29061a0076	Kahchu ohtye metihi tyiyi atu kenelilon; hoontye ooli oochu ati ihe, kahchu aghatane ihe kookasata, atu yaza ootihyul.
29061b0077	Kwete chu metihi tyiyi otsideha teze, kahchu matsi naghahal yehtilon: kahchu otsidesha tane kwechayehti yetsi hlihyitl.
29061c004a	Kahchu yetsi nanioo tsakyeh, kahchu atyedi ghioo: ooh ayi atyedi to ghioo.
29061d006f	Kootoo yaotatichne oghatitsuk chi, yachihatestyetl kahchu yazeche nighatihtyi, kahchu natine kwati naghanihtyi.
29061e008d	Kahchu wochichatehane aghanetye intataghati Jesus aliiti otsihatestyetl, atghazi kitatati ooli, keooaachii, kahchu ooli tanegha ootatyechine.
29061f00b8	Kahchu toowehchu yehti, Tyetahtyel naghai tyinta oolite yaghi kemwehchi, kahchu oontsutli natahyih: kootoo natlon yuhchighatestyetl kahchu yiteghatestyetl, atulita ahwosits kuzza ooli.
2906200038	Kahchu naoonai ela tu chok ehkyeatachi ehkyeghaghityetl.
29062100d1	Kahchu tane kooya-ih achughatestyetlooh, kahchu natlone atakooyehti, kahchu tane natihti otsi atghe otsi ooghatehsut nito kwa otyiyi aghoo anetye oogha-i, kahchu tane tse nighanintyetl, aghanetye kiyunintyetl.
29062200a1	Kahchu Jesus hadesha natlone tane gha-ih, ohtye matsun tatihti kyehe indityesa, uspai etyieh uspai ghaghatane tane atu ayehi: kahchu tye yaghotatich natlon ooli.
29062300a0	Kootoo ayi dzinelon kwakoole tontyeto kloeh ooli, yaotatichne yachitestyetl, toowe yehtilon eh, Kemwehchi oolilon chodeh, kahchu kwa oonchadeh dzine kloeh ooli:
2906240082	Achuyadeha tike okehe otsighatatyel, kahchu nito kwa ootlonchi, kahchu ataheghatutlihi gha otles tyes: atuli ghatsitsi aghahi ihe.
29062500d4	Ateyatetlalon hoole toowehchu yehti ihe, Naghanilon kiyioohtai kooyanahli. Kahchu toowe kiyehti, Yaghe otsi tawotyeli ataghawothhi ila sooniya onkye keoneti ketyi sachunai ehtye otles tyesta, yaghine ghaoohchuti?
290626007e	Toowela ooli nayetilon, Taitya otles tyes ahiwo? oonkawahya. Kahchu ataghowatichi, toowela ghati, Hlahcheti, hluge chu onketi.
2906270036	Kooh yehtilon eonetye tsi tahtsi kloke tanepyeds tgha.
2906280077	Kahchu ghatye gheskyih inchake, keoneti ketyi tatehtsi inchinatatye, taghane chu hlahcheti ketyi inchinatatye tatehtsi.
29062900ce	Kahchu hlahcheti otles tyes niyatila hluge onketi chu, koohtike ookahtgha yatsi kahchu merci yehti, kahchu otles tyes yataghiyits, kahchu yaotatichne ghila yaniyulel gha; hluge onketi chu anetye tghaestich.
29062a002f	Aghanetye eghaghintalon, oochu tataghanastolon.
29062b005b	Kahchu keneti onketi matgha kloke asklu ghaisis tadesmanoo mechaghintai ihe, hluge ihe chu.
29062c0065	Kahchu yeghaghintaiine otles tyes oolitah hlahcheti keoneti keoneti ketyi sihlon enetyi sihlon tezoo.
29062d008f	Ieti tye kwete anetye ihe yutilon yaotatichne tachin elahkyeootyeli kha, kahchu taityechi otsighatuteligha haladih Bethsaida, achutehaton tane.
29062e0043	Kahchu kootoo achuteha, atai chu yitaityesha khis tsi yaootootyech.
29062f005a	Kahkachi aoocha tsi, tachin ela tatiche tsi tu chok taghalilooh, atane nunkuchi sahti ali.
290630008c	Kahchu yai ohtye keotichoo atowazu; intsita oolieh: oolitah hatlindo aoocha soo tane wohniyalon, tu chok khai niyalon, kahchu yaooyeassilon.
2906310066	Kiyainchi tu khai niya, kooh kooghati tane atsinde ali lontye kiyutih, kahchu ohtye oonighanityetllon:
2906320098	Aghanetye kiyai, kahchu atu oochu indighatyesalon. Kwete inchi ooghatatyech, kahchu toowela yehti, Ohtye soonahtye: suni asli aoontye; atu ooneghahtyel.
2906330068	Kahchu inkhadesha elahkye atine; kahchu intsi adezut: kahchu ohtye khawoghali, kahchu o-ochi khawoghali.
290634005c	Atu ayi indi ghati ihe ayi o-ochi keochaachi kehchi otles tyes: aghatane koodzye natsuttieh.
290635004e	Kootoo naghateskyi tsi, koonaghaghintyetl tike Gennesaret, kahchu tghaghiyetl.
2906360030	Tghaghihyetl tsi ela ehkye tsi, kwete atakiyeti,
2906370072	Kahchu kyeton ghatich aonetye ieti otusinkha, kahchu kyekyeyehtich ayi tyelisatyii tatihi, ali iteh oohatitsukooh.
29063800f2	Kahchu kwiyah assitih nito kwa chisinchi, nito kwa otyiyi koole, tike koole, nikiyityih ayi yatitine atghunni tiche koole, kahchu kichiniooghanunisit kikatutihi gha ghatye makestue maihe aghoo kiyuhchuti gha; yuhchutassihne anetye yaghitalon.
290701005c	KAHCHU anetye machichatyesha Phariseene, tahkine adesklesne chu, ha Jerusalem tsi ghatilhne.
290702009f	Kootoo kiyainchi tahkine yaotatichne aghatsitsoo otlestyes atu ka tila tyeghintyekoo, ayi tsati, kila aghoo atu tyetsaghintyek, tahkine atu tyeswe kooghatilon.
29070300a5	Aghatane Phariseene, Jewne chu atghe, oontlon chi taghila tyenaghatichoo zon aoontye, atu aghatsits athli, kooghatghoonoo yaootyi hatseto koola otehchi meetiootyeha.
29070400e0	Kahchu naghatichta ataghe tsi, atu natsun nootootihul ate, atu awoontsitsassi. Kahchu ooli natlon ooli nikitilaine o-otghooni, tsa nootoochatuhul kahchu mihe tu tsato chu, tanihkluchi satsoone tataoochayihi takehchestai chu.
29070500c5	Kahchu Phariseene chu yatiklesne chu, Taotya kiyehti, Yehoo gha mawotintichne atu nakyehchi indi gha tyes aoontye tane haladi otichne tane, ahwole otles tyes eghaghinta atu tahila tyeghaghintyekoo?
29070600af	Ateyatetla, kahchu toowe yehti, Oochu naghai nasetyilon Esaias naghani oontlon nahtahoo, takehnichatinkles akehe, Ayi tane oochu assaghati taaza ihe, ooh koodzye tontye saooh.
290707004b	Ghatye ahwole kooyaootastech tanegha ooghatatyechoo tane mihe chioochatihi.
2907080089	Tyinta saoo Nagha Tgha otiche, ooahtghoon tane yaghita kehe, nootghochadehulli mehtutsato tsa chu: kahchu ooli natlon ayi etye keoghaach.
2907090056	Kahchu toowe yehti, Oochu Nagha Tgha zake kyenaghali, maghahtai yu aoontye nagha onti.
29070a0083	Atane Moses kooehtii, Ohtye natgha chu noo chu tao-oncha; kooh hatyehlon ooline tatgha tsi to yu ketseliooh otih ate, chazuhelassi:
29070b0095	Ahwole naghai atahti aoontye hoontyeoo ooli tatgha koole to koole, Corban ayi, ayi tsati, kachiahi, yaghi ooli nakeoostich iyu aoontye; kao-ontsutti.
29070c004a	Kahchu atu otehchi machi nioonunahsit ooli yaaootli tatgha koole to koole;
29070d007b	Naghai hahte tsioone Nagha Tgha zake awahtla atuli kyewoti nagha oonti ihe, kanaooii: kahchu ayi etye natlon ooli keoaahch.
29070e005c	Kootoo chu aitye tane kawoti tsi, toowola yehti, Anahtye soozahtsoo naghani kahchu atahtsuk:
29070f007c	Atuli ayi tane matsun khitsi tatyezut ayi mazi ti achi chahtayuleassi: ahwole yetsi hayatehai ayi ali tane chahte ayihihchi.
290710003d	Ooline matsakhe oolitane iiti ootootsukissi, inkai ootootsuk.
290711006a	Kootoo tane oochu tyesha nito kwa, kwenaghacha yaotatichne taoontya yehtilon hleoontye akyehchi oochatihi.
290712008c	Kahchu toowe yehti, Kooka naghatsi toontooe aoontye? Atu kyenahtihela, ahtghazai ooli tsehtsi otsi kwetsutti tane, atu chahte ayili eyontye;
2907130063	Atu madzye tsi ihe ahakootyeh, ahwole mapat tsi, kahchu hatsat oochu sookah nininkyieh aitye etsun?
2907140052	Kahchu toowe ehti, ayi tane tsun tsi hadehtsutti, ayila tsahte ayihihchoonte tane.
2907150073	Koodzye ta otsi tane, ine tsi tatyestek ootye indi metselihi, soochachai chu, nakhochityeli chu, tlahchazaghai chu,
29071600b4	Atsunne achuneih chu, machachintyi chu, inditselihi chu, oochachiti chu, naoona-i indyetselihi chu, atai metselihi chu, atacho chunehliti chu, achachatachai chu, tsaoochayaghi chu.
2907170046	Anetye ooli metselihi kwetsut tane tsun tsi, ahwole tane tsahte ayila.
29071800a1	Ayiti otsi niiya, kahchu tghanatyesha Tyre yu Sidon yu, kahchu nito kwa ootanaghacha, kahchu koonoo atuline atawo-oti kootilon: ahwole atu nana-i iyu aoontyelon.
2907190071	Ehlaiti tsege matue ooli ayehii atsinde metselihi, ootitsuklon, kahchu yuhchideshalon kahchu makye keh nadsutlon:
29071a0089	Yaghi tsege Greek tane, Syrophenician ine tsi ihe otsi tazelh; kahchu yachinioonunisit hayatoohai gha atsinde metselihi matue zi ta otsi.
29071b0081	Ahwole Jesus toowe yehti, Inkai hatse tsito tatanooto; atu oochu tsito taghaotlese kooyehwawachutalli, koohchu kli tsi tsatulihi.
29071c007c	Kahchu ateyatetla kahchu toowela yehti, Ehye, aghaghintaihi: hoontye ooli takyeh yechihtati yue natunahtyeli kli tghaoohtsi.
29071d0052	Kahchu toowe yehti, Tidi sa ihe oodinta; atsinde metselihi natue tsun tsi hadesha.
29071e0065	Kooh niya tsi takwa, yihtyi atsinde metselihi hadesha tsi, koohchu matue takyeh ustyi keh tyelasatyi.
29071f0062	Kooh kahchu yitaityesha Tyre yu Sidon yu otsi, otsidesha tu chok tsi Galilee, taghaniya Decapolis.
290720006f	Kahchu kiyananioo hligi majih oontooehu, atu chu oochu ootatichoo; kahchu yachinioonunisit kooya katootihi gha.
2907210063	Kootoo otsi yatehti tane natlonti, kahchu yaji ta katihtich, kahchu ghizek, yetsoode chu katehtich;
2907220050	Kahchu yatsi ookahta, otyesta, kahchu toowe yehti, Ephphatha, ayi, Tahaootsitti.
2907230059	Itetyeh kwete maji ta hatachil, kahchu matsoode klule tihatuk, kahchu oochu otatich acha.
2907240066	Oochu atuline ataawoti yehtilon: ahwole otaihchi atuline satsih ataawotihi, otaihchi ohtye koohootyeh;
29072500a4	Kahchu o-ochi kao-oli toowe yehtie, Atghaze ooli tsiwohzon keoahchlon: oochu majioontoowene anayitla oochu ootootsuki gha, kahchu saintakline oochu ootootyechi gha.
2908010072	AYI dzine tane o-ochi natlone, kahchu atuli aghahi kiyutsitsi, Jesus yaotatichne tyechi yehti, kahchu toowe yehti,
2908020060	Satyaghisunni tane natlone, kooh kwa taiti dzinee sihaghahtyih, atuli chu aghahi ghatsitsi ooli.
2908030067	Achu kootyehaitye tagha kwa tsi yaghatipatooh, woianh oohatootsitassi, natlone tontye tsi otsighatelyu.
290804005e	Kahchu yaotatichne atetyataih, Tyechi otsi gha tayanooto tine tane otlestyes ihe chode kemweh?
2908050043	Kahchu Taitya otles tyes ahi yehtilon? kahchu toowe ghati, Taiuchi.
29080600b7	Tane tsi tsiwohzon tahtsi tike wozon: ayi ninayatila taiuchi otles tyes, kahchu merci ehti, kahchu yataghiyits, kahchu yaotatichne ghila oochu yaniyuleli; kwa kiyaniyila ine tane gha.
290807005b	Kahchu akiyehii tahke hluge yaintsutle: kahchu merci ehtilon, kooh ehtii ine gha nichuleli.
2908080081	Kahchu eghaghintalon oochu tataghanastolon: kahchu nachatanatyetl neghatila mechacheliih, taiuchi kloke ghaisis tghatatyesmanooh.
290809005a	Kahchu ine eghaghinta, oolita tiko keoneti keoneti ketyi enetyi silon: kahchu achudehalon.
29080a0049	Kwete ela kyiya yaotatichne chu, kahchu yuhchidesha chisinchi Dalmanutha.
29080b0073	Kahchu Phariseene yuhchihatestyetla, kwete kichi sooghatayehch, kiyinkhanata yakachi otsi ehtoole taoontya kiyehti.
29080c00ae	Kahchu ohtye hoontatachehlon matsinde otsi, toowe ehtie, Yehoo gha ine chi hlioolate kiyinkhanata ehtoole, kwa hli anaghaisii, atuli ehtoole naghachualassi tine maghestyekne.
29080d0045	Kahchu yechudesha, kwete elahkyiya taityechi otsi kahchu yitaityesha.
29080e0080	Mawotintichne iine kiyutoonaghatihlon otlestyes kitoolai, kahchu atuli aghahii elahkye ehlaiti zon otehchi otles tyes aghahilon.
29080f0068	Kahchu yechiwoteh. Tyeke khaghahta mehotles chihutli Phariseene, kahchu mehotles chihutli Herod natunne.
290810003a	Kahchu inchioohwatatyech, kooh atuli otles tyes assii ihe.
29081100a5	Jesus atawotihchi, toowe ehti, Yehoo gha inchiootahtyech aoontye atu otles tyes ahi? atu ka atawahtihala, atahtsuk koole? kooka naghadzye natatsutooh sahoohwaoontye?
290812005f	Naghatai chu ooli, atu ookanahtghaala? naghaji chu ooli, atu atahtsukila? atu chu kyejetahtila?
29081300b2	Kooya tseghila tsi hlahcheti otles tyes hlahcho ootatye keoneti keoneti ketyi enetyi, tanetyi kloke ghaisis tadesmanooh nachatanatyetl nita la? Toowe yehti, Keneti onketi matgha.
2908140099	Kahchu taiuchi aline kootghasitich tikooh keoneti keoneti ketyi enetyi, tanetyi kloke ghaisis tadesmanooh nitalala nachatanatyetli? Toowe yehti, Taiuchi.
2908150030	Toowehchu yehti, Yehoo gha atu atahtsak aoontye?
290816006e	Kahchu yuhchityesha Bethsaida tsi; kahchu kiyananihtyi teze mataituehi, kahchu kichiniooghanunisit yakatutihi.
2908170093	Kwa yila inchut ayi teze mataituehi, kahchu nito kwa tsi achuyetehti; kahchu yatai keghizek tsi, kahchu yakahtehtichoo, taoontya yehti ooli ghiila.
290818003d	Kwa yachi tahyatii, kahchu ehti, Tane ghussi tachin etotyeni.
290819006d	Kahchu yatai katehtich, kahchu yitige ookanahta yehti: kootoo oochu oontyei, kahchu aitye tane oochu ya-iine.
29081a0062	Kahchu yakwa tsi yeteha, toowe yehti ihe, Atu otsitaooya nito kwa, atuline chu tataoonti nito kwa.
29081b0091	Jesus hadesha, yaotatichne chu nito kwa tsi Caesarea Philippi; otsighatelu, Taootya yaotatichne tsi ehtilon kooh yehtiihe, Mea ali saghatya tane?
29081c007d	Kahchu toowela ghati, John tanetukeghinkliti tane ali: ahwole tahkine Elias ghati; kahchu achune atanetaihchi atawotine tane.
29081d006c	Kahchu toowe yehti, Ahwole mea ne ahlaoontye? Kahchu Peter ateyatetla kahchu toowela yehti, Nuni ayi Christ.
29081e0029	Kwa yatati atuli tsi hohohoontye atuneoo.
29081f00cc	Kahchu tyi yaotatich, teze chue atghazi ooli kawotoohunne, kahchu yenaooli hoola ale, taneghaotatichi metihi chok yu, adesklesne chu, kahchu tsazughelyu, taiti dzinee kaohtzut ate kahchu tsitike naootezi.
2908200051	Kahchu ehtii ayi zake tanenichi. Kahchu Peter nayanaun, kahchu tyi chuhootatyech.
29082100ce	Ahwole natanyesha tsi yaotatichne chu kanehtgha, Peter chuatatichlon, toowe ehti ihe, Satuchi otsidiya nuni atsinde metselihi: atu indi natih Nagha Tgha tsi tatyesuttih, yaghi zon ooli tane tsi tatyesuttih.
2908220099	Kootoo tane tsi tyechi ehti yaotatichne chu toowe yehti, Ooline sakehtayeh ati, inkai oochit atu tuti ninayatooalli matsookhatayaghi, kahchu nakehtuyesi.
290823008b	Ayih sye nayaghoohtalon kyehghata kehe, tghayatualassi; ayi tayadesooatai kyehghata kehe suni tsi kahchu otich oochu chu, ayi nayahoohtezi.
290824005a	Yechiha yatsi ewoyuesiha tane, tike okehe ootanatsut ateoo, tatsinde tghayaghatyeshai ate?
2908250022	Ooli sitah tyesooite taghatai tah?
29082600bb	Ooline siooyale tane zake chu chode soochaghachatai chu kyidyetseli chu tanegha; ayilon atane tane chue yaooyaooli, kootoo yuhchininiye ate kochi soochunetyi Matgha keotichne oochune chu.
29090100a3	KAHCHU toowe yehti, Kwa hli anaghaisii tahkine chode natehyane atu koozetse nio-olyezi, naooghatyitsi ooli ate Nagha Tgha kyeyi khoonao-ozit ate mehnatsutsutti yu.
29090200b4	Edzetaiti dzine kloe Jesus Peter chu, James chu, John chu hlyekeghatechlon, kwa hlilon otsighatyesha khis tsi ohtye nataghisatti sahte ooghatyi: kahchu yakaitghaityeh achu meotati.
290903005e	Kahchu makestue mesaniti takulli kye yas etye; atuline chode tike hahtye takulli awolene ooli.
290904004f	Kahchu klohnaaghityetl Elias chu Moses chu: kahchu inchiooghatatyech Jesus chu.
29090500a5	Kahchu Peter otyesta, toowehchu yehti Jesus tsi, Metihi, chode itli gha oochu: inkai taodatyedi kwa aootlihi; ehlaiti nuni gha, ehlaiti Moses gha, ehlaiti Elias gha.
2909060038	Atu ti kehe atu ataotihi ihe; ohtye oonighanintyetl ihe.
2909070064	Koos inchi ghililon: kahchu sa ooghatitsuklon yatsi, toowe otieh, Tai la se Chue menusli: Soozehtso.
2909080051	Intyizon, aoonetye ookaghanehtha, atuline otehchi kiya-i, Jesus zon kooyehkatech.
2909090073	Khis chi chyesta ghatestyetlyu, yanaootatich atuline tataeonti ooli ohwehtyi, teze Chue niiya ate zon mazetse otsi.
29090a004b	Ayi zake kaghaghatalon, ayi yea tane zetse achatya oontye toon ghlaghatati.
29090b0054	Kahchu yehoo gha kiyehti, atesklesne yehoo gha koohatya oontya Elias hatse naoojezi?
29090c00b4	Kahchu ateyatetlalon, yatatio yu, Kwa hli Elias hatse niya, atghe chu ooli sookah nioonila; kahchu takehnichatinkles akehe teze Chue ihe, natlon ooli kaootoohanu, kahchu menachule.
29090d007b	Ahwole suni anaghaisii aoontye, Elias kwa hli nooja, akooghati sikooh kooyekechatihtihch, takehnichatinkles akehe atanewoh.
29090e006b	Kahchu yaotatichne wohniya tsi, tane natlone yehkyatich chu yailon, adesklesne chu, taoontya tookooyetilon.
29090f004f	Kwete atghe kiya-ichi, atghe kaooghalilon, kahchu kichiodehsut yilaghinchutlon.
2909100027	Kahchu adesklesne tsi, Taoontya nayeti?
290911006b	Ehlaiti chu tane natlodi otsi ateyatetla toowechu yehti, Metihi nananihtyi sachue ayehi atsinde saititakli;
29091200c8	Kahchu oolita yihchut assiti koohoontye yayaghinchil: maza tsi oohwoos ooli chu, maghoo natazutsun chu, toontyiyazighai chu: kahchu taoontya kooyesi mawotintichne ghakitoohai gha; kwa hli kooyandatla.
29091300a0	Ateyatetlalon ahwole toowe ehti ihe, Naghai naghaje toontooe assine, taisa tsi otsi naghai aoostya aoontye, taisa tsi otsia naghatagha ooslya aoontye? Sananaha.
2909140083	Kahchu kiyananiooh: ya-inchi kwete atsinde kooghoontye yayaghinchil; kahchu tike nadsut, kahchu yatatatyech maza tsi wohoos hailyi.
2909150066	Taoontya yatgha tsi ehti taisa toh otsi kooh hoontyontya? Toowe yehti tsito ali toh otsi kooh hoontye.
2909160086	Oontlon chu tsichataintyi tyenayehtyech ahoo yu, chahteayuliassi: ahwole oolita aotunatlihlon ate, ahoohchunaya, kahchu ahachinootyeh.
290917004d	Jesus toowe yehti, Aha koodinti ate, atghazi ooli nakeotoonezi ayi aha kooti.
2909180085	Kahchu kwete ayi tsito tatgha tsi otyesta, toowehchu ehti manatu ooli, Naghaghintai, kwa hwe a koosti; oochinootyeh atu a koodestihi.
29091900cd	Jesus wa-ichi tane yuhchiinhlaghatelyu, atsinde metselihi tsighotye, toowe yehtie, Nuni naza oontooehi najih oontooe ahoo yu atsinde nali, ohtye anesii, yuhchihadiya matsun tsi, atu chu mazi kahchu taooya.
29091a0090	Kahchu atsinde otyesta, kwete chu yayaghinchil, kahchu yatsun tsi ghotyesha: kahchu tane zetse etyelon; ayiwola natlone, Tehtsut ghatya aoontye.
29091b0044	Ahwole Jesus yila inchut, kahchu tahyatihtyih; kahchu tsitike nesta.
29091c0062	Kootoo kooyachi nito kwa, yaotatichne sahti wahtila yehtilon, Yehoo gha naghai atu nanitun oontye?
29091d006a	Kahchu toowe yehti, Haoontyedi atu ghatyeh ooli ihe ghachatayach, neaghasuchuli zon atu atsutsits ihe chu.
29091e005f	Ieti otsi achughatestyetl, Galilee chu kyechoghatestyetl; koohchu kootilon atuline atawo-otihi.
29091f00a3	Atai yaotatich ihe yaotatichne, toowehchu yehti, Teze Chue tsataghinsut tane tgha, kahchu kizoohelassi; kahchu tsazehai ate, kahchu tsitike nawataizi taiti dzinee.
2909200051	Ahwole atu ooghatitsukoo ayi zake, kahchu taoontya kiyutekhai ooianh kyeghanejit.
290921006f	Kahchu yuhchidesha Capernaum: nito kwa oota ati otye taoontya yehtilon, Yea khama ootahtyechii atghunni otichi?
2909220073	Aghoo atu yachutyehlon: aghatai hahte atghunni otichi hoonchati inchi sooghatatyechlon, mea otehchi chatinchai kha.
29092300aa	Kachu nesta, keneti onketi matgha tyechi yehti, kahchu toowe yehti, Ooline haladi tooshai ate, ayi zon hli haistlachi ayuhezi, kahchu tane gha aoonetye gha keo-otechassi.
290924005d	Kahchu tsito niyatihtyi, kahchu tane kuzze nayenihti: kahchu yakoone yinchut tsi toowe yehti,
2909250092	Mea so niyatuhtyeloo ehlaiti ayi etye tsito sindizi kehchi, suni nisatintyi: mea so nisatuhtyeloo, atu suni nisatintyi, ahwole ayi yuhchisatyehai.
29092600a1	Kahchu John ateyatetlalon, toowe ehtie, Meti, ghityii ehlaiti atsinde metselihi hayateha nindizi ihe, atu chu naghaketayeh: kahchu nanitun, atu naghaketayeh ihe.
2909270080	Jesus toowe ehti koole, Atu nanaghahun, atuline keoosahch akehe keo-oahchassi sindizi ihe, kwete ketseli hakehe sachuohooteissi.
290928002c	Kahchu ayi atu chahte anahilai naghachinati.
2909290097	Mea so chu naghaooalu ehlaiti tsa taismanni tu woton tsindizi ihe, Christ ezon manatunne aghli, kwa hli anaghaisii, atu tayatooalassi machitikechalihi.
29092a00b1	Kahchu ooline chahteayile assine ehlaiti tidi natsutli aha sooti, otehchi ootaizi atunewoh mehnachahtune kazze tsye ma koos echaghesklu ate, tyechunnityeh ate tu chok ticha tsi.
29092b00bc	Kahchu nila chahtontye ate, hlyenihul: otaihchi oochu nuni gha kweghoya tsaghatati achaghilihi ihe, nila onketi aghoo kochi otsitiya iyu aoontye khoon metselihi tsi, khoon atu nanatsaisti:
29092c0030	Nootya atu taikyehti, khoon chu atu nanatsaisti.
29092d00b8	Kahchu nakye chahtontye ate, hlyenihul: otaihchi oochu nuni gha kweghoya tsaghatati achaghilihi ihe, nakye onketi aghoo ghotsinachatutyeissi khoon metselihi tsi, khoon atu nanatsaisti:
29092e002f	Noota atu taikyehti, khoon chu atu nanatsaisti.
29092f00bc	Kahchu natai nihe atu oochu ookaitghai ate, hanehchul: otaihchi nawotaizi Nagha Tgha tike tsi oowooeissi natai ehlaiti ate, natai onketi aghoo ate otsinachatuhtyelassi khoon metselihi tsi:
2909300030	Nootya atu taikyehti, khoon chu atu nanatsaisti.
2909310065	Aitye tane sootakun natghachulelassi khoon ihe, tsichatullihi assi chu sootakun ihe matghaachulehesi.
2909320098	Sootakun oochu: ahwole sootakun natuetah sootakun matghachilihi, tyeha kyehea sootakun matgha awahhliha? Sootakun kyatihch, kahchu oochu eotine klahtyi.
290a0100af	KAHCHU iiti otsi niiya, kahchu yuhchiklodesha Judea ti otaihchi Jordan natyechi: kahchu tane yinkhatyesha; kahchu tane ootanaun akehe kooh otye keeoach ahli taneghaotatyechoo.
290a020072	Kahchu Phariseene yechitestyetl kahchu taoontya yehti, Oochu la teze tatsiyue yechanaolohu aotezi? kikaotyehunooh.
290a030044	Kahchu ateyatetlalon toowehchu yehtilon Tyeha kehe anaghehtya Moses?
290a040074	Kahchu toowe ghati, Moses hatyeh kha syeklah takehnichatinklessi o-ochatihtyehi adusklesse, kahchu oonchatoohtyellu.
290a05006a	Kahchu Jesus ateyatetlakahchu toowe yehti, Naghadzye natsut akehe ayi ihe naghatsi achateskleslon tidi sa.
290a060041	Ahwole hatseto otsi tike ooli toh Nagha Tgha teze oola tsege chu.
290a07003d	Ayi otsi teze tatgha echeli to chu kahchu tatsiyue kah awoti;
290a08006c	Kahchu kooh chu onkeghatatye kootsun ehlatootyesi: atu otaihchi onkyeghatutyesi ahwole kootsun ehlatootyesi.
290a09003b	Oo ayi Nagha Tgha tsayaghehtichii, atuline inchake niyulel.
290a0a0042	Kahchu nito kwa oota yaotatichne taoontya yehti kwaka inhligi tsi.
290a0b006a	Kahchu toowe yehti, Ooline assine tatsiyue odehtyetine achune chu makahtueh akoochaile ate, soocha keoach.
290a0c0048	Tsege chu tatsiyue odehtye, kahchu makahtueh achilai ate, soocha keoach.
290a0d0062	Kahchu kiyananihtyi tsito yechihai, yekatootihi; yaotatichne yachuootatyech ayi naghanihtyisi ihe.
290a0e00bb	Ahwole Jesus wa-ichi, ohtye atu minihtike ooghilelon, kahchu toowe yehti, Ghateh kooyasahlah tsito yechihai sachaghatutyeli, kahchu atu nanahahun: ayi ihe nao-oaizi Nagha Tgha kyeyih tsi.
290a0f006a	Kwa hli anaghaisii. Ooline atu niyatiooti Nagha Tgha kyeyih yechinekehchi atu Nagha Tgha kahchi koowoyezi.
290a100051	Kahchu yakoone ihe niyatintyih, kahchu yakatihtich, kahchu oochu yachi indityesa.
290a1100b1	Kahchu yitai tyesha atghunni kehchi, ehlaityi yuhchidesha ghatlelhu, kahchu yachinachustatalih, kahchu taoontya yehti toowe, Oochu Tanechiotyihi, tawoshlaitea ahtaze wostazonha?
290a120072	Kahchu Jesus toowe yehti, Yehoo gha oochu indityesa sindilon ha? atuline oochu oontye ehlaiti zon, ayi Tikeaootli.
290a1300b6	Sa tsiwohzon atanati, Atu soocha aoonta, Atu chu tane zaoohel, Atu chu anaooih, Atu chu ketselihoo tsiwotahoontich neotinoo, Atu chu tane nawoah, Ohtye taghooncha natgna chu noo chu.
290a140060	Kahchu ateyatetlalon toowehchu yehti, Taneghaotatich, atghe tidi kama indityeaiih yeshihto otsi.
290a150100	Kahchu Jesus yakaihtgha, yuntyeh, kahchu toowe yehti, Ehlaiti ooli nainchi tehtsut: ootinta, anehisi anetye mataghaneli, tyetaisanaine chu ghatanale, kooh ohtye natatootlosi ya tehchi: kahchu yuhchidiya, kahchu ninaootiah ayi sookatiya-i, kahchu sakehtiya.
290a160073	Kahchu atu oochu indityesalon ayi sa tachi, kahchu yitaityeshalon atu keneli ihe: atane ohtye ooli natlon ayehilon.
290a170081	Kahchu Jesus klokanatgha, toowehchu yehti yaotatichne, Tewotye atatlate ayine matatintlone kwewootyelassi Nagha Tgha nataghe tsi!
290a1800b7	Kahchu yaotatichne yazake kaooghulli. Ahwole Jesus ateyatetla kahchu toowehchu yehti, Tsitohkaine, tahtye indatlaooh ayi kiyasooli mehmehetatintlon kwewootyelu Nagha Tgha mataghe tsi!
290a190075	Ayi kyeotunni ghatai kwewotyizoo apetsiche kaookoodi, o-ochi matatintlon ehlaiti teze kwewoya Nagha Tgha nataghe tsi.
290a1a0045	Kahchu o-ochi ghaooghali, toowe hlaghatati ihe, Mea mechua aghatoota?
290a1b0098	Kahchu Jesus yakaitgha toowe yehti, Tane la atu kookechi nioontsit, Nagha Tgha la atu kooh hoontye: aha atane Nagha Tgha atghezi ooli mahechi nioontsut.
290a1c0057	Kahchu Peter toowe tyi ehti, Nea anetye kyecho tasityetl, kahchu naghakyehtasityetliih.
290a1d00ec	Kahchu Jesus ateyatetla toowehchu yehti, Kwa hli anaghaisii, atuline ooli kyeghachelihine nito kwa, mekye koole, mehtghizze koole, matgha koole, ma koole, matsiyue koole, maskyege koole, matsatle koole, suni ihe, kahchu otich oochu ihe,
290a1e00e5	Ahwole otsinitooalassi keonetyi ketyi otehche enetyi too, nito kwane, mekye chu, mehtghizze chu, matgha chu, ma chu, maskyege chu, makyeyih chu, kahchu tsookatayaghi chu; kahchu achu tike tsi ghonioonizut ate kwihzon ehchaghatai.
290a1f005d	Ahwole natlone haladi atine haistlachi awotyeissi; kahchu haistlachi atine haladi awotyeissi.
290a2000cc	Kahchu atghunni aghatii Jerusalem otsi ghatestyetlu; kahchu Jesus yaghatyesha: kahchu kawoghuli; kahchu kiyahsellu oonighanityetlon. Kahchu niyatila keneti onketi matgha kahchu yatatati yesoo yuhniyi ihe,
290a2100b4	Toowe ehti ihe, Nea Jerusalem otsitatyetl; kahchu tane Chue niyatoohtyelassi taneghaotatich tyiyine, adesklesne chu; inkai mazetse ooli kiyehtlon, kahchu kiyaniyutyelessi achunene;
290a220089	Kahchu kiyachaochesi, kahchu kikatootoozassi, kahchu kikyehoozekassi, kahchu kizoohelassi: taiti dzinee awooche ate tsitike nawootyeissi.
290a23007a	Kahchu James chu John chu, Zebidee chue, yachidesha toowe yehtie, Taneghaotatyechi, kooh koosti aghaawoti akootiti sikooh.
290a240039	Kahchu toowe yehti, Yea sachi nioonunassit naghachanasti?
290a25006c	Kahchu toowe kiyehti, Aghaniah sookah ookyetih, ehlaiti mehoonati, hligi oosklaghazihtye, nachatinchai kehe.
290a2600b0	Ahwole Jesus toowe yehtii, Atu atawahti ooli ootahkyeti: atu mihe tuwahto la ayi tsa mehtughastoii? kahchu tunaghakechuhkliti ayi mehtanekhaitsikliti ayi ihe nehsakaichihkliti?
290a2700c2	Toowe kiyehti, Atu ahandatla. Kahchu Jesus toowe yehti, Kwa hli tuwahtoissi tsaeh ieti otsi tughastode; kahchu ayi mehtukhaitsihkliti mihe tusakechihklitii ihe ayi ihe mihe naghakyechuhklitassi:
290a280087	Ahwole wostyi chisinchi chu tayaghetichu oosklaghazintye atu si senatunne eli kaooali; ahwole kooyachulelassi ayine kooya so-ochesunne,
290a290050	Kahchu kenetyine aghatitsuk chi ohtye atu yatsi kyehanelilon James chu John chu.
290a2a0091	Ahwole Jesus tyechi yehtilon toowehchu yehti, Atawahti ayi kechanehtya kehe kikaootsutti ayi achune kooyakeolech; kahchu kootaityiye kooyaghatah.
290a2b0075	Ahwole naghai atu kooh akehe naghahtyeissi: Ahwole ayi koonoochu sachatoohcha kooti, naghani ayi nagha keo-otichassi:
290a2c0075	Kahchu ooline assine naghani ihe haladi miindichatoesi o-ochi chatoohchai gha, tane glia keo-otichassi achanetye gha.
290a2d0088	Ayi aghoo teze Chue atu makeochatichi ihe yuhchideya, ahwole tane gha keo-otichassi, kahchu khaooallu yeghataisi natlone yatachi ootane.
290a2e009f	Kahchu nighanintyetl Jericho: kahchu Jericho otsi hatayaooh yaotatichne chu tane natlone chu, mataituehi Bartimaeus, chue Timaeus, tinkuzze satah tyechihi ihe.
290a2f0079	Atitsuk chi ayi Jesus Nazareth chihtatyezutti, ohtye tyi otyesta, kahchu toowe yehti, Jesus nai chue David, soonchoonaya.
290a300065	Kahchu natlone yatati atu awotihi gha: hoontye ooli otaihchi ohtye otyesta, David chue, soonchoonaya.
290a31008c	Kahchu Jesus hlininiya, kahchu kwehakehe ehti. Kahchu tyechi kiyehti ayi teze mataituehi, toowe kiyehti ihe, Kyeneneli, niiya; tyechi nehti.
290a32003f	Kahchu ooyadehchus yiatehtakadi, niiya, kahchu Jesus tsidyesha.
290a330086	Kahchu Jesus otyesta toowehchu yehti, Ye sachinioonunisita anusleha? Ayi mataituehi teze toowe ehti, Aghaghintai, setai saanaoontlihi.
290a34006d	Jesus toowe yehti, Taihchi ootinta; na-ihe naghinta. Iitetyeh matai naootli, kahchu Jesus kyehtesha atghunni.
290b01007f	Kahchu hwa aghatyi Jerusalem, Bethphage chu Bethany chu chisinchi, khis kuchi Olives aghatyi, yitaityeha onketyene yaotatichne,
290b0200b9	Kahchu toowe ehti, Taihchi otsitahtyel yito kwa oontlo chi naghanataihchi: kahchu kweghaachatyeh soosooklya aghahtyelassi taghaklu, atu makai achatyi; tahwahut, kahchu yuhchinaghahtyel:
290b03007b	Kahchu ooline toowe naghai tyete, Yehoo gha koohghahtya oontye? kooh taghahti, Metihi tiye hehti; kwete cho otsi nayaduesi.
290b040074	Kahchu yitaighatestyetl, kahchu soosooklya kiyintyi taghaklu tusklahooka atghunni yaghintyidi; kahchu tahkiyainghut.
290b05005e	Kahchu tahkiae iiti naihyani toowe kiyehti, Yehoo gha kooh hahtya oontye taghautti soosooklya?
290b06003d	Kooh kiyehti koohotye ayi Jesus akooyehtii: kwa kootayinchut.
290b07005b	Kahchu soosooklya Jesus gha naghunihtyi, kahchu kiyeatetahkatti keghihla; kahchu yakaisata.
290b080085	Kahchu natlone kiyeatetahkatti atghunni tsiyaghestla: kahchu achune naghaghihul tatsi tachin tsi, kahchu ghatyeh atghunni ghatunihla.
290b090095	Kahchu ayine haladi atine, kahchu ayine tanekeghatailhne, oghatyesta, toowe ghatieh, Hosanna; Moohchuootaya ayi yuhchideshai yindizi ihe Naghaghatai:
290b0a0088	Koonoochu moohchuootaya manataghe nagha tgha David, yuhchideshai tindizi ihe Naghaghatai: Hosanna ayi zon o-ochi yataihchi miindiotehah.
290b0b00be	Kahchu Jesus kwiya Jerusalem, o-ochi tyetachatlihi kwa chu: kahchu kootoo anetye ooli ookaghanehtghachi, kahcu kahkachi aoocha koohnioonizutooh, hadesha Bethany tsi keneti onketi matgha chu.
290b0c0032	Kahchu naodike tsi, ooatastyetl Bethany tsi tapat:
290b0d00a1	Kahchu chiche chok chine toontyetsi ya-i maton ooli, yuhchidesha intyizon ooli ion ate: yuhniya tsi aton zon yilah; atu ka chiche nichatilesti kho nioonizut ihe.
290b0e0083	Kahchu Jesus otyesta toowehchu yehti, Atulire otsitsassi chiche nai ihe too otsi nioonizutti otsi. Kahchu yaotatichne oohatitsalon.
290b0f010e	Kahchu nighanintyetl Jerusalem otsi: kahchu Jesus kwiya tyetachatlihi kwa otyiyi, kahchu hayadesla ayine atagholane kahchu ataghatotane tyetachatlihi kwa otyiyi wota, kahchu yechonayadehklit yakeehtai ayine sooniya klaghayihne, kahchu yestahi chu ayine oyetli tagholane;
290b10006b	Kahchu atu hatyeh yasehlai iyu maaoontye ooline yatooai oolita tatawochulihi tyetachatlihi kwa otyiyi oota.
290b11009a	Kahchu yaotatich, toowe yehti ihe, Koo atu kooh akehe nichatinklessi la, Sa kwa anetye tane tyetachatlihi kwa wowohyih? Ahwole kooh awahtla anoosine take.
290b1200b1	Kooh adesklesne chu taneghaotatichne tyiyine metihi chu oohatitsuk, kahchu oonkhaghanatgha tyeha kehe chahteakiyule gha: yeghanejit ihe, aitye tane khaooghulli ihe yachihootehe.
290b130035	Kootoo kahkachi ooli tsi, hadesha nitokwa wotyih tsi.
290b140057	Kahchu hatlindo aoocha, taihchi ghataihlu chiche chine maghaye otsi ya-ikoonoo kiya-ih.
290b15006f	Ayi Peter kyejetitihyu toowe yehti, Taneghaotatyechi, makintgha ayi chiche chine atu tyeswe adintii kwa sakoon.
290b16003e	Kahchu Jesus otyesta, toowehchu yehti, Nagha Tgha aha oodinti.
290b1700ec	Atai kwa hli anaghaisi, ooline ti khis atyetane, Achu ninintsit kahchu otsinachatoohtyeli tu chok tsi; kahchu atu tawahkootye ate tadzye ihe, ahwole ihe kootilon ate ayi ooli ehtii sakyehchi niwotsitti; awohiisi atghazi ooli tyekootesi.
290b18006b	Ayi ihe anaghaisii, Ooli si nioonunisitassi, aghaswehlye ate, ihe kootahti nitaghahali, koohzon naghahaisi.
290b190097	Kahchu natahya otye aghaswehli intyizon ooline oolakehe chahte meititaai ate: Nagha Tgha naghai chu ya tehchi ati naghaoochatoohulassi nagha metselihi.
290b1a0061	Ahwole atu ootalai ate, atu naghani chu Nagha Tgha yatehchi ati naghaoodohulassi nagha metselihi.
290b1b00b6	Kahchu yuhchighatestyetl Jerusalem tsi: intyizon ghayahlhu tyetachatlihi kwa otyiyi oota, yinkhadesha taneghaotatich metihi tyiyi, kahchu adesklesne, kahchu haladi meindi chatehaneh,
290b1c0079	Kahchu toowe yehti, Ye makaoonatsut ayiwoh keoonaahch aoontye? kahchu mea nayiwa tidi kakaoodzutti keoonaahchi tidi ooli?
290b1d00af	Kahchu Jesus ateyatetla toowehchu yehti, Suni chu ehlawotatye taoontya naghosyeassi, kahchu satatahti ate, naghatatuhsi ye kakaoodzutti kooh akehe kewohahch aoontye tidi ooli.
290b1e0052	Matukeghihliti John yataihehi otsi la tatyesut oontye, tane tsi koole? kootatinti.
290b1f0075	Kahchu inchiooghatatyech, toowe ghati ihe, Koohtitye ate Yataihchi otsi; kooh tootyezi, Yehoo gha tawah tahtyaoontye?
290b200076	Ahwole koohtitye ate, Tane tsi; tane eghanejit: ayiwo aitye tane koohkiyehti John, yaghi kwa hli tanetaghatahchne ali.
290b2100af	Kahchu ooghatyesta kahehu Jesus tsi toowe kiyehti, Atu koowoti. Kahchu Jesus otatihch toowehchu yehti Suni chu atu naghatatuhsesi naghakaoodzutti ayi ihe keoonaahch tidi ooli.
290c01010c	KWA tyi yaotatich yiheaghasule. Ehlaiti yaghi tane oonehye chiche chok chine ochunehyehti, kahchu anetye ootaisuggi oola lon, kahchu hayaghinkyetlon ayeti chiche tu taaoohklitigha, kahchu nayaghintsih khaghatai kwa, kahchu yaniyiooh oonehyene tane, kwa tontyetsidesha.
290c020095	Kootoo koonioonizutooh otsiyateha ayi ehlaiti yakeotiche yinkhadoya natlone tezoo, yayual assilon chiche natlone tezoo chiche chine oochunihyehi tsi.
290c030041	Kahchu nighatintyi, kahchu kikutatooz, kahchu tahzoh achukihteha.
290c040077	Kahchu yachideha achune woaine; kahchu ine tsihadehyitl, kahchu tsinakoozehai yetsi ihe, kahchu achukideha maooya ooli.
290c05006f	Kahchu achune otsideha; kahchu ayi hazehai; kahchu achune natlone, tahkine chu kikutatooz, tahkine chu kizehai.
290c060081	Kwaka ehlaiti machue ayehi, o-ochi mandayadetlahoo, ayi chu haistlachi yachiyadeha toowe ehti ihe, Kiya indi nootghahassi sechue.
290c07007d	Ahwole ayine oonehyene tane toowe hlaghatati, Tunela katsila kakaoozutassi; kwa hoote zaoogheli, kwa naghani kakao-odzutassi.
290c08005a	Kahchu nighatintyi, kahchu kizehai kahchu khakitihtyi chiche chine ochenihyehti iite otsi.
290c09009e	Yea aaoti ayi kakaoodzutti chiche chine ihe ochanahyehi? yuhchinatlone chahtawoleissi oonehycne tezoo, kahchu achune chiche chine ihe ochanahyehi ghaooalassi.
290c0a007d	Koo kahchu atu makeh ootaghatechila tidi aduskles; ayi tsye kiyenali? ayine nito kwa aootline ayi hatse oohniya sookewostidi:
290c0b0046	Tila Aghakaoodzutti makyeoahchi, kahchu ohtye kawochulih naghataitgha?
290c0c00af	Kooh chu oonkhaghanatgha kiyuhchutigha, ahwole tane eghauejitlon: aghatane atawo-otihi ihe ako-oyehti ihe ayi meaghasoochali: kahchu kiyechutestyetllon, taichi ghanintyetl yu.
290c0d004e	Kahchu kichiteha tahkine Phariseene chu Herodiana chu, kiyukluhchi gha yazake.
290c0e0114	Kootoo nighanintyetl tsi, toowe kiyehti, Taneghaotatich atawotihi hlodinti, atu chu ooline inaoohoontyiassi: atu chu kyinditaniha tane oontya kehe, ahwole taneghaodintich Nagha Tgha oontya kehe matlontideh: Tsiwohzon la machulelu mehtikechilehe sooniya Caesar, intooe ate chu?
290c0f0095	Kaooyeli la, atu kaooyeli koole? ahwole atai atawonatioo meaneahe, toowe yehti, Yehoo gha sakaootahun aoontye? sananahah sooniya satsoone, wosyekhai.
290c10007b	Kwa nakiyiooh. Kahchu toowe yehti, Mea achintye sikooh kahchu takehnichatinklesi mindizi? Kahchu toowe kiyehti, Caesar tsi.
290c110084	Kahchu Jesus ateyatetla toowehchu yehti, Caesar ghanahah ayi ooli ayahi Caesar, Nagha Tgha chu ooli ayahi Nagha Tgha. Kwa Kiyaoolih.
290c120077	Kootoo kooyinkhachatestyetl ine Sadducee yaghine nachaghintai oontooe ghatine; kahchu taoontya kiyehti toowe ghati ihe,
290c1300c1	Taneghaotatyehchi, Moses aghaadusklesiih, Ooline mekye tehtsut, ate, matsiyue chu yechodyesha ate, kahchu tsito atu yechodyesha ate, mekye matsiyue niyatahtyeloo, yaskyege yayanuhi tsito mekye.
290c140064	Oowhilihi taiuchine hlyehligi ghili: kwa ayi hatse tsege nitintyi, tehtsutooh atu tsito yechodyesha.
290c15007a	Kooh chu haladi tachi tsege ninayatihtyi kahchu tehtsut atai chu atu tsito yechodyesha: haladi tachi ayi chu kwaka hlyeih.
290c160064	Kahchu taiuchi aline aghahiii, kahchu atu tsito yechoghatatyel: hli haistlahchi ayi tsege tehtsutii.
290c170077	Hooghaghintyetl tsi, tsitike ghaiskye tsi ooli ate mea soo ate yakahoota tyiooh? taiuchi ghili aghanetye kookahsatalon.
290c18007c	Kahchu Jesus ateyatetla toowehchu yehti, Atu kha yaghayala, atu itawahtihi ihe, aduskles tyiyi, Tikeaootli koole manatsutti?
290c190092	Kootoo tsitike ghaiskye ate koozetse otsi atu inkah tueakoochila koole atu chu hlakoochilalon; ahwole keotihchi tyiyi yeghinhtyelon yataihchi ati.
290c1a0121	Ahwole tehtsut ine, tsitike nawokyesi: atu makyeh ootaghatyechtah ooli la Moses adusklese, tyeha yehti kat tsaghehtonti Tikeaootli yechiintechii, Suni Tikeaootli asli aoontye Abraham tgha asli, kahchu Tikeaootli asli aoontye Isaac tgha asli, kahchu Tikeaootli asli aoontye Jacob tgha asli?
290c1b004f	Oochu natooene atu yeta odeha ahwole yaghitane gha: ayi ihe o-ochi kayaghatsut.
290c1c00b4	Kahchu ehlaiti adesklesi yahchidyesha, kahchu atitsuklon ihe inchiotatyech otye, kahchu atawotihoo tsiwohzon ateyatetlalon, taoontya yehtilon, Tyeya ootaihchi hatse tsiwotsatyehli?
290c1d009d	Kahchu Jesus toowe hakehe ateyatetla, Hatseto tsiwotsatyehli anetye asikooh titih Nea oozintso, Israel; Naghaghatai Nagha Tgha atane zon Naghaghatai aoontye:
290c1e00a7	Kahchu maoontye Nagha Tgha Naghaghatai atghe nedzye ihe, kahchu atghe matsinde ihe, kahchu atghe nindi ihe, kahchu atghe nanatsutti ihe: ayila hatsetoh tsiwotsatyehli.
290c1f0090	Oo ayi onkye kwa hlye oontye, toowe hakehe, Mataghoonti nehtanoone natsun matintya kehe. Oontooe tsiwotsatyehli ootaihchi miindichatoohai tizon.
290c200082	Kahchu adesklesne toowe yehti. Kwa hli Taneghaotatyechi, kooh tintiih hlonchati: ehlaiti zon Tikeaootli ali; atu achune atune zon:
290c2100f5	Kahchu machutye atghe khadzye ihe, kahchu atghe atsatitsuk ihe, kahchu atghe khatsinde ihe, kahchu atghe mehnatsutsut ihe, kahchu yuatutih yetanoone atwati yakehe, ootaihchi kyeindi ooteha ayi aghoo atghe tsichatihuli chu inghade keochaachi chu.
290c220084	Jesus wa-inchi ooyu tahwohzon, toowe yehti, Atu tontye tsi anatih Nagha Tgha nataghe otsi. Atu ayi keh taoontya atu nichatitah ooli.
290c230097	Kahchu Jesus otyesta toowehchu yehti taneghaotatyechoo sahtgha tyetachatlihi kwa tyiyi oota, Yehoo gha adesklesne kooghatya oontye Christ David machue?
290c24009e	Ayi ihe David atane koochati kooehtii Atsinde Oochu ihe, Kakaoodzutti kooyehtii Sakaoodzutti, Nuni sinta noohtichintye atehzonih aiseakooyasle ate tsintanine.
290c25007b	David atai hoochati nai Kakaoonadzutti yehti; tyechi otsi gha machue yilontye? Tyetaisanaine kyehanelilon oochu kititsalon.
290c2600a1	Kahchu toowe yehti machiootehe, Matsagha ghahta adesklesne, tane ayine kwaghintyene koo kestue yaintyesne, kahchu kwaghintye kyila chihchiche inchiatahachulihti.
290c270057	Kahchu asta otyihti tyetachatlihi kwa, kahchu o-ochi nataghisatooh asta kwehluchayihti:
290c28008c	Chahte akiyila ya kwa waatyihi, kahchu tane ghanaahooh oontyes oohatatyech: ayi ti otsinighatooalassi ohtye otaihchi ketselihoo keochaahchi.
290c2900a5	Jesus chu sata sooniya ninchatilesti oghade, kahchu tane ya-ih iotsi sooniya otsiyatelyihoo kweotsi nichatilihi sooniya; natlone chu tatintlone natlon kwechihatehul.
290c2a00a3	Yuhchidesha ehlaiti tsege tiesunni waatyihi ali, kahchu kwehchiyatehyitl o-ochi yaintsutli onketya sooniya satsoone toolya ehlaiti sooniya satsoone enetya eyontyi.
290c2b00b5	Kahchu yaotatichne tyechi yehti, toowehchu yehti, Kwa hli anaghaisii, tai tiesunnioo waatyihi naghataihchi ohtye kwechiyatestla, anahtye naghai ooia kwechitala sooniya nichatilesti:
290c2c0088	Ayi ihe aghanetye kwehchighadestla kootatintlon otsi; ahwole atai yindatli otsi kwehchiyatehyitl anetye ayehesi, anetye ooli yighataisi.
290d01009d	HOONTATAHOOH tyetachatlihi kwa otyiyi tih otsi, ehlaiti yaotatichi toowe yehti, Taneghaotintichi, nea ti tsye naih atotye, kahchu nito kwa atotye chode ooli!
290d020081	Kahchu Jesus otyesta, toowehchu yehti, Onaila tidih kwa tyiyi tonli? atu ehlaiti woo meachu chatuyesi tsye tasaoo nachatihulassi.
290d030098	Kahchu sata klataihchi khis ke Olives ooghade tyetachatlihi kwa tyiyi, Peter chu James chu John chu Andrew chu taoontya kiyehtilon sahti aghati zahtgha,
290d040071	Aghatatinti, taisatsi ooli khoonioozit aoontye? kahchu ate taootyaoontye kootoo anetye ooli ooghade nininkye ate?
290d050042	Kwa Jesus atoyatetla toowehchu tyi ehti, Tyeke atuline naghanooah:
290d060069	Natlone chu yuhchighatutyelassi sindizi kehchi, toowe ghatuti ihe, Suni Christ; natlone chu ghanooahassi.
290d07009e	Kahchu atahtsuk ate natsapahi kahchu natsapahi eoyu ate, atu nagha khazatawahtyel: ayi etye ooli kehchi nio-otsitassi; ahwole halohchi atuka koohnao-ozitassi.
290d0800e4	Ayi ihe ehlaitidi tane ghataghitodeh kiyinkha ghatapah achu tanane, kahchu tane tike inchi niihach: kahchu eonetye tsi tike ootooloone tsi, kahchu wo-olyesi to khasihai tsookachatayahi chu: ayila tatyeski ochati kyeatsunatsitti.
290d0900e4	Awole achukhahahta naghai: naghaghatoochitassi tsiwotsatyelchi; kahchu tyetachatlihi kwa oota naghatghatsutyesassi: kahchu nanaghachulelassi haladi tsiwotyihi metihi o-ochi metihi tyiyi chu suni ihe, ayi ihe kooyeh ooghahtichoo.
290d0a004d	Kahchu otich oochu ihe hatse kooyehoochutichassi tike okehe atghe tanane tsi.
290d0b00f1	Ahwole otsinaghachataistle ate, kahchu naghachataitsut ate, atu ahunataihchi kindiwahtsit atawahtyakehe sootasun koole ataghahkyakehe: ahwole ooli si naghachualassi ayi sakehchiaghali ayi otahtich: atu naghani otahtyech ahwole Atsinde Oochu.
290d0c008f	Mekye taza ihe yatutsitassi azeche tsi mekye, kahchu atgha khachue; kahchu tsihone koonahchine niwotyelassi, kahchu nakiyuteissi tsazuheli gha.
290d0d0069	Kahchu naghai tane naghachatuh Ikeassi sindizi ihe: ahwole ayi ayuhi haistlahchi otsi, ayi nachaoohtaisi.
290d0e00d6	Ahwole wa-itah ayi metselihi chahtehnitsutsiti tsi kamaotatyehchi Daniel atanataihchi atawatihi nachaghintsitti ayiti o-otooassi lon, (ayi aghasule inkai ootootsukki,) inkai ayine Judaea aline khis tsi ghatoowhezi:
290d0f006f	Kahchu ayi tahtaghatsi nito kwa atu noocha nito kwa otsi, koole atu ayite kwewoya oolitah nitooaluh makwa otsi:
290d10004e	Kahchu yaghi achunihyehti oota ati atu tahnatoocha yehatyetakhati niyatooallu.
290d110062	Ahwole atu oochu awohtyeissi ayine koozita tsito tehtsine, yaghine chu tsito yehtochne ayi dzinee!
290d120031	Kahchu aghasuahlih nahuthataklihi atu yaske ooli.
290d1300a6	Ayi ihe dzinee oolezi tsookachatayahi, ayi etye natooehi zon ooliih toh otsi hatseto tike ooli toh otsi Nagha Tgha ayilaii, kwa hlilon too otsi, atu koole o-otoowesi.
290d14008b	Kahchu atu Tikeaootli dzinee nakhasse oolai ate, atuline ootaizilon: ahwole matghachihchine tsi, yatgha-ihchilon, natya oolalon ayi dzenee.
290d150062	Kahchu ooline toowe naghahtye ate, Nea, taila Christ; koole nea, yaghitih atih; atu a Kootaghahti:
290d1600ab	Ayi ihe atu tyeswe Christ kahchu atu tyeswe ghaghatane niwootyelassi, kooh chu kiyuesi ehtole kahchu kawochuli, aghanooahi gha, awowootli iyu aoontye ate, matghachihchine.
290d17004a	Hoontyeoo khama-inditahsit naghani: nea, naghatasiih atghazi ooli ootagha.
290d180070	Ahwole ayi dzinee, kaohtzut ate ayila tsookaehatayahi, sa ihewohelassi hatleke iza chu atu kaooalassi maootaghe,
290d190054	Kahchu yataihchi sun ooli nakyelassi, menatsutsutti yataihchi ta ooli yatooloonassi.
290d1a005e	Kwa ayiti kiyueissi teze Chue yuhchidesha khoos tgha o-ochi mehnatsutsutti chu tsatinchai chu.
290d1b00ab	Kwa iiti otsiyateha yakeotihehi tyiyi, kwa chu nachaghanoolelassi yatghachihchine tyeotatyechi otsi ninchi, o-ochi tike wolonhchi otsi kwa hlilon o-ochi yataihchi lonhchi.
290d1c008b	Kwa hoote ookaatawahti mihe achati chiche chine tsi; kootoo kwaka matatse natsutletonh, kahchu ato nehyehta, atawahtihoo hwaza atoleh ooli:
290d1d0060	Kooh otye naghani chu, wa-ichi tidi ooli koohnininkye ate, atawahti kwa hwa ooli, tusklah koole.
290d1e005d	Kwa hli anaghaisii, taine yahlaniyune tanane atu koolonh oolesi, aise atghe ooli tidi achahi.
290d1f0041	Yataihchi chu tike chu o-otooesi; ahwole sezake atu woloh oolesi.
290d200088	Ahwole ayi dzinee kahchu ayi sakehchiahali atuline atawoti, ama, atu keotihchne tyiyi yatehchi atine aghoone khachue aghoo, khatgha zon.
290d210050	Tyeke naghai, ootanahi kahchu aghasuahli: ayi ihe atu atawahti kooh nawizut ate.
290d2200be	Tezoo Chue ali ihe tezoo yetye tontyetsi tatyeh ihe, tanito kwa kyechotyesha, kahchu yatsiwosta yakeotichne, kahchu anetye tezoo keotihch akehe, kahchu ayehtii tusklah khaghatai ootanoo gha.
290d2300a3	Ayi ihe ootanahi: atu atawahtihi aoontye kootoo nito kwa khaghatai naoochati, kahkachi koole, hatleke tatichi koole, tihchok otyesta zahtgha koole, hatlindo koole:
290d24002e	Intyizon nooja ate, atu nahoohtyeloo satyechu.
290d25002d	Kahchu ayi anaghaisii anetye kooyesi, Oonahi.
290e0100cb	Onkyeti dzinee oolesta ooli kwehlachayihi passover achati, kahchu otles atu chehyutli: kahchu taneghaotatyechi tyiyine adusklesne chu oonkhaghanatgha oolakehe naoonai nighatuhtyeli gha, kahchu kizuhelyu.
290e02004a	Ahwole toowe ghati, Atu kwehlachayihi dzinee eli, atu tane inchiniootyelu.
290e0300e7	Kahchu ali Bethany tih ma kwa oota Simon chusache ayahi, intyizon sata atsitsoo yuhchidesha tsege ayahi khluk tsye khaisis spikenard otsi o-ochi matahi natlon; kwa yataghataghiooh tsye khaisis yitii, kahchu yatsi kachi nayadinklit.
290e040067	Kahchu tahkine atu keghaneli kooyindi ihe, kahchu toowe ghati, Yehoo gha tidi ghatsatyestka tidi khluk?
290e05008b	Ayi ihe ataghachulekhai ootaihchi tghakooh keoneti ketyi sooniya satsoone ihe, kahchu tyetaisanaini ghachulelakhai Kwa atu tyeswa akiyehti.
290e060061	Kahchu Jesus toowe yehti, Atu machuwahti; yehoo gha machisootahtyihch? ootaihchi oochu saatyiinh.
290e070078	Ayi ihe inkaa eahline tyita-isanaini, kahchueoonetye akootahti o-ochi akooyaghaklehesi: ahwole suni atu inkaa naghaasli.
290e080056	Koo hatiih machitelonh otsi: ootagha yuhchidesha yuhthlukke gha oochu nisachutyel gha.
290e09007f	Kwa hli anaghaisii, ooli tsi otsi tidi otich oochu moohwochatih ate tike okehe, tidi chu atii moohwochutyehesi menachutihi gha.
290e0a0080	Kwa Judas Iscariot, ehlaiti keneti onketi matgha ihe, yinkhadesha taneghaotatyech tyiyi metihe, ooli oochadehyitli kyehodewoosh,
290e0b0093	Oohaditsuk chi, ohtye kyehanelilon, kahchu ootagha tsi akiyehtilon sooniya yaooleli. Oonkhanatghalon tyehakehe sookah nio-otsitigha chahte autigha.
290e0c0096	Kahchu hatseto dzinee otles atu chihyutli, kwa ooghazehai passover, yaotatichne toowe yehti, Tyecha koodinti nataghasootaoozani ate oonsitsi passover?
290e0d00ba	Kwa onkye tane yaotatichne yitai tyeha, toowehchu yehti, otsitahtyel nitc kwa otyiyi tsi, kwa matiti tagahazasi ehlaiti teze yaalu ehlaiti mehtukachatayehi taismanooh tu ihe: makehtahaz.
290e0e0072	Kahchu kwiyesitti, toowe ahti nito kwa kakaoodzutti, Wondi achune kwa ayiti o-ositsti passover mawotastihchne chu?
290e0f0063	Kahchu wahih naghotyesi ooncha tyinta ooli chelohchi soowachisunooh: Naghani gha iehti soowatahsun.
290e10008f	Kahchu yaotatichne yitaighatestyetl yuhchi chu ghatatyetl nito kwa otyiyi tah, kahchu woghiooh akooyehtiii: kahchu yatagha sooghihsun passover.
290e110035	Kahchu kahkachi yuhchinooja keneti onketi matgha chu.
290e120077	Ghadehtsi zahtgha kahchu eghinta, Jesus toowe ehti, Kwa hli anaghaisii, ehlaiti naghai chodeh sakaehtane chahte asooti.
290e130063	Kwa tyi atu keghaneli, toowe chu tyi ghati ehlaityekooh, Suni la? kahchu hligi toowe ehti, Suni la?
290e140062	Kwa ateyatetla toowehchu yehti, Ehlaiti kenetye onketi matgha ihe, yaghi tila ihe setyi tsa ihkye.
290e1500ad	Tane Chue otsidesha, takehnichatinkles akehe otye: ahwole atu oochu oontye yaghi teze tane Chue mihe atahachahi! otaihchi o-otaizilon yaghi teze ihe atu niniya tah ooli ate.
290e1600a6	Kahchu aghatsitsoo zahtgha, Jesus otles tyes nidiooh, kahchu merci ehti, kahchu tahke yataghiyits, kahchu yayiooh, toowehchu yehti, Nitahah, mehtah: tila sazi alonte.
290e170059	Kahchu nidiooh mehtusato, kwa kayioo merci, yayiooh: kwa aghanetye ayite otsi tughatolon.
290e18005e	Ahwole toowe yehtiii, Tila sa tulle alontye aduskles koonde ihe, oontlo chi otsi tyechihkliti.
290e190084	Kwa hli anaghaisii, atu otaihchi wostoissi machiche chiche tu chine tsi, kwa hlilon yaghi dzinee kwa kootyinusto Nagha Tgha nataghe.
290e1a0034	Ehlaiti hyin eghachinooh khis Olives tsighatestyetl.
290e1b00b0	Kahchu Jesus toowe yehti, Anahtye naghai atu oochu inditaghaaisi suni ihe too hatleke: takenichatinkles akehe, Ooshalasi aspai ghaghatai haslai ite eonetye tsi natihassi aspai.
290e1c0037	Ahwole tsitike netai ate, naghaghatuhshezi Galilee tsi.
290e1d005b	Ahwole Peter toowe ehti, Inkai ahwole aghanetye atu keyaneli ate, hoontye koole suni intue.
290e1e008b	Kahchu Jesus toowe ehti, Kwa hli anesi, tidi dzinee, tidi hatleke te, atu ka onkye otyesta tyeh tihchok, tghakooh oohchit soota-ghoontyesi.
290e1f0093	Ahwole otaihchi otatich hloduhsi kootieh, Ahwole nakah tanesut ate ooh, atu ihlawotatehoo oohchit noodustyeisi. Kwakooye otye aghatane chu ghatiih.
290e200060	Kwa koohnaghintyetl Gethsemane woyetih: kahchu toowe yehti yaotatichne, Nea aghasushlito sakyeh.
290e21006c	Kahchu yehtestyetl Peter chu James chu John chu, kahchu o-ochi inditatunne, kahchu matsun tah oonkhail acha;
290e22006a	Kahchu toowe yehti, Setsinde o-ochi atu oochu atyetatih azetse tsi: chode ahthli naghai, kachchu ootanahi.
290e230098	Oontsutle wotaihai otsidesha-ih, kahchu tike wozohtih nwatsutooh kooyekehchi tyetaooklihassi sye makehchi nio-otsilon, ayi sakehchi ahalai yao-otsitooh.
290e240090	Kahchu toowe ehti, Abba, Tyeih, atghazi ooli tahnootsut nuni; tidi mehtutsato saoone naniah: hoontye ooli atu suni koosti, ahwole nuni koodinti.
290e25006e	Kwa yahchidesha, nayintyi satyi, kwa toowe yehti Peter tsi, Simon sintyi la? atu ooniila ehlaiti meoochanehoo?
290e26006c	Oonahi kahchu aghasuhli, atu otsitawohazu inkaoochatauntih. Atsinde kwa hili ootagha, ahwole khazi chintyeh.
290e270047	Kwa yitai tyesha, kahchu oghasulih, kahchu kwaka ayi zake ihe ootatich.
290e280068	Kwa oondehsha tsi, yintyi satyi kahchu, (kootai ya-inkhai ihe,) kahchu atu ataooati atyekitooklih akehe.
290e2900b6	Kwa tghakooh yuhchidesha, kahchu toowe yehti, Kwa hwe satyih, kahchu niwotahah mehnatahyihi: kwakoole, meoochanehoo koohnaooizut; nea, tezoo Chue mataghachila taghila tsi metselineh.
290e2a0044	Niahtyel, yitai tawotyeli; nea, yaghi atu oochu asehti kwa hwa atih.
290e2b00e4	Kwa kwete, kwaka ootayehchoo, yuhchidesha Judas, ehlaiti keneti onketi matgha ihe, kahchu yihtestyetlooh tane natlone simakanis pyese chu mekachatayitli chu, taneghaotatyehchi metihi tyiyi ihe, adesklesne chu hoola atityine ihe.
290e2c009d	Ooh yaghi atu oochu ayehtii yayiooiih mehyachanitsiyi, toowe ehtieh, Ootayatasihchassine wohtsiewohzyesi, ayila ayi; nintahtyeh, kahchu yitai tahtyeh tyekeh.
290e2d005f	Itetyeh nooja ate, tsiwohzon yatsi anaatahlu, toowehchu ehti, Metihi, metihi; kwa yunchighachi.
290e2e0022	Kwa kiyinchut, kahchu nighadintyi.
290e2f0094	Ooh hligi ayiti naghatehyane tapyese natyese ghayaghachut, kahchu nayatehul yakeotihchi taneghaotatyehchi metihi tyiyi, kahchu yatsakhe tyeghihyitl.
290e300077	Kwa Jesus ateyatetla, toowehchu yehti, Ihla unoosi khataachila pyese intyesi yu mekachatayitli yu tala nisataghahtyelu?
290e310084	Naghaikyastaichii dzinee eonetye tyetachatlihi kwa oota taneghaodintihchoo, atu chu nisatahtyiih: ahwole aduskles tyiyi tikewokyeli.
290e320038	Kahchu aghanetye kiyechodestyetl, kahchu taghoghadehsut.
290e330063	Kwa ehlaiti uskye yakehtehtla, atetakhatooh chatachi takulli intyedi ati; kwa uskyegoone kiyinchut:
290e340040	Kwa kyechodyesha ayi chatachi takulli, kahchu tghihklah intyedi.
290e35009d	Kwa Jesus otsighatehtyi o-ochi taneghaotatihchi metihi tyiyi atindi: kwa ayiti atghe yeghati taneghaotatyehchi metihi tyiyi hoolaatitine chu, adusklesne chu.
290e360082	Kahchu Peter tontyetsi otsi yakehtehklalon, koole taneghaotatyehchi metihi kwa tsi: kwa yakasatah keotichne, na-itziluh khoon tsi.
290e370093	Kahchu taneghaotatihchne metihi tyiyi atghe chu tsiwatilhne oohatakyet otsi ayi ihe atu oochu akiyuti Jesus kizuheli; ahwole atu oontsutli ohwiooh.
290e380055	Ayi ihe natlone ketseli hakehe athlaghatati, ahwole atu hleoontye taghasoocha ootihe.
290e390045	Ooh tahkine nighintyetl, kahchu atu tyeswe akiyehti, toowe ghati ihe,
290e3a0092	Tasitsukiih atyakehe, Chahtehaooslyeasi tidi tyetachatlihi kwa tyiyi atsila kila ihe, kahchu taiti dzinee aoocha ate achu nao-osiasi atu kila ihe.
290e3b0032	Ahwole aghatane chu koosoochawotihi atu hleoontye.
290e3c0098	Kwa o-ochi taneghaotatyechi metihi tyiyi ookaze nazut, Jesus tsi taoontya yehti toowe ehti ihe, Atu atyetunatla la? ye ihea ayi chahte anaghatya oontye?
290e3d00a2	Ahwole atu wotih, atula kehe chu atih. Kahchu o-ochi taneghaotayehchi metihi tyiyi taoontya yehti, kahchu toowe yehti, Nuni la ayi Christ, ma, Chue Moohchuootaya?
290e3e0082	Kwa Jesus toowe ehti, Suni ayi: kahchu wahyesi tezoo Chue satah noohtichintye mehnatsutsutti, kahchu yahchityesha khoos yataihchi.
290e3f0081	Kahchu taneghaotatyehchi metihi tyiyi tanatunne yaghinchil, kahchu toowe ehti, Ye ootaihchi a soochawochatihi khasootiti aoontye?
290e400065	Ootahtsukiih mehe atachochihliti: naghani ta kootahtya? Kwa aghanetye kooye hlaghatati tsazuheli gha.
290e4100ad	Kwa tahkine tyekookeghizek, kahchu yani aghataghighat, kahchu nakiteghul, kahchu toowe kiyehti ihe, atanataihchi woka atawonati: Kwa keotihchne nakiteghul taghila tyiyi ihe.
290e420063	Kwa Peter yiyue nito kwa otyiyi ti ati, yuniya ehlaiti taneghaotatyehchi metihi tyiyi yawoai tsege:
290e430078	Kwa ya-i tsi Peter naitziluh, yakaitghah, toowehchu ehti, Kahchu nuni chu mehtintyetliih Jesus Nazareth otsi tatyezutti.
290e440090	Ahwole atu a kooti, toowe ehti ihe, Atu atawosti, kahchu atu atasuk atintya kehe. Kwa hadesha tyinta weswatih otsi; kwa tihchok tayidze otyesta.
290e450064	Kwa keotihche tsege kahchu ya-ih, kahchu toowe tyiyehti ayine ieti nehyane, Taila ehlaiti ayine tsi.
290e4600af	Kwa kahchu atu koo ooli ehtilon. Kahchu kluhtai ayine ayite nazati, toowehchu ghati Peter, Nuni nooklya ehlaiti aghatane tsi, ayi ihe Galilaean nali, kahchu kooh nakasse atih.
290e470062	Ahwole ketseliooh wotyihi zon ohtye ootatyehch, toowe akehe, Atu atesti tai teze mamawotahtyehchi.
290e4800c4	Kwa onkye tihchok tayidze otyesta. Kwa Peter kyechetehti yaghi sa Jesus ayehtiii, Atu ka ootihoo tihchok tayidze onkye tghakooh oochit sootahoontyezi. Kwa hlilon ayiti indi ootinta, nachaihchahli.
290f0100ff	Kwa kwete hatlindo aooclia taneghaotatyehchi metihi tyiyino aglianctye ehlakehe tsiwohzon tsiwowatilh hoolya atitine chu adeskilesne chu hlito aonetyo gha tsiwoghatsihi ihe ayi chu, kwa Jesus tahkiyagheskluli, kahchu achukcdehtyi, kwa kikalmihtyj, Pilate.
290f020085	Kahchu Pilato taoontya yehti, Nunila o-ochi koometihi tyiyi nalila Jewne gha? Kahchu ateyatetla toowohcliu yehti, Kooh tintya oontye.
290f030062	Kahchu taneghaotatyehchi metihi tyiyine chahte akiyehti ooU nation ihe: ahwole atulakehe atyeta-i.
290f04006f	Kwa Pilate kahchu taoontya yehti, toowe ehtie, Atu lakehe atyetanatla la? nea taitya ooli ihe chahte anaghahti.
290f05003f	Ahwole Jesus zon atu la kehe aye ih kwaka; kwa Pilate kawoolih,
290f06005c	Ooh ayi kwelachayihi ehlaiti yezookeh ninkho kvyechehtyesne, ooli assine nioonunisit assine.
290f07008a	Ayiti hligi aliih Barabbas ooyeih, ihkahtah chaghcsklu ayi yekatichii kwa akiyila indiootaunne, kootoo tane zehai ihe indiootatunne ayiti.
290f080063	Kwa natlone ohtye oghatyesta tyi yatsi niooghanunisit kooh hakiyulihi gha kooli zon hakooyilai ihe.
290f09006b	Ahwole Pilate ateyatetla, toowc ehti ihe, Kooh kootahti la naghachitulisitisi Jewne o-ochi koometihi tyiyi?
290f0a0056	Atawahtihi ihe taneghaotatyehchi metihi tyiyine yatagliintsutti ihe mihe incho-otsa-i.
290f0b0060	Ahwole taneghaotatyehchi metihi tyiyine kichinagbayyh tanene, otaihai koochitootsittih Barabbas.
290f0c0071	Kooh kahehu Pilate ateyatetla toowehchu yehti, Takootahtya oslihasi kooh yachi o-ochi koometihi tyiyi Jewnu woyi?
290f0d0034	Kahchu toowe hakehe oghatesta, Klaniaitih ninihtyeh.
290f0e0072	Kahchu Pilate toowe ehti, Ye tahtye ketselihoo atyuntye? Kahchu ootailichi o-ochi oghatesta, Klaniaitih ninihtyeh.
290f0f0086	Kwa Pilate tane gha kasootati chatupisha gha, yakahninooh Barabbas assi, kahchu Jesus taghinchut, yakhataghitoos, klaniai nichuhtyelu,
290f100074	Kwa simakanisne otsighatelityi tsiwatyehli kwa, Praetorium wotsatiti; kwa tyechi kiyehti ihlakehe atghe simakanisne.
290f110085	Kwa natunne taghaghintyi aghapai tatulli ihe, kahchu kiyesklu o-ochi metihi tyiyi chahte hoos chok chine ihe, kwa ita tsi gha ghiooh,
290f120050	Kahchu tyi yila ooghatthoon toowe, Yea mehsuchanetyi, o-ochi kookaoonazut Jewne.
290f130078	Kahchu nakidehul yetsi chokhaiye chok ihe, kahchu kikighizek, kwa yatsitaghatsunne ootooghanehzil yatsi nachusghataklihl
290f14006c	Kahchu kiyachatyetl atghe tatulli nighadinchus, kwa yanatunne taghintyetl, kahchu ghooghatehtyi klaniai tih.
290f150092	Kwa kitahnaghutsut ehlaiti Simon Cyrenian ali, ayi kwo noojai, tane natihti otsi Jiadesha, kootgha Alexander chu Rufus chu tahchiyatyilyu klaniai.
290f16003b	Kwa nakiyintyi Golgotha tsi, ayi tsati, Atsitsunne ooli te.
290f170054	Kwa kiyayiooh tyewootoo chiche chok tu mathuchunihklito myrrh: ahwole atu niyadiooh.
290f180060	Kwa klaniai nikiyinti tsi yanatunne atatghahaistla kikaootehunni ihe, ye anetye teze nitioolola.
290f190053	Kahchu oolitah tghakooh mehooachanehoo awatazoo dzinee ooli klaniadi nikiyinti tsi.
290f1a0064	Kwa achatyesklesi ayiti otsi chahteachatei takehnichanikuchiih ookeh. O-OCHI KOO METIHI TYIYI JEWNE.
290f1b0069	Kahchu onkyetine chu klaniadi nighanihtye unoosine; ehlaiti noohtechintye, ooh hligi chu oosklaghazihtye.
290f1c004e	Achudesklessi tyiyi tikenikyih, kooh woti, Kahcliu metseline kah kachanehtyeh.
290f1d00b1	Ooh ayine kweghatilhne ayiti oontlochi kiye sootatyihch, tagliatsi ghaghado, toowehchu ghati ihe, Gha, nuni chahta wonatla tyctachatlihi kwa tyiyi, kahchu aoonatla taiti dzinee,
290f1e002e	Aghatinta, kahchu yulichinootinta klauiai tsi.
290f1f00a2	Aghatane chu o-ochi taneghaotatyech metihi tyiyine ontlonchi akiyehti ihe toowe hlaghatati ihe adesklesne chu, Nayaghehta achune chu; atai koochati atu aghatatah.
290f200096	Oonka Christ o-ochi koometihi tyiyi Israel kwa hoote klaniai tsi noodoojai, wowoti khai kahchu a kootahti. Oo ayi yakah klaniadi yakah atii yataUhlon.
290f210083	Kwa inchitakooh klodesha sa kehchi ehalai koonaooizutooh, hatleke aoochaii tike okehe kwa hHlon kalaketi klodesha sa kehchi ehaiai.
290f2200b2	Kwa kalaketye sa kehchi ahalai klodesha, Jesus otyesta takaseneodi, toowe ehti ihe, Eloi, eloi, lama sabachthani? ayi tsati ihe Saghintai, Saghintai, yehoo gha sechanila aoontye.
290f23004a	Ooh tahkine ieti nehyane, ooghatitsuk tsi, toowe ghati, Nea, Ehas kawotih.
290f2400d8	Kahchu ehlaiti otsidehta, kahchu tsifo yeatatih atihih tayatohman sootakan chiche tu ihe, kahchu nayiooh klokhayetgha, kahchu yayiooh tuwoto gha, toowe ehti ihe, Atu kinditaghaha; oonka oohwoti Elias nayaghintyi kha.
290f25003c	Kahchu Jesus otyesta ohtye ati, kahchu matsinde kwa yecheli.
290f260072	Kwa ayi hlichatinkatii tyetachatlihi kwa otyiyi intyizon tghahkyehchi wotye cheghinchil yataihchi ctis yiyue otsi.
290f27009e	Kwa kootoo ayi simakunis metihi, ooghade nazutih. wa-i kooakehe otyesta, kahchu yatsinde yechelihooh, toowe ehti, tyewotye tune teze Nagha Tgha Chue ghilelon.
290f28009d	Ayiti oohwiliiih tsegene ehu tontyctsi otsi ookhaghanehtgha: atai chu iiti atiih Mary Magdalene, Mary chu ma James ooia etanoohlihi kahchu Joses, Salome chu;
290f29008c	(Aghatane chu, Galilee atichi, kikehtyeshaii, kahchu ooli kooyaalih ine;) achune chu natlone tsegoo yuhchi kooyehkyatehch ine Jerusalem tsi.
290f2a005d	Kahkachi aoocha tsi, ayi ihe intyizon dzmee tsi watsehlu ayi dzinee Manejitti dzinee tsi ooh,
290f2b00b3	Joseph Arimathaea otsi tazehlu, tsatincha tsiwatilh, atune chu ootakah ali Nagha Tgha nataghe, yuhchidesha, kahchu tadzye natsutih seooh Pilate kahkwiya, kahchu Jesus zi ootakyet.
290f2c0077	Kwa Pilate khawooli kwa tehtsalo ate: kwa simakanis metihi tyechi yehti, tauontya yehti tontyeto ghaite chu tehtsutiih.
290f2d003c	Kwaatawatih tsi simakanis metihi yatati, tazi ghiooh Joseph.
290f2e00cc	Kwa ataghoola tsatache oochu takulle, kahcliu nooyaghintyi, kaliclm ayi tsatache ii ihe yehtoonehtich, kahchu niyanihtyi natine kwa oota tsyekas tayaghintyi, kahchu tsye otsiyehail toosklahchi natine kwa.
290f2f0040	Kwa Mary Magdalene kahchu Mary Joses ma oohwa-ih nichanihtyinti.
29100100aa	Kwa Menejitti Dzinee kawohtzut tsi, Mary Magdalene, kahchu Mary James ma kahchu Salome, ataghaghila yu natunetgha tsehklutti, kwa yuhchighatatyel ate yu ihe kiyuhklukooh.
2910020067	Kwri o-ochi hatse hatlindo ooli hatse dzinee, koohnioonizuiooh natine kwa otsighatestyetl sa niiya tsi.
2910030046	Kwa toowe hlaghatati, Mea tsye yughaii aoontye natine kwa tustla otsi?
2910040053	Kwa koo ookahanehtghachi, oogha-ih tsye achuhchi nichunihailo: o-ochi ghinchai ihe.
2910050095	Kwa kwegliaghintyetlooh native kwa oota, kiya-ih ehlaiti uskye noohtichintye chisinchi sata, tasata natyesooh makestue takulooh: kwa oonighanintyetl.
291006009d	Kwa toowe yehti, Atu oonighahtyel: Minkhanatgha Jesus Nazareth otsi tatyezutti, klaniai nichanihtyiii: tsitike ghinta-ih; atu chode ali; nea nighamhtyintiii.
291007006b	Ahwole ootahtab, yaotatichne tatahtih Peter chu naghaghadesha Galilee tsi: ayiti wahiiissi, naghatatyakehe.
29100800a3	Kwa kwete khooghatastyetl, kahelm natine kwa otsi tsmtestyetl; yaghatilonlon ihe kahchu khaooghali ihe: kahchu atuline atula kehe akiyeliti; oonighanintyetlon ihe.
29100900d5	(note: The most reliable and earliest manuscripts do not include Mark 16:9-20.) Kootoo Jesus niiyaii kwete hatse dzine tsiwatselhu, hatse yuhniya Mary Magdalene, ayi taiuchi atsmde metselihi yazi otsi hayateha-ii.
29100a0051	Kwa yatatilon ayine yehkyatehchiine, tsukye atu yaghita zahtgha kahchu ghutsakooh
29100b0042	Ooh ahatane, ooghatitsuk tsi ghata, kahchu ya-ilon atu a kooghati.
29100c0062	Ayi keh yuhniya achu akelie ouketye agha tane Ihe, ghataihlu zahtgha, achu tike tsi otsighataihlu.
29100d002c	Kwa kitati achune: kahchu ama kiyehti ayine.
29100e00b2	Atyechi yuhniya keneti ehlaiti matgha aline ghiskye eghehta ootye, kwa yachiotatyech majih oontooei kha kahchu yadzye natsutti kha atu a kiyuti ihe ayi yakehtghaii tsitike nesta.
29100f004b	Kwa toowe yehti, Otsitahtyel tike okehe matatahti obicn oociiu anetye tane.
2910100065	Ayi a kootyeti kahchu tumakechaghinkliti nachawohtyezi; ahwole yaghi atu a kootyeti cliahta chuleesi.
2910110099	Kahchu tidi yachanahai yakeh ootoohsitassi ayine a kootine; Sindizi ihe kehchi ghakitoolelassi atsinde metselihi; oogliatootyehchassi atsoodi koondi ihe;
2910120086	Nootuze nighatoohtyelassi; oolita tughato ate chu azetse ahi, atu kootoohtihassi; kikatootiassi yatitihne, kwa oochu nakiyaooliteissi.
291013005f	Kwa Naghaghatai sakyedesutooh, yatai otsi nichatihtyi, kahchu sata-ih Nagha Tgha noohtichintye.
2910140091	Ahwole achughatestyetl, tike okehe tane chiwoghatihi ihe, Naghaghatai kahkeooghatihchoo, kahchu sa natsut oola kaootsooli chu intghaninkhi. Amen.
