2900000005	Marka
290101004d	Pathian Fapa, Jesuh Khrih ih Thuthang Ṭha ih hramthawhnak cu hitih in a si.
2901020075	Profet Isaiah ih nganmi mangin: “‘Zohhnik, na hmai ah ka palai ka thlah thok, Ani nih na zalam a timtuah thok.’
2901030068	Ramṭhing ih mi pakhat hehnak aw nih, ‘Bawipa ih zalam timtuah uh; A zalam cu dingter uh,’ a ti.”
29010400ed	Baptisma petu Johan cu ramṭhing la in a ban ih, sual ngaihthiamnak hrangah sirfaknak baptisma thu a sim. Ani nih mipi pawl sinah, “Nan sual sir uh la baptisma la uh. Cun Pathian nih nan sual pawl nan ta ngaihthiam thok,” tiah a ti.
290105008c	Cun Judea peng pumpi le Jerusalem mi zate pawl cu a sinah an feh. An sualnak pawl an phuang ih Johan hmangin Jordan tikua ah baptisma an co.
290106007f	Johan cu kalauk hmul ih tuahmi hnipuan a hru ih a tai ah saphaw taikap a kap. Cun khabawk le hramlak khuailawti cu caw ah a ei.
2901070099	Cun, a thusipmi cu, “Ka dungih a tiang dingmi pa hi kei nakin a picang sawn, a hmai ah kun pit in a kedap hri phoihsaktu ding hmanah kei cu ka tlak lo.
290108006e	Kei cu ti in baptisma nan ta pe; asinain ani cu Thlarau Thianghlim thawn baptisma nan ta pe thok,” tiah a i.
2901090068	Cuvai ni ah Jesuh cu Galilee peng Nazareth khua in a ban ih Johan hmangin Jordan tikua ah baptisma a la.
29010a0075	Cun Jesuh cu ti sungih a hang suah cangka in van a hong fa ih Thlarau cu thute mangin a tlunih a rong ṭum cu a hmu.
29010b0072	Cun van in aw pakhat nih, “Nang cu ka duhdawt ngaimi ka Fapa na si, na cungah ka lung a kim setak,” tiah a ti.
29010c003a	Hmakhatte ah Thlarau nih Jesuh cu ramṭhing ah a ṭhita.
29010d0075	Cun cuvai hmun ah ni sawmli a um ih Seihtan nih a tukforh. Ramsa pawl thawn an um ih vancungmi pawl nih an tuamhlawm.
29010e005f	Johan thawng an thlak hnukah Jesuh cu Galilee peng ah a feh ih Pathian ih Thuthang Ṭha a sim.
29010f0070	Jesuh nih, “Tikcu a kim i ih Pathian uknak a nai i! Nan sual sir u la Thuthang Ṭha cu zum uh!” tiah a sim.
290110008c	Jesuh cu Galilee Tili kap ih a feh laiah, Simon le a unaupa Andru cu nga tlaitu an ih ruangah, tili sungah sur an vorh berbo lai a hmu hnei.
2901110062	Cun Jesuh nih an sinah, “Ka thlun uh, cule minung tlaitu ah nan ta tuah thok,” tiah a ti hnei.
290112003f	Hmakhatte ah an ni nih an sur pawl an ramta ih a dung an thlun.
2901130085	Cun Jesuh cu a hlat deuhnak ah a feh ih, Zebedi ih fapa James le a unaupa Johan lawng sungih an sur pawl an rep berbo lai a hmu hnei.
2901140073	Hmakhatte ah Jesuh nih a ko hnei ih, an pa Zebedi cu an tlakfa pawl thawn lawng sungah an ramta ih a dung an thlun.
290115007c	Jesuh le a dungthluntu pawl cu Kapernaum khua ah an feh, a zingla Sabbath ni ah Jesuh cu Sinakok ah a lut ih thuzirh a thok.
290116006d	A thuzirhmi ah an mang a bang, zangahtihle Daanthiam pawl mang i lo in, ani cu thuneitu pakhat mangin a zirh.
290117004b	Cuvai can ah thlarau sia ih molhmi pa pakhat cu Sinakok sung ah a tiang ih,
29011800a9	“Nazareth mi Jesuh, zangtu ah kan na ṭul? Kan na siatsuah dingah maw na tiang? Hu na si tih ta fiah — nang cu Pathian ih mi Thianghlim Pakhat na si,” tiah a hek.
290119004b	Cun Jesuh nih cupa cu, “Daite in um, cupa ih sung in suak!” tiah a tai.
29011a0060	Thlarau sia nih cupa cu thangai in a caihter ih thangngai a heh hnuk ah, cupa ih sung in a suak.
29011b00c5	Cun an zatein an mangbang colh ih, “Aimang thil cu zangtih in a i? Zirhnak thar maw a i? Thlarau sia pawl hman thuneihnak thawn thu a pe hnei ih a thu an thlun!” tiah pakhat le pakhat an sutfa.
29011c0048	Cutin Jesuh ih thuhla cu hmakhatte ah Galilee peng zate ah a thang colh.
29011d005b	Jesuh cu Sinakok ih a suah cang in Simon le Andru teiʼ inn ah James le Johan thawn an lut.
29011e005e	Simon nupi ih nu cu khurhfah in a fak ih a it; Jesuh a tian cang in cuvai thu cu an sim lohli.
29011f005a	Jesuh cu a sin a va feh ih a kut in a han tho. A khurhfahnak cu a dam ih a tuamhlawm hnei.
290120006d	Ni a pil ih simla a tian tikah, mi fak pawl le thlarau sia ih molhmi pawl hmahhmah cu Jesuh sinah an tianpit.
290121003c	Cun an khawpawh in cuvai inn suahka hmai ah an hmuakkhawmfa.
29012200a7	Jesuh nih fahnak phunphun ih a fakmi pawl a damter, cule khawsia tamngai khaw a dawisuak hnei. Khawsia pawl cu ṭon a sian hnei lo; zangahtihle hutu a si tih an fiah.
290123006c	Zingmaw khawvang hlan ah Jesuh cu a tho ih inn leng ah a suak. Thawngṭhingnak hmun ah a feh ih thla a cam.
290124002d	Simon le a rualpi pawl nih Jesuh cu an hrawl,
290125003f	an hmuh tikah, “Mi hmahhmah nih ta hrawl eng,” tiah an sim.
290126007f	Jesuh nih, “Khua kiangkap dang ah feh uh sing. Thu ka sim hnei thok. Zangahtihle cucu ka tiannaksan a i,” tiah a sawn hnei.
2901270063	Cun Galilee peng hmahhmah ah a feh ih an sinakok pawl ah thu a sim ih khawsia pawl khaw a dawisuak.
290128007a	Miphar pa pakhat cu Jesuh sin a feh ih, khuk bil in bopnak a hler ih, “na duh ah cu, ka na thiangter thei,” tiah a ti.
2901290070	Jesuh nih a thinfak ih a kut dawh pit in a tham. Cule a sinah, “Ta ka thianter ka duh, thiang i,” tiah a ti.
29012a0029	Hmakhatte ah a pharfah a dam ih a thiang.
29012b0044	Jesuh nih fak ngai in ralrinnak a pe ih a hlatnak ah a fehter lohli,
29012c00ee	Cun a sinah, “Ngai hnik! Hutu sinah zangkhaw sim hlah. Cunakin puithiam sinah va feh cih la tak zohfel seh; mi hmahhmah nih na dam tihmi an fiahnak dingah Moses ih thupekmi mangin mithiang na sihnak dingah thawinak pe,” tiah thu a pe.
29012d00cf	Sikhawsehla cupa cu a feh ih a damnak thu cu duhsah ngaiin a sim ih khawhra a thang. Curuangah Jesuh cu mi ih hmuhhngan in khaw sungah a lut thei i lo. Khaw lengah a um ih a sinah hmunzakip in mi nih an pha.
2902010068	Ni tawkfang a rei hnukah Jesuh cu Kapernaum khua ah a ban sal ih, inn ah a um tih thu cu mi nih an fiah.
2902020090	Mi tamngai cu hmunkhat ah an hmuakkhawm fak ruangah khan lawng a um lo ih suahka hram tiangin mi an khat colh. Cun Jesuh nih an sinah thu a sim.
2902030044	Minung pali nih taksaze pa cu an zawn fa ih Jesuh sinah an tian pit.
29020400a2	Mi an tam tuk ih Jesuh ih hram an tian pit thei lo ruangah Jesuh umnak zawn inn tlun khuh cu an bal; an bauh colh ih taksaze pa cu a tangthah thawn an ron ṭhum.
2902050072	Jesuh nih an zupnak a hmuh tikah, taksaze pa sinah, “Ka fapa, na sual pawl cu ngaihthiam na i cem,” tiah a ti.
290206004b	Cun cuvai hmun ih a to ve mi daanthiam hrekkhat pawl nih an thinlung te in,
2902070085	“Zangruangah hivai pa cu aitin a ṭon? Pathian thangsiat a i. Pathian hrel lo hutu nih sual pawl a ngaihthiam thei?” tiah an ti.
290208009a	Jesuh nih an thinlung te in himang thu an ruah cu hmakhatte ah a thlarau nih a fiah ih an sinah, “Zangruangah nan thinlung te in himang thu cu nan ruat?
2902090099	‘Na sual pawl cu ngaihthiam na i cem,’ tih maw, ‘Hang tho la na tangthah la pit in feh,’ tih, khoitu sawn hi hivai taksaze pa sinah sip bai sawn?
29020a0097	Asinain Minung Fapa nih leitlun ah sual pawl ngaihthiam theinak thuneihnak a nei tih nan fiahnak dingah hihi tuah a i,” tiah a sim. Taksaze pa sinah,
29020b0051	“Na sinah ta sim, hang tho, na tangthah la piʼn na inn ah ṭin,” tiah a ti.
29020c00d0	Cun taksaze pa cu a hang tho ih hmakhatte ah a tangthah la pit in an zate hmuhhngan ah a feh. Curuangah an zatein an mangbang tuk ih, “Aimang thil cu kan hmu kel lo,” tiah an ti ih Pathian an thangṭhat.
29020d005a	Jesuh cu Galilee tili kam ah a va feh sal; mi tamngai a sinah an tiang ih thu a zirh hnei.
29020e00a1	A feh pah ah Alfias ih fapa Levi cu a siahkhong zung sungih a to cu a hei hmu. Cun Jesuh nih, “Ka thlun,” tiah a ti. Levi cu a hang ding ih Jesuh cu a thlun.
29020f00a4	Cun Jesuh cu Levi ih inn ah caw a ei. Siahkhongtu pawl le misual pawl khaw Jesuh le a dungthluntu pawl thawn caw an ei khat. Minung an tamngai ih Jesuh cu an thlun.
29021000e4	Farasi mi daanthiam pawl nih Jesuh cu siahkhongtu pawl le misual pawl thawn caw an ei khat lai an hmuh tikah, a dungthluntu pawl sinah, “Zangruangah Jesuh cu siahkhongtu pawl le misual pawl thawn caw an ei khat?” tiah an ti.
29021100c8	Cun Jesuh nih a thei hnei ih an sinah, “Mi fimdam pawl nih sibawi an ṭul lo, mifak pawl kau nih an ṭul. Mi dingfel pawl ko dingah ka tiang lo, misual pawl ko dingah ka tiang,” tiah a let hnei.
29021200e4	Johan ih dungthluntu pawl le Farasi pawl cu caw an ul. Minung pawl cu Jesuh sin an feh ih, “Johan ih dungthluntu pawl le Farasi dungthluntu pawl cu caw an ul, zangruangah na dungthluntu pawl cu caw an ul ve lo?” tiah an sut.
290213009c	Cun Jesuh nih an sinah, “Mo neitu an sinih a um laiah, mo lawmtu pawl caw an ul thok maw? Mopuai ah mo neitu an sinih a um sung cu caw an ul thei thok lo.
2902140056	Asinain an sin in mo neitu laksak ni a tiang leh thok, cuvai ni ah caw an ul leh thok.
290215008e	“Hutu khaw nih hnipuan hlun cu puanthan thar thawn a dap kel lo. A dap asihle a thar nih a hlun cu a duk thok ih hnem hlehhlo in a pat thok.
29021600f3	Cun hutukhaw nih sabit ti thar cu thawl hlun sungah an se kel lo. An siah asihle sabit ti thar nih thawl hlun cu a pak ter thok ih sabit ti le a thawl cu an siat colh thok. Sabit ti thar cu thawl thar ah siah sawn thok a i,” tiah a let hnei.
2902170073	Sabbath ni ah Jesuh cu sangvut lo lakin a feh; cule a dungthluntu pawl cu an feh pah ah sangvut vui pawl cu an zut.
2902180099	Cun Farasi pawl nih Jesuh sinah, “Zohhnik, Sabbath ni ah tuah lo dingah daan ih a khammi cu zangruangah na dungthluntu pawl nih an tuah?” tiah an ti.
290219008d	Cun Jesuh nih an sinah, “David nih a rualpi pawl thawn ei ding nei lo in le cawṭam ih an um lai ah zang a tuah tihmi nan siar kel lo maw?
29021a00ba	Puithiam lubik Abiathar sanah Pathian ih inn songah lut in, puithiam pawl kau ih ei ding tiah daan ih a sianmi sang cu David nih a ei ih a rualpi pawl khaw a pe hnei,” tiah a let hnei.
29021b0069	Cun Jesuh nih an sinah, “Sabbath cu minung hrangah tuahmi a i; minung hi Sabbath hrangah tuahmi a i lo.
29021c0049	Curuangah Minung Fapa cu Sabbath tlun khawah bawi a i,” tiah a ti hnei.
2903010043	Cun Jesuh cu Sinakok ah a lut sal ih, cuva ah kutze pa pakhat a um.
2903020085	Mi hrekkhat nih Jesuh cu sual an puh theinak dingah, Sabbath ni ah cupa cu a damter thok maw damter thok lo tiah ṭhangai in an zoh.
2903030055	Jesuh nih cuvai kutze pa cu, “Hang ding la, hmai ah va suak hnik,” tiah thu a pe.
29030400b8	Cun Jesuh nih an sinah, “Daan nih Sabbath ni ah thil ṭha tuah maw, thil ṭha lo tuah hi a kham? Mi nunnak run maw, thah hi a kham?” tiah a sut hnei. Asinain an dai ṭhipṭhep.
2903050094	Cun Jesuh nih thinsia in a zoh hnei vivo ih an thinlung a ruh tuk ruangah a riah a se ngai. Cun cuvai kutze pa cu, “Na ban cu pharh,” tiah a ti.
2903060066	Farasi pawl cu lengah an suak ih Herod ih milai pawl thawn Jesuh thah thei dan ding an relkhawm lohli.
290307007d	Jesuh cu a dungthluntu pawl thawn Galilee Tili ah an va feh; miburpi nih Jesuh cu an thlun. Anni cu Galilee peng, Judea peng,
29030800a9	Jerusalem khua, Idumea peng, Jordan tikua kiangkap, Tai-ar le Sidon khua kiangkap in a tiangmi pawl an i. Jesuh ih thil tuahmi pawl an theih ruangih a tiangmi pawl an i.
2903090083	Minung an tamtuk ih mipi pawl nih an pah lonak dingah lawng fate timlam sak cia dingin Jesuh nih a dungthluntu pawl cu a forh hnei.
29030a0054	Mifak tamngai a damter ruangah mifak pawl cu Jesuh tham ngah dingin an cuh fa deido.
29030b0078	Cun thlarau sia pawl nih Jesuh an hmuh cangcangin a hmai ah an bok ih, “Nang cu Pathian ih Fapa na si,” tiah an hek.
29030c006c	Cun Jesuh nih ama cu hutu a si tih khi mi an sip lonak dingah cuvai thlarau sia pawl cu ralrinnak a pe hnei.
29030d005a	Cun Jesuh cu tlang cungah a kai ih a duh mi pawl a sinah a ko hnei; cule a sinah an tiang.
29030e005d	Cun a sinih umtu dingah le thusimtu dingih a thlah hnei theinak dingah minung hleinih a hril.
29030f003d	Cule khawsia pawl dawisuah theinak thuneihnak khaw a pe hnei.
290310004e	Cun minung hleinih a hril mi ih hmin pawl cu: Simon (Peter tiah hmin a sakmi),
290311006c	Zebedi ih fapa James le a naupa Johan (Jesuh nih Boanerges tiah hmin a sak hnei, Khawhri ih fale tinak a i),
2903120061	Andru, Philip, Bartholomeo, Matthai, Thomas, Alfias ih fapa James, Thaddaeus, Phunṭan Simon le,
290313002c	Jesuh zuarthlaitu Judas Iskariot pawl an si.
290314007b	Cun Jesuh cu inn ah a ṭin. Mipi cu a sinah an tiang sal sei ruangah Jesuh le a dungthluntu pawl cu caw hman an ei man lo.
290315007c	Cuvai thu cu a sungkua pawl nih an fiah ih, mi nih “Jesuh cu a aa i,” tiah an tih ruangah, Jesuh kilkhawi dingah an feh.
29031600a1	Jerusalem ih a tiangmi daanthiam pawl nih, “Hi pa hi Beelzebul ih luhhnawhmi a i. Khawsia uktu bawi ih thuneihnak thawn khawsia pawl a dawisuak,” tiah an ti.
2903170085	Cun Jesuh nih a sinah a ko hnei ih tahṭhipnak hmangin thu a sim hnei, “Zangtin Seihtan nih Seihtan lala a dawisuak thei thok maw?
2903180060	Ram pakhat cu ṭhenṭhek fa in ama le ma a dohfak ahcun, cuvai ram cu rei a ding thei thok lo.
2903190068	Innsang pakhat cu ṭhenṭhek fa in ama le ma a dohfak ahcun, cuvai sungkua cu rei a ding thei thok lo.
29031a006c	Cun Seihtan cu ama le ma do fa in a ṭhenṭhek fak a sih ahcun, rei a ding thei thok lo ih a siatral thok.
29031b0080	“Asinain thaṭha pa cu hri thawn an khih hmasak lo ahcun, hutukhaw nih a inn songah lut pit in a thil an laksak thei thok lo.
29031c0081	“Thutak in nan ta sim, minung pawl ih sualnak hmahhmah le zangmang midang thangsiatnak an ṭonmi pawl cu ngaihthiam an i thok.
29031d0087	Asinain hutukhaw Thlarau Thianghlim a thangsiattu cu ngaihthiam a i kel thok lo, zangahtihle kumkhua daih sualnak a tuah,” tiah a ti.
29031e005b	Zangruangah tih le “Hi pa hi thlarau thianglo a sungah a um,” tiah an tih ruangah a si.
29031f0063	Cun Jesuh ih nu le a unau pawl cu an tiang, inn lengah an ding ih, Jesuh kawhsak dingah mi an forh.
290320009a	Jesuh ih hramah minung tamngai an to ih an ni nih, “Zohhnik, na nu le, na naunu le, na naupa le pawl nih ta hrawl eng, inn leng ah an um,” tiah an ti.
2903210049	Jesuh nih, “Ka nu le ka unau pawl cu hutu le an si?” tiah a sut hnei.
290322004f	A hramih totu pawl cu a zoh hnei ih, “Ka nu le ka unau pawl cu hiva ah an um.
2903230063	Hutu khaw sisehla Pathian ih duhnak a tuahtu hmahhmah cu ka nu le ka unau pawl an si,” tiah a ti.
29040100a1	Jesuh cu Galilee Tili kap ah thuzirh a thok sal. A sinih a tiangtu minung an tam tuk ruangah, lawng sungah a lut ih a to. Mipi pawl cu tili kap leilung ah an um.
2904020042	Cun tahṭhipnak pawl hmangin thu a zirh hnei ih, mipi pawl sinah:
2904030045	“Ṭhangai in ngai uh! Thlaici vorhtu cu thlaici vorh dingah a feh.
2904040053	Thlaici cu a vorh ih, a hrekkhat cu zalam tluan ah an ṭil ih vate pawl nih an ei.
2904050065	Thlaici hrekkhat cu lung tamnak hmun ah an ṭil ih leilung a sah lo ruangah thlaici cu an kho lohli.
290406005b	Asinain ni a hang suah tikah, ni nih a sat hnei ih an hram a thuk lo ruangah an rocar colh.
2904070074	Thlaici hrekkhat cu hling lakah an ṭil. Hling cu a hang ṭhang ih thlaikho cu a khuh colh ruangah an vui thei lo.
290408009a	Thlaici dang pawl cu leiram ṭhatnak ah an ṭil. An hang ṭhang ih a let sawmthum, a let sawmruk, a let zakhat tiangin an vui thei,” tiah a sim hnei.
2904090041	Cun an sinah, “Theihnak naa a neitu nih thei seh,” tiah a ti.
29040a0070	Jesuh cu ama lawng a um laiah, a kiangkap um pawl le a dungthluntu hleinih pawl nih tahṭhipnak thu pawl an sut
29040b0088	Cun Jesuh nih an sinah, “Pathian Uknak thuthup cu nan sinah pek a i cem, asinain a leng mi pawl hrangah cu tahṭhipnak thawn sip a i,
29040c00cc	curuangah, “‘An zoh ngelngo thok naʼn an hmu thei thok lo, An naa nih a thei thok naʼn an fiahthiam thok lo; Zangahtihle Pathian sin an kir sal thok ih a ngaihthiam hnei pang thok,’” tiah a sim.
29040d0085	Cun Jesuh nih an sinah, “Hivai tahṭhipnak hi nan cingthiam lo maw? Aitih cun zangtin tahṭhipnak hmahhmah cu nan cingthiam thok?
29040e0026	Thlaici vorhtu nih Pathian thu a vorh.
29040f0091	Mi hrekkhat cu zalam tluan ih a ṭilmi thlaici mang an i. Thu cu an thei, asinain Seihtan a tiang lohli ih an sungih tuhmi thu cu a laksak hnei.
2904100085	Cumangin a hrekkhat cu lung tamnak hmun ih a ṭilmi thlaici mang an i. Pathian thu an theih cangin lungawi ngai in an cohlang lohli.
290411008e	Asinain anma ah hrilhhram an neih lo ruangah reilote kau a daih. Cun Pathian thu ruangih harsatnak le hremnak a tian tikah Pathian an phatsan.
290412004f	Mi hrekkhat cu hling lakih a ṭilmi thlaici mang an i. Pathian thu cu an thei,
290413007f	asinain leitlun nunnak thu ih donharnak, let duhnak le thil dang duhnak pawl nih, Pathian thu cu a khuh ruangah an vui thei lo.
29041400bc	Asinain mi hrekkhat cu leiram ṭhatnak ih a ṭilmi thlaici mang an i. Pathian thu cu an thei, an cohlang ih a let sawmthum, a let sawmruk, a let zakhat tiangin an vui thei,” tiah a ti.
2904150077	Cun Jesuh nih an sinah, “Mei-inn cu kho tang le ihkhun tangah siah a i kel maw? Mei-inn vannak ah siah a i ko lo maw?
2904160056	Zangahtihle phorh lo dingih thuhmi le lang nolhsal lo dingmi thuthup zangkhaw a um lo.
2904170030	Theihnak naa a neitu nih thei seh,” tiah a ti.
29041800a6	Cun Jesuh nih an sinah, “Nan theihmi thu hi ṭhaten ruat uh. Midang tahnak ih nan hmanmi mangin nan khaw tah nan i ve thok — cunakih tamsawn hman bet nan i thok.
2904190068	Zangahtihle a neitu cu pek bet a i thok ih, a nei lo tu cu a neihsun hman laksak a i thok,” tiah a ti.
29041a004e	Cun Jesuh nih, “Pathian Uknak cu, mi pakhat nih lo sungah thlaici a vorh ih,
29041b0088	ama cu zan ah a it ih sun ah a tho, cuvai lai ah thlaici cu ama ten a kho ih a ṭhang; zangah aitin a ṭhang thiam tih khaw a fiah lo.
29041c007f	A ma ten leilung nih a ṭhang ter ih a thei ter, hmasabik ah hnah no a cerh ter, cule a vui ter ih netabik ah a fang a um ter.
29041d006a	Asinain a vui a cut tikah, cawlak can a cut i ruangah, a tacin thawn a la lohli tu mang a i,” tiah a ti.
29041e0076	Cun Jesuh nih, “Pathian Uknak cu zangtu thawn kan tahṭhim thok? Asihlole zangtu tahṭhipnak hmangin kan sim thok?
29041f006d	Lo sungih vorhmi ṭangṭap ci mang a i. Ṭangṭap ci cu leitlun ih thlaici hmahhmah lakih a fate bik a i.
29042000b3	Ṭangṭap ci cu vorh a ih tikah, a hang ṭhang ih thlaihnah dang hmahhmah nakin a hnem sawn. Tlangṭek hnem ngaingai a nei ih van ih vate pawl nih bu khaw an sa,” tiah a ti.
290421005e	An fiahthiam theinak dingah, Jesuh nih himang tahṭhipnak tamngai hmangin an sinah thu a sim.
2904220081	Tahṭhipnak tello in an sinah thu a sim lo. Asinain anma lawng kau an um can ah, a dungthluntu pawl sinah zangtinkim a simfiang.
290423006e	Cuvai ni simla a kim tikah, Jesuh nih a dungthluntu pawl sinah, “Tili khatla ralah feh u sing,” tiah a ti.
290424006f	Cun mipi pawl cu an ramta; Jesuh cu lawng sungah a to cia ih an feh pit. Lawng dang pawl khaw cuva ah an um ve.
2904250063	Cun zil fak ngai in a zuang ciamco ih tisuar nih lawng cu a siatsuah ruangah lawng cu ti in a khat.
2904260090	Jesuh cu lawng mei laah a um ih tokheng tlun ah a ihhmul. Cun an ṭhang ih, “Sayapa, kan riaral colh thok hi poi na ti lo maw?” tiah an ti.
290427008e	Jesuh cu a hang tho ih zil cu a tai, cule tisuar sinah, “Dai i! Um zirziar!” tiah thu a pe. Cun zil cu a zuang i lo ih a dai ṭhipṭhep.
290428007d	Jesuh nih a dungthluntu pawl sinah, “Zangruangah aitluk lawmlam in nan ṭih? Zupnak nan nei rih lo maw?” tiah a ti hnei.
2904290094	Cun an ṭih tuk lawmlam ih pakhat le pakhat, “Hi pa hi zangtumang minung zetzo a i si na, zil le tisuar hman nih a thu an ngai?” tiah an ti fa.
2905010056	Cun Jesuh le a dungthluntu pawl cu Galilee tili khatla ral ih Gerasenes ram an va ban.
290502007e	Cun Jesuh cu lawng sung in a ṭum ih, thlarau sia ih molhmi pa pakhat cu thlan sung in suak pit in Jesuh sinah a tiang lohli.
290503005a	Cuvai pa cu thlan lakih ummi a i. Hutu khaw nih thirhri hman in an khih thei lomi pa a si.
290504009c	Ke khihnak hri le thirhri pawl thawn hma tamngai an khit na in cuvai hri pawl cu a catter hnei colh ih hutu khaw cuvai pa neh thei dingin an tha a ṭha lo.
290505004f	Sun zan in thlan lak le tlang lakah a hek ih ama le ma khaw lung thawn a at fa.
2905060057	Cun lam hla in Jesuh a hei hmuh tikah, a va zuang ih Jesuh ih hmai ah cun a khuk a bil.
29050700aa	Cun a aw neih patawp in a hek ih, “Cungnungbik Pathian ih Fapa, Jesuh! Nang le kei cu zangtu kan pehtlai fa? Pathian hmin in ta ka dil, ka hrem hram hlah!” tiah a ti.
290508006f	(Zangahtihle Jesuh nih a sinah, “Nang thlarau sia, hi pa ih sung in suak!” tiah a tih takdah ruangah a si.)
290509008d	Cun Jesuh nih, “Na hmin hu a si?” tiah a sut. Cuvai pa nih, “Ka hmin cu ‘Burpi’ a si — zangahtihle kan tam setak!” tiah a sawn.
29050a006d	Cun cuvai pa nih thlarau thianglo pawl cuvai ram in dawi hnei colh lo dingah Jesuh cu thungai thlak in a dil.
29050b004d	Culaifangah cuvai kiangkap tlanghmual hrial ah vok rual tampi an tlang deido.
29050c0073	Cun thlarau thianglo pawl nih Jesuh sinah, “Vok rual sinah kan hei thlah, an sungah kan lut ter,” tiah an hler.
29050d00df	An hlerh mangin Jesuh nih a sian hnei. Thlarau thianglo pawl cu cuvai pa ih sungin an suak ih vok rual sungah an lut. Cun vok rual pawl — an zatein 2,000 hrawng — cu kak lakah an dawp ih tili sungah ṭil pit in an thi.
29050e008e	Vok kiltu pawl cu an va zuang ih, cuvai thuhla cu khawpi sung le ram sungah an than ciamco. Cun mipi pawl cu thil cangmi zoh dingah an va feh.
29050f0086	Mipi pawl cu Jesuh sin an va tiang. Thlarau sia “Burpi” ih molhmi pa cu hnipuan a hru ih a lungfim te in an va hmu, cule an ṭih.
2905100075	Thlarau sia ih molhmi pa tlun ih thil cangmi le vok rual tlun ih thil cangmi a hmutu pawl nih cuvai thu cu mi an sim.
2905110039	Cun mipi pawl nih Jesuh cu an ram in suak dingah an hler.
2905120067	Cule Jesuh cu lawng sungih a luh tikah, thlarau sia ih luhhnawh dah mi pa nih a sinah um dingin a hler.
29051300e2	Asinain Jesuh nih a sian lo ih a sinah, “Inn ah va ṭin pit in na sungkua pawl sinah, Bawipa nih na hrangah zangtluk thil maksak a tuah tihle zangtluk in na tlun ah thinfahnak a nei tih khi va sim hnei sawn,” tiah a forh.
2905140083	Cun cuvai pa cu a va feh ih Jesuh nih a hrangih a tuahsak mi thuhla cu Dekhapolis ram sungah a sim. Cun mi hmahhmah an mang a bang.
2905150088	Cun Jesuh cu tili khatla ral ah lawng thawn a feh sal. Jesuh ih hram ah minung tamngai an hmuakkhawm fa, cule Jesuh cu tili kam ah a si.
2905160071	Cun sinakok uktu pawl lakih pakhat, a hmin ah Jairas tihmi pa a tiangih Jesuh a hmuh tikah a ke hram ah a bok ih,
29051700a7	thungai thlakin thinfak a dil, “Ka fanu te a thi i ngaingai thok. A dam ih a nun theinak dingah kan sinah tiangin ka fanu ih tlun ah na kut suang hram,” tiah a ti.
290518005b	Cun Jesuh cu cuvai pa thawn an feh. Mipi tamngai nih an thlun ih Jesuh cu an pah pah deido.
290519004a	Cuvai hmun ah kum hleinih sung thi-dok fahnak ih a faktu numi pakhat a um.
29051a0068	A neihmi hmahhmah ne kau in sibawi tamngai sinah a tuamhlawm fa cem naʼn dam hoi loʼn a bese deuhdeuh.
29051b0072	Cuvai nu cu Jesuh ih thuhla a thei ih mipi pawl lakin Jesuh cu a dung laʼn a thlun, cule Jesuh ih puan cu a tham.
29051c004c	Zangahtihle, “A puan tal ka tham ngah ahcun ka dam kau thok,” tiah a ti.
29051d005c	Hmakhatte ah a thi dokmi cu a dam ih a fahnak in damter a i cem tih khaw a taksa nih a fiah.
29051e0083	Jesuh cu a sung in a huham a suak tih a fiahfa lohli, cule mipi la ah a herfa ih, “Hutu nih ka puan nan tham?” tiah a sut hnei.
29051f009a	Cun a dungthluntu pawl nih a sinah, “Mipi pawl nih ta pah eng deido cu na hmu kau, zangtin ‘Hutu nih ka puan nan tham?’ na ti thiam,” tiah an let.
2905200031	A puan thamtu fiah duh ah kiangkap pawl cu a zoh.
2905210093	Asinain numi nu cu, a cung ih thil cangmi cu a fiah ih, ṭih le ṭhia pah in Jesuh ih ke hram ah a bok. Cule Jesuh sinah thudik zaten a sim colh.
2905220081	Cun Jesuh nih a sinah, “Ka fanu, na zupnak nih ta damter cem, hnangamten va feh la na fahnak in dam dah hram law,” tiah a ti.
29052300a1	Jesuh cu a ṭon ngelngo lai ah, sinakok uktu pa ih inn in mi an tiang ih, “Na fanu cu a thi cem. Zangruangah Sayapa cu na hnaihnok rih ngelngo?” tiah an ti.
2905240076	Asinain Jesuh nih an ṭonmi cu zanghrel lo in sinakok uktu pa sinah, “Ṭih vai hlah, zum kau lai ci,” tiah a ti.
290525005c	Jesuh nih Peter, James, le James ih naupa Johan hrello hutukhaw a dung thlun a sian hnei lo.
2905260064	Sinakok uktu pa ih inn an va bat tikah, mipi pawl ṭap le aihram in an buai deido cu a va hmu hnei.
290527009a	Cun inn songah a lut ih an sinah, “Zangruangah ṭap le aihram in nan buai deido? Hi nappang nute hi a thi lo pi — a ihhmul mi a i!” tiah a ti hnei.
29052800b6	Cun mipi pawl nih Jesuh cu an hnihsan. Cun Jesuh nih an zaten lengah a suak ter hnei colh. Nappang nu ih nu le pa le a ṭhit tak hneimi pawl thawn nappang nu ih umnak ah cun an lut.
2905290078	Cun a kut in nappang nu cu a tlai ih, “Talitha, koum!” tiah a ti. A sullam cu “Nute, hang tho ta ti!” tinak a i.
29052a007c	Hmakhatte ah nappang nu a hang tho lohli ih a feh. (Zangahtihle cuvai nu cu kum hleinih mi a i.) Cucu an mang a bang taktak.
29052b0086	Cun Jesuh nih hi thu hi hukhaw fiah ter lo dingin khoh ngaiin thu a pe hnei ih cuvai nu ih ei dingah thil pakhat khat pek a forh hnei.
2906010052	Jesuh cu cuvai hmun in a suahnak khua ah a feh ih a dungthluntu pawl nih an thlun.
29060200fd	Sabbath ni ah sinakok ah thu zirh a thok. A thuzirhmi a theitu mi tampi cu an mang a bang ngai ih, “Hivai pa nih hi thil pawl hi khoituʼn a ngah? A sinih pekmi hivai fitnak hi zangtu fitnak a i? Zangtin himang mangbangza hi teh a kut in a tuah thiam?
29060300c2	Ani cu Mary ih fapa, James, Joses, Judas le Simon le pawl ih upa, lettama pa khi a si lo maw? A naunu le khaw hiva kan sinah an um ve i lo maw?” tiah an ti. Cun an ni le nih Jesuh cu an hnong.
2906040088	Cun Jesuh nih an sinah, “Profet cu ama ih khua le ram, a sungkhat pawl le a sungkua hrello hmun dang ah cu an upat,” tiah a ti hnei.
290605006f	Cun cuvai hmun ah cun mifak temte tlunah a kut a suang ih a damter; cuvai hrello mangbangza zangkhaw a tuah lo.
290606005d	Cun an zuplonak ruangah Jesuh cu a mangbang. Cun a kaingkap khua pawl ah a feh ih thu a zirh.
2906070078	Cule minung hleinih cu a ko hnei ih pa nih panih in a thlah hnei. Cun thlarau sia pawl tlunih thuneih theinak a pe hnei.
29060800a3	Cule an sinah, “Nan khualtlotnak ah fiangṭhulh hrello zangkhaw keng hlah uh — caw i seh, khualtlotnak zal i seh, paisa bawm sungah paisa i seh, keng hlah uh.
2906090048	Kedap cu hru uh, asinain angki hlei keng hlah uh,” tiah thu a pe hnei.
29060a005d	Cun an sinah, “Inn sung nan luh cangcang in, nan feh sal hlan lo cuvai inn ah nan cam thok.
29060b00b0	Cun riah-inn nan ta cohlang lo ih nan thu nan ta ngai lo tu khua cu, an khua nan suah tak tikah, anma dokalhnak fiahpittu ah, nan ke ih leivut cu thingta uh,” tiah a ti hnei.
29060c0031	Curuangah an feh ih sirfaknak ding thu an phuang.
29060d004e	Khawsia tamngai an dawi suak ih mifak tamngai khaw hriak an culh ih an damter.
29060e00ff	Jesuh ih hmin a than tuk ruangah Siangpahrang Herod nih Jesuh ih thuhla cu a thei ve. Mi hrekkhat nih, “Baptisma petu Johan cu thihnak in a thosal. Curuangah hi mangbangza thil pawl tuahtheinak huham cu Jesuh sinah ṭuan a ṭuan i thok,” tiah an ti.
29060f009f	Mi dang pawl nih, “Elijah a si,” tiah an ti. Asinain mi dang pawl sei nih, “Profet a i, a sih lole profet pawl lakih pakhat khat mang a i,” tiah an ti.
2906100088	Asinain Herod nih cuvai thu a theih ve tikah, “A hngawng ka ṭhawh termi Johan a si kau, thihnak in a thosal si lai tu!” tiah a ti.
290611010e	Zangahtihle Herod ama rori nih a naupa Filip ih nupi Herodias ruangah mi a thlah ih Johan cu a tlai ter hnei, cule hri thawn khit pit in thawng thla dingin thu a pek dahmi a i. Zangruangah tih le Herod nih a nau pa Filip ih nupi Herodias cu nupi ah a ṭhit ruangah a i.
2906120079	Zangahtihle Johan nih Herod sinah, “Na naupa ih nupi na ṭhit cu daan nih a duh lo,” tiah a tih tak dah ruangah a i.
2906130052	Curuangah Herodias nih Johan cu a mit a kem ih thah a duh; Asinain a that thei lo.
29061400de	Zangruangah tih le Johan cu mi dingfel le mi thianghlim a i tih Herod nih a fiah ruangah a ṭih ih a hum. Herod nih Johan ih thu a theih tikah, thin buai ngai in a um, cule a thusipmi cu lungawi ngai in ngai a duh thotho.
29061500a5	Cun Herod nih a suahni lopnak ah bawi upa pawl, ralbawi pawl le Galilee peng ih upa pawl hrangah zanriah ei khatnak puai a tuah ih, Herodias cu tikcu remcang a ngah.
29061600c1	Herodias ih fanu cu a rong lut ih a lam, Herod le a mikhual pawl cu an lung a awi ngai. Cun Siangpahrang pa nih numi nute sinah cun, “Na duhmi hmahhmah cu ka hler la ta pe thok,” tiah a ti.
2906170082	Cun cuvai nute sinah, “Ka na hlerhmi poh cu ta ka pe thok, ka ram a hrek tiang khaw ta pe thok!” tiah siatti dingin thu a kam.
2906180087	Cun cuvai nute cu a feh ih a nu sinah, “Zangtu ka hler thok?” tiah a sut. Cun a nu nih, “Baptisma petu Johan ih lu,” tiah a ti.
290619009b	Cun cuvai nu cu zamrang ngai in siangpahrang pa sinah a feh lohli ih, “Baptisma petu Johan ih lu cu kheng thawn in ka pe lohli la ka duh,” tiah a hler.
29061a0093	Cun siangpahrang pa cu a riah a se ngai, asinain siatti dingin thu a kam cem ruangah le a mikhual pawl ruangah cuvai nu ih hlerhmi cu a el thei lo.
29061b008f	Siangpahrang pa nih mithattu a thlah lohli ih Johan ih lu la dingin thu a pe. Cuvai pa cu thawnginn songah a va feh ih Johan ih lu cu a va tan.
29061c0062	Cun Johan ih lu cu kheng thawn a keng ta ih numi nute cu a pe. Cule numi nute nih a nu sinah a pe.
29061d006b	Cuvai thu cu Johan ih dungthluntu pawl nih an fiah tikah, an feh ih a ruak cu an la, cule thlan ah an phum.
29061e0073	Cun a forhthlah pawl cu Jesuh sinah an hmuakkhawm fa ih an tuahmi hmahhmah le an zirhmi hmahhmah cu a zaten an sim.
29061f00bc	Cun ani nih an sinah, “Ram ṭhing ah nanma thawn hlang kan feh thok ih kan va cawlhnga thok,” tiah a ti hnei. Zangahtihle mi lut suak an tamtuk ruangah caw ei can rori hman an nei lo.
2906200034	Cun ram ṭhing la ah anma hlang lawng thawn an feh.
29062100a2	Mipi pawl nih an pawh lai cu an hmu ih hutu le an si tih an fiah tikah khua cangcang in ke thawn an zuang. Cule Jesuh le a dungthluntu pawl ih bat hlan ah an ban.
2906220092	Jesuh cu lawng sungin a suah tikah, miburpi cu a hmu hnei, cule khaltu nei lo tuu mang an ih ruangah a thinfak hnei. Cule thu tamngai a zirh hnei.
2906230079	Cun ni a sim i tikah, a dungthluntu pawl cu Jesuh sinah an feh ih, “Hi hmun hi ram ṭhing a i, ni le a sim ngai i cem.
2906240072	Mipi pawl hi, kiangkap ih lo le khua pawl ah thlah hnei la, ei ding thil zangtumaw tal leih fa seu,” tiah an ti.
29062500aa	Asinain Jesuh nih, “Ei ding cu nan nih pe uh,” tiah a sawn hnei. Cun an ni nih, “Ngun tangka 200 man in caw lei pit in mipi pawl hi kan pe thok maw?” tiah an sut.
290626009a	Cule ani nih an sinah, “Sang hlawm khawzat nan nei? Feh uhla zoh uh,” tiah a ti hnei. Cun an va zoh ih, “Sang hlawm nga le nga panih,” tiah an ti.
2906270069	Cule a dungthluntu pawl sinah, mipi pawl cu ta hring tlun ah a bur a bur in to ter dingah, thu a pe hnei.
2906280039	Curuangah mipi pawl cu zakhat bur, sawmnga bur tin an to.
29062900c0	Cun sang hlawm nga le nga panih cu a la ih, van la zoh in lungawithu a sim. Cule sang cu a seu ih mipi pawl zem dingah a dungthluntu pawl sinah a pe. Cun nga panih khaw cu an zate sinah a zem.
29062a0024	Cule an zaten an ei ih an khop ngai.
29062b0066	An hlahmi nga le sang nepnawi pawl cu a dungthluntu pawl nih an sar ih khoto hleinih a khat in an sar.
29062c0031	Cuvai sang eitu pawl cu pami hlang ah 5,000 an i.
29062d0098	Jesuh nih mipi pawl a tlun ter hnei laiah, tili ral ih Bethsaida khua ah feh khan dingin a dungthluntu pawl cu hmakhatte ah lawng sungah a lut ter hnei.
29062e0047	Cun Jesuh cu mipi pawl tlun hnukah, thla cam dingin tlang tlunah a kai.
29062f0059	Cun ni a sim i tikah, lawng cu tili laifang ah a um ih Jesuh cu tili kam ah ama kau a um.
29063000cb	Zil cu anma la ah a zuan ruangah, a dungthluntu pawl cu harsa ngaiin lawng an to cu a hmu hnei. Curuangah zingmaw khawvang hlan hrawngah tili tlunin an sinah a feh. An sin a tian tikah lattak hnei a tum.
2906310048	Cun ti tlunih a feh cu an hmuh tikah, muthla ah an tih ih an hek ciamco.
2906320098	Zangahtihle an zaten an hmu ih an ṭih tuk. Asinain hmakhatte ah Jesuh nih an sinah, “Thinphang hlah uh, kei ka si, ṭih hlah uh,” tiah a ti hnei.
290633006b	Cun a dungthluntu pawl sin lawng sungah a lut ih zil cu a dai. Cun dungthluntu pawl cu an mang a bang ngai.
2906340063	Zangahtihle an lung a ruh tuk ruangah mi 5,000 caw a darmi ih a tih duhsatnak khaw an fiahthiam lo.
2906350053	Cun tili an tan ngah tikah Gennesaret ah an ban, cule an lawng cu tikap ah an khit.
2906360049	Lawng sung in an ṭum tikah, mipi pawl nih Jesuh cu an fiah thiam lohli.
2906370092	Cun cuvai ram kiangkap pawl hmahhmah ah an zuang ih, Jesuh a um tih an fiahnak hmun cangcang ah mifak pawl cu an ihnak tangthah thawn an tian pit.
29063800d5	Cun Jesuh ih fehnak hmun khawte cang ah iseh, khawpi cang le lo tiangah khaw iseh, mifak pawl cu dawr hmun ah an tian pit. Jesuh ih hnipuan zimte tal tham ter dingah an hler. Cule a tham ngahtu hmahhmah cu an dam.
2907010066	Cun Jerusalem in a tiangmi Farasi pawl le daanthiam hrekkhat pawl cu Jesuh ih hram ah an hmuakkhawmfa.
290702007f	Cule Jesuh ih dungthluntu hrekkhat pawl cu an kut hnawm pi in caw an ei khi an hmu — cucu an kut an ṭawlfa lo, tinak a i. (
290703008d	Zangahtihle Farasi pawl le Judah mi hmahhmah nih, an pupa pawl ih dun le daan khoh ngai in an thlun ruangah, kut ṭawlfa loʼn caw an ei lo.
29070400cb	Cun dawr in an tlun tik khawah kholhfa hmasak loʼn zangkhaw an ei lo. Cule an pupa pawl ih dun le daan pawl: khuat ṭawl dan, khukheng ṭawl dan le ihkhun pawl thianfaih dan tivek pawl khaw an thlun.)
29070500ad	Cun Farasi pawl le daanthiam pawl nih Jesuh cu, “Zangruangah na dungthluntu pawl hi kan pupa pawl ih dun le daan thlun loʼn, kut hnawm pi thawn caw an ei?” tiah an sut.
29070600cc	Cun Jesuh nih an sinah, “Profet Isaiah nih, nan mitifater pawl ih thuhla a sip mi cu a dik taktak. Hitin a ngan: “‘Hi minung pawl nih an hmurka kau in ka na upat, Asinain an thinlung cun ka na hlat.
290707005e	Kei ka na biaknak cu a lakmen a i, minung ih daan pawl cu Pathian ih thurin mangin an zirh.’
290708004b	“Pathian ih thupek cu nan ram ih minung ih dun le daan sawn nan thlun.”
290709006a	Cun Jesuh nih an sinah, “Nan zirhsinmi dun le daan hngetkhoh dingah Pathian ih thupek sawn cu nan hnong.
29070a008a	Zangahtihle Moses nih, ‘Nan nu le nan pa cu upat uh,’ cule, ‘A nu le pa ṭonsia ih a be tu cu thah tengteng thok a i,’ tiah a ti.
29070b00b7	Asinain nan nih cu, ‘Mi pakhat khat nih a nu le a pa hrangah thil ṭha pakhat khat nei na kau in “Korban a tih” a sih ahcun (Korban tihmi cu Pathian sinih pekhlanmi tinak a i),
29070c0042	cuvai pa cu a nu le pa zohkhentu sihnak in a luat,’ tiah nan ti.
29070d008a	Nan zirhsinmi nan dun le daan hmangin, Pathian ih thu cu zanghmanlo ah nan tuah. Cule cuvai mang thil tamngai khaw nan tuah,” tiah a ti.
29070e0058	Cun Jesuh nih mipi pawl cu a ko hnei sal ih an sinah, “Nan zaten ka ngai uhla cing uh.
29070f008f	Lengla in sungla ih a lutmi thil pawl nih minung hi a hnawmter lo; Asinain sungla in a suakmi thil pawl nih a hnawmter sawn,” tiah a ti hnei.
2907110073	Jesuh cu mipi pawl ramta hnei pit in inn song a luh tikah, a dungthluntu pawl nih cuvai tahṭhipnak thu cu an sut.
290712007f	Jesuh nih an sinah, “Zangtin nan khaw nan cing ve cuang lo maw? Lengla in a lut mi zangtu thil khaw nih minung a hnawmter lo,
29071300e4	zangahtihle cuvai thil cu a thinlung sungah a lut lo ih, a pumpi sungah a lut sawn. Cule ekinn ah a suak colh sal, tih nan fiah lo maw?” tiah a ti hnei. (Aitin a tihnak cu caw hmahhmah hi ei thiang a i, tiah a tih duhnak a i.)
2907140044	Cun Jesuh nih, “Minung sungih a suakmi thil nih minung a hnawmter.
2907150060	Zangahtihle minung sungla ih a suakmi ruahnak ṭha lo, nupa sual tuahnak, lolak hlah, lainawng,
2907160091	ṭangṭawm sualnak, duhhamnak, sualralnak, mideu, taksa hiarnak, nahsuah iksiknak, midang thangsiatnak, puarthaunak, atthlakza thil tuahnak —
2907170059	aivai thil ṭha lo hmahhmah cu minung sungin a suak ih, minung a hnawmter,” tiah a ti.
29071800a7	Cun Jesuh cu cuvai hmun in a pok ih, Tai-ar khuapi hram la ah a feh. Cule inn pakhat sungah a lut ih hutukhaw ih an fiah ding a duh lo, asinain a thupfa thei cuang lo.
2907190090	Zangahtihle a fanu khawsia ih luhhnawh mi ih nu, nucang pakhat nih Jesuh a um tih a fiah ih a sinah a feh, cule hmakhatte ah a ke hram ah a bok.
29071a006e	Nucang nu cu Zentail mi Fonisia rammi a i. Cuvai nu nih a fanu sungih khawsia dawisuak dingah Jesuh cu a hler.
29071b008b	Jesuh nih a sinah, “Fale nih khop ngai in ei hmasak seu. Zangahtihle fale ih caw laksak pit in uico pek cu a ṭha thok lo,” tiah a ti.
29071c008c	Asinain cuvai nucang nu nih, “A i hrim, Bawipa, fale ih caw tlawktlau cu cabuai tangih uico pawl nih ei ve kau hmah uh ee,” tiah a sawn.
29071d007f	Cun Jesuh nih cuvai nu sinah, “Hivai na ṭonkam ruangah, na feh thei i, na fanu sung in khawsia cu a suak cem,” tiah a ti.
29071e0063	Cun cuvai nu cu inn a bat tikah, a fanu cu ihkhun tlunah it in a hmu. Khawsia cu a suak cem taktak.
29071f0063	Cun Jesuh cu Tai-ar peng a ramta ih Sidon peng pal pah pit in Dekhapolis ram Galilee Tili ah a feh.
2907200088	Cun naset le fiangngai ih ṭonthiamlo pa pakhat cu Jesuh sinah an tianpit. Cule cuvai pa ih tlunah a kut suang dingin Jesuh cu an hler.
290721009d	Cun Jesuh nih cuvai pa cu mipi pawl lak in hmun dang deuh ah a ṭhita ih, cuvai pa ih naa sungah a zung in a von tok, a cihrit a kha, cule a lei a tham sak.
290722006d	Cun van la zoh in a thawpi a suah ih, “Ephphatha!” tiah a ti. A sullam cu, “Hong fa seh!” tihnak a i.
2907230063	Cun cuvai pa ih naa cu a theng ih a lei talh dawntu cu a poih, cule fiangngai in a ṭon suak thei.
2907240073	Cun Jesuh nih mipi pawl cu hukhaw sim lo dingin thu a pe. Asinain a kham hnei tam deuhdeuh le tam sinsin in an sim.
29072500aa	Cun mipi pawl cu an khuaruah a har ngai ih, “Thil zangkim hi ṭha tuk in a tuah. Naset pawl cu an naa a theng ter ih ṭonthiamlo pawl khaw a ṭon ter,” tiah an ti.
2908010094	Cuvai can ah, minung tamngai cu an hmuakkhawm fa seisei ih ei ding zangkhaw an neih lo tikah, Jesuh nih a dungthluntu pawl cu a ko hnei ih an sinah,
2908020079	“Mipi pawl hi ka thinfak hnei tuk, zangahtihle ka sinah an umnak ni thum lai a rei i cem ih ei ding zangkhaw an nei lo.
29080300a0	Zangkhaw ei lo in ka tlun ter hnei asihle, lam lakah an caw ṭam in an ba colh thok. Zangahtihle mi hrekkhat cu lam hlapi in a tiangmi an i,” tiah a ti hnei.
290804007d	Cun a dungthluntu pawl nih, “Aimang ramṭhing lakah hutu nih minung hi zat hrangah caw a hrawl thei thok?” tiah an sawn.
2908050075	Jesuh nih an sinah, “Sang hlawm khawzat nan nei?” tiah a sut hnei. Cule an ni nih, “Hlawm sarih,” tiah an ti.
29080600d9	Cun Jesuh nih mipi pawl cu leilung ah to dingin thu a pe hnei. Cule sang hlawm sarih cu a la ih lungawithu a sip hnukah, a seu ih mipi pawl zem dingah a dungthluntu pawl sinah a pe. Cule an ni nih mipi pawl cu an zem.
2908070061	Nga fate te khaw temte an nei. Lungawithu a sip hnukah mipi pawl zem thotho dingin thu a pe hnei.
290808006b	Cun mipi pawl cu an ei ih an khop ngai. Cule an hlahmi nepnawi pawl cu an sar sal ih kho sarih khat an sar.
290809004d	Cun a eitu mipi pawl cu 4,000 hrawng an i. Jesuh cu mipi pawl a tlunter hnei.
29080a005d	Cule hmakhatte ah a dungthluntu pawl thawn lawng sung ah an lut ih Dalmanutha peng ah an feh.
29080b007e	Cun Farasi pawl cu an tiang ih Jesuh thawn thu-el fak an thok. Jesuh hneksaknak dingah, vancung ihsin hmuhsaknak tuah an hler.
29080c00c7	Asinain Jesuh cu a thawpi a suah ih, “Zangruangah tun san minung pawl hi hmuhsaknak nan hrawl? Thutak in nan ta sim, tun san minung pawl sinah zangtu hmuhsaknak khaw pek an i thok lo,” tiah a ti.
29080d004f	Cule Jesuh cu a feh ta hnei ih lawng sungah a lut. Cun tili khatla ralah a feh.
29080e005d	Cun dungthluntu pawl nih sang kentak an hmulh ih lawng sungah cun sang hlawm khat kau an nei.
29080f0068	Cule Jesuh nih an sinah, “Farasi pawl ih colh le Herod ih colh hi ralring lau cih,” tiah a cah hnei.
290810005e	Cule “sang kan neih lo ruangah aitin kan na ti si na pan,” tiah pakhat le pakhat an ti fa.
29081100a2	Jesuh nih an ṭonmi a thei hnei ih, an sinah, “Sang nan neih lo thu cu zangah nan rel ngelngo? Nan cing thiam lo maw, nan fiahfiang lo? Nan lung a ruh rih maw?
2908120050	Mit nei hmah pit in — nan hmu lo maw? Naa nei hmah pit in — nan thei lo maw?
29081300c1	Minung 5,000 hrang ah sang hlawm nga ka seu lai ah khin an hlahmi a nepnawi kho khawzat nan sar? tih khi nan cing i lo maw?” tiah a sut hnei. Anni nih a sinah, “Kho hleinih,” tiah an let.
29081400c6	Cun Jesuh nih an sinah, “minung 4,000 hrang ah sang hlawm sarih ka seu lai ah khi an hlahmi a nepnawi kho khawzat nan sar?” tiah a sut hnei. Cule an ni nih a sinah, “Kho sarih,” tiah an let.
2908150053	Cule Jesuh nih an sinah, “Cucu nan fiahthiam rih cuang lo maw?” tiah a ti hnei.
2908160064	Cun Bethsaida khua an ban. Mitkhang pa pakhat cu a sinah an tianpit ih tham dingah Jesuh cu an hler.
29081700c1	Cun Jesuh nih mitkhang pa cu a kut in a tlai ih khaw lengah a ṭhi ta. Cule a mit ah cihrit a khak ih a tlunah a kut a suang. Cun Jesuh nih a sinah, “Zangtu tal hmu thiam cim?” tiah a sut.
2908180072	Mitkhang pa cu tlun la a zoh ih, “Minung pawl ka hmu thei, asinain thingkuang feh deido mang an i,” tiah a ti.
2908190071	Cun Jesuh nih a mit cu a tham sak sal ih a mit cu a hrak. A mit cu a damsal ih zang hmahhmah fiangten a hmu thei.
29081a0054	Cule Jesuh nih, “Khaw sungah lut vai hlah,” tiah thu a pe ih inn ah a tlung ter.
29081b00b1	Cun Jesuh le a dungthluntu pawl cu Sisaria Filipi ih khawte pawl ah an feh. Jesuh nih lampi lakah a dungthluntu pawl cu, “Mi nih kei hi hutu tiah ka na ti?” tiah a sut hnei.
29081c00b7	A dungthluntu pawl nih a sinah, “Baptisma petu Johan a si, ta ti. Asinain mi hrekkhat nih Elijah a si, ta ti. Mi hrekkhat nih profet pakhat khat a si, tiah ta ti eng,” tiah an ti.
29081d0094	Cule Jesuh nih an sinah, “Asihle nan teh kei hi hutu tiah ka na ti?” tiah a sut hnei. Peter nih a sinah, “Nang cu Khrih na si,” tiah a sawn.
29081e0052	Cule Jesuh nih a thuhla cu hutukhaw sim lo dingah khoh ngaiin ralrinnak a pe hnei.
29081f00e3	Cun Jesuh nih a dungthluntu pawl thuzirh a thok. Minung fapa cu harnak tamngai a tuar thok ih upa pawl, puithiam upa pawl le daanthiam pawl nih an hnong thok. Cule an that thok ih ni thum hnukah a thosal thok, tiah a zirh hnei.
2908200079	Cun cuvai thu cu an sinah langhngan ngaiin a sim hnei. Cule Peter nih Jesuh cu hmun dang deuhah a ṭhita ih a mawhthluk.
29082100ba	Asinain Jesuh cu a her fa ih a dungthluntu pawl zoh hnei pah in Peter cu a tai, “Seihtan, ka dung la ah feh! Zangahtihle Pathian thil ruat loʼn minung thil sawn na ruat,” tiah a ti.
29082200bb	Cun Jesuh nih mipi pawl le a dungthluntu pawl cu a ko hnei ih, an sinah, “Hutu khaw ka dung ka na thlun duhtu cu ama le ma hnong fa seh, cule a thinglamtah phur in ka dung ka thlun seh.
29082300b7	Zangahtihle hutu poh khaw ama ih nunnak a rung duhtu cu a nunnak a hlo thok, asinain hutu poh khaw keimai hrang le thuthang ṭha ruangih a nunnak a hlotu cu a nunnak a run ngah thok.
290824006e	Zangahtihle mi pakhat nih leilung pumpi hi co in ama ih nunnak hlo hnik sehla, a hrangah zangtu hlawknak a um?
2908250030	A nunnak cu zangtu thawn in a lei thei sal thok?
29082600d4	Hutu khaw sualnak le rinumlonak ih a khatmi hivai san ah, kei le ka thu a zahpittu cu minung fapa nih a Pa ih sunlawinak le a thianghlim vancungmi pawl thawn an tian leh tikah a zahpit hnei ve thok,” tiah a ti.
29090100ba	Cun Jesuh nih an sinah, “Thutak in nan ta sim, hivai hmun ih a dingmi mi hrekkhat hi, Pathian ih Uknak cu huham thawn a tian an hmuh hlan lo, thihnak tep lo dingmi an um,” tiah a ti.
2909020092	Cun ni ruk hnukah, Jesuh nih Peter, James le Johan pawl cu tlang tlunah anma lawng a kai pit hnei. Cule Jesuh cu an hmai ah a muihmel a thleng fa.
2909030074	A hnipuan cu a tleu ih a var setak — leitlun ih thil sawptu hutu mang khaw nih cutluk var in an tuah thei thok lo.
290904004e	Cun an sinah Elijah cu Moses thawn an rong lang ih Jesuh thawn an be fa berbo.
29090500b2	Cule Peter nih Jesuh sinah, “Rabbi, aiva ih kan um hi a ṭha tuk. Thlam pathum in sa u sing, na hrangah pakhat, Moses hrangah pakhat, cule Elijah hrangah pakhat,” tiah a ti.
2909060049	Zangruangah tihle an ṭih tuk ih ṭon ding dang a fiah lo ruangah a si.
2909070089	Cun khawdur nih a ron khuh hnei ih khawdur sung in aw pakhat nih, “Hihi ka duhdawt ngaimi ka Fapa a si — a thu ngai uh!” tiah a ti.
2909080077	Cucangin dungthlutu pathum pawl cu an kiangkap an zoh lohli ih hutukhaw an hmu lo; Jesuh kau an hram ih a um cu an hmu.
290909009e	Tlang tlun in an rong ṭum laiah, “Minung Fapa thihnak ihsin a thawhsal hlan lo cu, an hmuh mi thilpawl hutukhaw sim lo dingah,” Jesuh nih thu a pe hnei.
29090a007f	Cuvai a thupekmi cu an thlun ih, “‘thihnak in thawhsal,’ tihmi cu zangtu khi i la na?” tiah pakhat le pakhat an sut fa.
29090b0065	Cule Jesuh sinah, “Zangruangah daanthiam pawl nih Elijah a tiang hmasak thok an ti?” tiah an sut.
29090c00d5	Cun Jesuh nih an sinah, “Elijah cu a tiang hmasa taktak thok ih zang hmahhmah a remṭhasal colh thok. Zangruangah Ca Thianghlim sungah, Minung Fapa cu harnak tamngai a tuar thok ih hnon a i thok, tiah ngan a i?
29090d0081	Thutak in nan ta sim, Elijah cu a tiang taktak cem, cule a thuhla an ngancia mangin, an duhduh in a tlunah an tuah,” tiah a ti.
29090e008c	Cun dungthluntu dang pawl sin an tian tikah, mipi tamngai nih an kulh ih daanthiam pawl le dungthluntu pawl thu an el fak ngelngo cu an hmu.
29090f0067	Cule mipi zate cu Jesuh an hmuh cangka in an mang a bang setak, cule ama hmuak dingin a sinah an zuang.
290910005c	Cun Jesuh nih a dungthluntu pawl sinah, “An ni thawn zangtu nan el fa?” tiah a sut hnei.
2909110088	Cule mipi lakin mi pakhat nih a sawn ih, “Sayapa, nan sinah ka fapa ka tian pit, zangahtihle thlarau sia nih ṭon thiam lo in a tuah.
29091200e0	Thlarau sia nih a molh cangcang in leilung ah a hlon fa, a ka in rabuan a suak, a ha a rial ih a ṭhong colh. Cule na dungthluntu pawl sinah, thlarau sia dawisuak dingin ka sim hnei naʼn, an dawisuak thei lo,” tiah a ti.
29091300ce	Cule Jesuh nih a sawn ih an sinah, “Aw zupnak nei lo a tun san minung pawl, nan sinah khawtik tiang ka um rih thok? Nan tlunah khawtik tiang ka thinsau thok? Cuvai pa cu ka sinah tianpit uh,” tiah a ti.
29091400a3	Cule cuvai pa cu Jesuh sinah an feh pit. Thlarau sia nih Jesuh a hmuh cangka in nappang pa cu a caih ter ih leilung ah a ngal, a tawng fa ih a ka in rabuan a suak.
2909150073	Cule Jesuh nih, “Hitin a sihnak hi rei cem im?” tiah a pa cu a sut. Cule a pa nih, “A nappan lai in a si cem.
290916008f	Vei tampi cu thlarau sia nih that dingin meisa sung le ti sungah a hlon. Na tuah theimi a sih ahcun kan thinfah la kan bawm hram,” tiah a ti.
2909170082	Jesuh nih a sinah, “Na tuah theimi a sih ahcun, tiah na ti. A zumtu hrang ahcun zang hmahhmah hi a cang thei colh,” tiah a ti.
290918005d	Hmakhatte ah nappang pa ih pa cu a hek ih, “Ka zum, ka zuplonak ka bawm hram,” tiah a ti.
29091900d4	Jesuh nih mipi pawl hmuakkhawm fa cu a hmuh hnei tikah, thlarau sia cu a tai ih, a sinah, “Naset le ṭon thiam lo nang thlarau sia, hivai nappang pa sungin suak la lut sal i hlah, tiah thu ta pe,” tiah a ti.
29091a00a3	Cule thlarau sia cu a hek ih nappang pa cu a caih ter hnukah a sungin a suak. Nappang pa cu mithi mangin a um ih, mi tampi nih, “Nappang pa a thi,” tiah an ti.
29091b004d	Asinain Jesuh nih a kut in nappang pa cu a la ih a han tho, cule a hang ding.
29091c007e	Cule Jesuh cu inn songah a lut ih a dungthluntu pawl nih a thupteʼn, “Zangah kan hmah kan dawisuak thei lo?” tiah an sut.
29091d0078	Cule Jesuh nih an sinah, “Thlacamnak lo cun, himang thlarau sia cu zangkhaw nih a dawisuak thei lo,” tiah a ti hnei.
29091e008e	Cun Jesuh le a dungthluntu pawl cu cuvai hmun ihsin an pok ih Galilee peng palpah in an feh. Cule Jesuh nih hutukhaw ih an fiah ding a duh lo.
29091f00b9	Zangahtihle a dungthluntu pawl thu a zirh hnei ih, an sinah, “Minung Fapa cu mi kut ah pek a i thok ih an that thok. Cule an thah hnuk ni thum hnukah a thosal thok,” tiah a ti hnei.
290920004f	Asinain zangtu a sim tih an cing thiam lo, a suh le an ṭih ih an sut ngam lo.
29092100aa	Cun Jesuh le a dungthluntu pawl cu Kapernaum khua an ban. Cule inn songih a um laiah, Jesuh nih an sinah, “Lampi lakah zangtu thu nan el fa ngelngo?” tiah a sut hnei.
2909220065	Asinain daiten an um colh, zangahtihle lampi lakih an el fakmi cu an lakah hutu a hnem bik tihmi a i.
29092300c9	Cun Jesuh cu a to, cule a dungthluntu hleinih cu a ko hnei ih, an sinah, “Hutukhaw hmasabik sih a duhtu cu mi hmahhmah lakah netabik a i thok ih, mi hmahhmah ih siahhlawh a i thok,” tiah a ti hnei.
2909240059	Jesuh nih nappang pa a ko ih an laifang ah a ding ter, cule a kut in a cawi ih, an sinah,
29092500c5	“Hutukhaw ka hmin in himang nappang pakhat a cohlangtu cu kei ka na cohlang a i. Cule hutukhaw ka na cohlangtu cu kei kau ka na cohlang i lo in, ka na thlahtu sawn a cohlang mi a i,” tiah a ti.
290926009d	Johan nih Jesuh sinah, “Sayapa, na hmin in thlarau sia a dawisuaktu mi pakhat kan hmu ih kan na thluntu a ih lo ruangah cuvai pa cu kan dawn,” tiah a ti.
290927006c	Asinain Jesuh nih, “Dawn hlah uh, zangahtihle ka hmin ih mangbangza a tuahtu cu nih ka na relsiat thok lo.
2909280034	Zangahtihle kan na dokalh lotu cu kan la ṭang a i.
2909290093	Zangahtihle thutak in nan ta sim, Khrih ih ta na ih ruangah ka hmin in din ding ti khuat khat ta petu cu, a tuah ṭhatman a sung hrimhrim thok lo.
29092a00b1	“Cun hutukhaw ka na zumtu hivai nappang pakhat khat a sual tertu cu a hngawng ah fang rialnak lungtum thlaih pit in tipi thuanthum sungah hlon fa sehla a hrangah a ṭha sawn.
29092b00aa	Na kut nih ta sual ter asihle na kut cu ṭhot. Taksa kim lo in nunnak sungih luh cu kut panih thawn a mit kel lo mi meisa, hell sungih feh nakin na hrangah a ṭha sawn.
29092d008f	Cun na ke nih ta sual ter asihle na ke cu ṭhot. Ke kim lo in nunnak sung luh cu ke panih thawn hell sungih luh nakin na hrangah a ṭha sawn.
29092f009a	Cun na mit nih ta sual ter asihle na mit cu khorh. Mit pakhat thawn Pathian Uknak sungih luh cu mit panih thawn hell ih luh nakin na hrangah a ṭha sawn.
290930004d	Cuvai hmun ahcun ‘zang pawl cu an thi kel lo ih meisa khaw a mit kel lo.’
2909310064	“Thawinak cu ci in thianfaiter a sih mangin mi hmahhmah cu meisa in thianfaiter colh an i ve thok.
2909320095	“Ci cu a ṭha, asinain a al nak a net asihle, zangtin na al ter sal thok? “Nanma ah ci cu nei uh, cule pakhat le pakhat rem fa uh,” tiah a ti.
290a0100a3	Cun Jesuh cu cuvai hmun in a suak ih Jordan tikua ralkhat le Judea peng laah a feh. Mipi pawl cu a sinah an hmuakkhawm fa sei ih a tuah kel mangin thu a zirh hnei.
290a020083	Cun Farasi pawl cu a sinah an feh ih, hneksak an duh ruangah, “Pami nih a nupi ma sehla daan nih a siang maw?” tiah thu an sut.
290a03004f	Jesuh nih a let hnei ih, “Moses nih zangtu thu nan ta pe?” tiah a sut hnei.
290a040051	Cule an ni nih, “Moses nih maknak ca ngan pit in mak cu a siang,” tiah an ti.
290a05005f	Asinain Jesuh nih an sinah, “Nan lungruh tuk ruangah nan hrangah hi daan hi Moses nih a ngan.
290a060044	Asinain sersiam thoktir ihsin ‘Pathian nih numi le pami a tuah.’
290a070040	‘Curuangah pami nih a nu le pa ramta pit in a nupi a kop thok.
290a080071	Cule taksa panih cu taksa pakhat ah an cang thok.’ Curuangah an ni cu panih an i, i lo, taksa pakhat an i sawn.
290a090050	Curuangah Pathian ih a kop cem mi cu hutukhaw nih ṭhen hlah seu,” tiah a ti.
290a0a004e	Cun inn song an luh sal tikah, a dungthluntu pawl nih cuvai thu cu an sut sal.
290a0b0069	Cule Jesuh nih an sinah, “Hutukhaw a nupi ama ih nupi dang a ṭhit asihle ṭangṭawm sualnak a tuah.
290a0c0064	Cun numi khaw nih a pasal ama ih pasal dang a neih asihle ṭangṭawm sualnak a tuah,” tiah a ti.
290a0d0079	Cun mipi pawl nih, Jesuh ih tham dingah, nappang pawl cu a sinah an ṭhi. Cule a dungthluntu pawl nih cu pawl cu an tai.
290a0e00a9	Asinain Jesuh nih a hmuh tikah, a thin a se ih an sinah, “Nappang pawl cu ka sinah tiang seu, dawn hlah uh. Zangahtihle Pathian Uknak cu himang nappang pawl ih ta a i.
290a0f009e	Thutak in nan ta sim, ‘Hutu khaw sisehla nappang pawl mangin Pathian Uknak a cohlang lo tu cu Pathian Uknak sungah an lut thei kel thok lo,’” tiah a ti.
290a10005e	Cule nappang pawl cu a ban tlunah a cawi hnei, an tlunah a kut a suang ih thlawsuah a pe hnei.
290a1100b5	Cun Jesuh cu khual tlawn ding ih a suah zawngah, a sinah mi pakhat a zuang ih a khuk bil in, “Zirhtu ṭha, kumkhua nunnak ka co theinak dingah zangtu ka tuah thok?” tiah a sut.
290a12006b	Cule Jesuh nih a sinah, “Zangruangah zirhtu ṭha tiah ka na ko? Pathian hrello mi ṭha hukhaw an um lo.
290a1300b5	Thupek pawl khi fiah kau hmah ci ee: ‘Mi that hlah, ṭangṭawm sualnak tuah hlah, lolak hlah, fiahpitnak dik lo rel hlah, mi deu hlah, na nu le pa cu upat hnei,’” tiah a ti.
290a140078	Cun ani nih Jesuh sinah, “Sayapa, cuvai pawl hmahhmah cu ka no lai ihsin ka thlun hnei colh cia mi an i,” tiah a ti.
290a1500e1	Cun Jesuh nih cuvai pa cu a zoh ih, a duhdawt, cule a sinah, “Thil pakhat na sam rih: feh la, na neihmi hmahhmah zuar pit in mi fahrah pawl pe hnei, cule vancung ah hlawnthil na nei thok. Cun ka dung ka thlun,” tiah a ti.
290a160083	Cun cuvai pa cu Jesuh sipmi thu ah a riah a se ih thin nuam lo ngai in a feh, zangahtihle ani cu thilri tamngai a neih ruangah a i.
290a170097	Cun Jesuh cu a kiangkap a zoh ih a dungthluntu pawl sinah, “Paisa nei milian pawl hrangah Pathian Uknak sungih luh cu zangtlukin a har!” tiah a ti.
290a180091	Cule a dungthluntu pawl cu a sipmi thu ah an mang a bang. Asinain Jesuh nih an sinah, “Fale pawl, Pathian Uknak sungih luh cu zangtlukin a har!
290a19007b	Pathian Uknak sungih milian pa a luh ding nakin ṭhim awng sungih kalauk luh ding hman a bai sawn,” tiah a sim hnei sal.
290a1a006f	Cun dungthluntu pawl cu an mang a bang hlehhlo ih, a sinah, “Asihle hutu rundam a i thei thok?” tiah an ti.
290a1b00da	Cule Jesuh nih a zoh hnei ih, an sinah, “Minung hrang ahcun thil cangthei lo a i, asinain Pathian hrang ahcun thil cangthei lo a i lo. Zangahtihle Pathian thawn cu zang hmahhmah hi a cangthei colh,” tiah a ti hnei.
290a1c0064	Cutikah Peter nih a sinah, “Ngai hnik, zang hmahhmah ramta pit in na dung kan thlun,” tiah a ti.
290a1d00aa	Cule Jesuh nih, “Thutak in nan ta sim, hutukhaw siseh la keimai ruang ah le thuthang ṭha ruang ah, a inn, a u le nau, a nu le pa, a fale, a leiram pawl a ramta tu cu,
290a1e00d8	tun san sung ah tam sinsin a ngah thok. A inn, a u le nau, a nu, a fale leh a leiram pawl khaw a let zakhat in a ngah thok — hremnak pawl khaw a ngah thok. Cule a tiang lai dingmi san ah kumkhua nunnak a ngah thok.
290a1f0074	Asinain hmasabik a i mi, mi tampi cu netabik an i leh thok ih, netabik pawl cu hmasabik an i leh thok,” tiah a ti.
290a200102	Cun Jerusalem la ih an feh lai ah Jesuh cu an hmai ah a feh khan, a dungthluntu pawl cu an mang a bang ih a thluntu midang pawl khaw an ṭih. Cule dungthluntu hleinih pawl cu hmun dang deuh ah a ṭhi ta hnei sal ih a tlunih thilcang dingmi pawl a sim hnei.
290a2100d3	Jesuh nih, “Ngai hnik uh! Jerusalem khua kan ban thok ih, Minung Fapa cu puithiam upa pawl le daanthiam pawl kut ah pek a i thok. Cule an ni nih thi dingin mawh an puh thok, cule Zentail pawl sinah an ap thok.
290a220090	Cun hnihsuahsainak ah an hmang thok ih cihrit an khak thok, an thawi thok ih an that thok. Cule ni thum hnukah a thosal thok,” tiah a ti hnei.
290a230085	Cun Zebedi ih fapa James le Johan cu Jesuh sinah an feh ih, “Sayapa, thil ta hlermi hmahhmah kan tuahsak la kan duh,” tiah an ti.
290a240047	Cule Jesuh nih an sinah, “Zangtu tuahsak nan duh?” tiah a sut hnei.
290a25007a	Cule an ni nih a sinah, “Na sunlawinak ah na vorh la ah pakhat, na keh la ah pakhat, kan toter veve hram,” tiah an ti.
290a2600bc	Asinain Jesuh nih an sinah, “Zangtu nan hler tihmi nan fiah lo. Ka din dingmi khuat hi nan ding thei thok maw? Asihlole ka co dingmi baptisma teh nan co thei thok maw?” tiah a ti hnei.
290a2700bd	Cun an ni nih a sinah, “Kan tuah thei thok,” tiah an ti. Cule Jesuh nih an sinah, “Ka din dingmi khuat cu nan ding thei kau thok, cule ka co dingmi baptisma khaw nan co thei kau thok.
290a280083	Asinain ka vorh la le ka keh la ih to ding thu cu kei ih pek dingmi a i lo; timtuah sak ciami pawl hrang sawn ah a i,” tiah a ti.
290a29005d	Cun cuvai thu cu a dang pahra pawl nih an theih tikah James le Johan cungah an lung a awi lo.
290a2a00bd	Cule Jesuh nih a sinah a ko hnei ih, an sinah, “Zentail pawl uktu dingih ruahmi pawl cu an mipi tlunah an bawisak fa ngai ih, an hotu pawl khaw an tlunah thu an nei ngai, tih cu nan fiah.
290a2b0075	Asinain nan lakah cu hi mangin i ding a i lo. Hutu khaw nan lak ih hnem bik sih a duh ahcun nan siahhlawh i sawn seh.
290a2c004d	Cule hutukhaw nan lak ih hmasabik sih a duh ahcun nan zate ih sal i sawn seh.
290a2d0096	Zangahtihle Minung Fapa hman riatmi i dingah a tiang lo, riantu i dingah le mi tamngai tlatnak hrangah a nunnak pe ding sawn ah a tiang,” tiah a ti.
290a2e00c3	Cun Jesuh le a dungthluntu pawl cu Jerikho khua an ban; cule a dungthluntu pawl le mipi tamngai thawn Jerikho in an pawh zawngah, Timias ih fapa Bartimias, mitkhang kutdawh, cu lampi kap ah a to.
290a2f007b	Cule Nazareth mi Jesuh a si tih a theih tikah, a hek ih, “Jesuh, David Fapa, ka cungah thinfahnak nei hram!” tiah a ti.
290a300085	Cule mi tampi nih an tai ih, daiten um an forh. Asinain a hek hlehhlo ih, “David Fapa, ka cungah thinfahnak nei hram,” tiah a ti.
290a31009c	Cun Jesuh cu a cawlhnga ih, “Ko uh,” tiah a ti. Cule mitkhang pa cu an ko ih, a sinah, “Thin thlangamten um, hang tho, Jesuh nih ta ko,” tiah an ti.
290a32003c	Cule a hnipuan cu a hlon ta ih, Jesuh sinah cun a pet vervo.
290a3300af	Cule Jesuh nih a let ih, a sinah, “Na hrangah zangtu ta tuahsak na duh?” tiah a sut. Cule mitkhang pa nih a sinah, “Rabbi, khua hmu thei sal ningla ka duh,” tiah a ti.
290a34008e	Cule Jesuh nih a sinah, “Feh, na zupnak nih ta damter cem,” tiah a ti. Cule hmakhatte ah khua a hmu thei sal ih Jesuh cu zalam ah a thlun.
290b010090	Cun Jerusalem la an naih i mepmo ih, Olif Tlang ih Bethfath le Bethani khua hram an bat tikah, Jesuh nih a dungthluntu panih cu a thlah hnei ih,
290b0200b0	an sinah, “Nan hmala ih khaw sungah feh uh, khaw sungih nan luh cangka in hutukhaw ih an to kel lomi lak note hri thawn an khihmi nan hmu thok. A hri cu phoih uhla duk ta uh.
290b0300a2	Cule mi pakhat khat nih, ‘Zangah aitin nan tuah?’ tiah nan ta tih eng le, ‘Bawipa nih a ṭul, hi hmunah nan ta kuat sal lohli thok,’ ti uh,” tiah a ti.
290b040057	Cun an feh ih lampi lengih kotka ah lak note an khih cu an hmu, cule a hri cu an phoih.
290b050062	Cun cuvai hmun ih a dingmi mi hrekkhat nih, “Zangah lak note cu a hri nan phoih?” tiah an sut.
290b060045	Cule an ni nih Jesuh ih a sip hnei cia mangin an sim, cun an feh ter.
290b070060	Cule Jesuh sinah lak note cu an ṭhi ta ih a cungah puan an thah sak ih Jesuh cu a cungah a to.
290b08007b	Cun minung tamngai nih zalam tluanah an puan an thap ih mi hrekkhat nih lo sungih sawlhnah an sat ih zalam tluanah an thap.
290b090082	Cun a hmaiih a fehtu pawl le a dungih a thluntu pawl cu an hek ih, “Hosanna! Bawipa ih hmin in a tiangtu cu thlawsuah in um seh!
290b0a0061	A tiang dingmi kan pa David ih uknak cu thlawsuah in um seh! A sangbik ah Hosanna!” tiah an ti.
290b0b00a0	Cule Jesuh cu Jerusalem ah a feh ih biakinn songah a lut. Thil hmahhmah a zoh colh hnukah, ni a sim i ih, dungthluntu hleinih pawl thawn Bethani khua ah an feh.
290b0c004e	Cun a zingthlala ah, Bethani khua in an kirhsal tikah, Jesuh cu a caw a ṭam.
290b0d00d7	Cule lamhla nawnah a hnah a nim ngaimi thei kuang pakhat a hmu ih a thei ka hmuh pangah tiah thei kuang la cu a feh. Thei kuang umnak a bat tikah, a hnah hrello zangkhaw a hmu lo; zangahtihle thei a thei can a i lo.
290b0e0099	Cutikah Jesuh nih thei kuang cu, “A kumkhua in hutukhaw nih na thei ei i nawn hlah seu,” tiah a ti. Cule a dungthluntu pawl nih a ṭonmi cu an thei.
290b0f00dc	Cun Jerusalem an ban. Cule Jesuh cu Biakinn songah a lut ih Biakinn songih thil zuartu pawl le thil leitu pawl dawisuah a thok. Cule Paisa thlengtu pawl ih cabuai le thute zuartu pawl ih tokheng pawl khaw a linglet colh.
290b10004f	Cule hutukhaw Biakinn songah zangtumang thilri khaw phur in vah a sian hnei lo.
290b1100de	Cun thu a zirh hnei ih an sinah, “Ca Thianghlim sungah ‘Ka inn cu miphun zate hrangah thlacamnak inn tiah kawh a i thok,’ tiah ngan a i lo mawh? Asinain damiah pawl ih rolhnak lungkuak ah nan tuah,” tiah a ti hnei.
290b1200b8	Puithiam upa pawl le daanthiam pawl nih cuvai cu an theih tikah, Jesuh cu an ṭih ruangah a thah thei dan ding an hrawl. Zangahtihle mipi zate cu Jesuh ih thuzirhmi ah an mang a bang.
290b130049	Cun ni a sim i tikah Jesuh le a dungthluntu pawl cu khaw sung in an suak.
290b140055	Cun a zingthlala zalam ih an feh laiah, a tawhram in a rocar mi thei kuang cu an hmu.
290b150074	Cun Peter cu a cing sal ih Jesuh sinah, “Rabbi, Zohhnik aw! Na camsiatmi thei kuang cu a rocar colh,” tiah a ti.
290b160034	Cule Jesuh nih a let ih an sinah, “Pathian zum uh.
290b1700e7	Thutak in nan ta sim, hutukhaw a thinlung sungah rinhelhnak nei lo in a sipmi mangin a cang tengteng thok tiah a zup ahcun, hivai tlang hi, thawnfa pit in tipi thuanthum sungah ṭil, tiah a titu cu a ṭon mangin tuahsak a i thok.
290b180072	Curuangah nan ta sim, thlacamnak thawn nan hlerhmi hmahhmah hi kan ngah cem tiah zum uh la, cule nan ta a si thok.
290b1900c5	Cun thla cam dingih nan din tikah, Van ih a um mi nan Pa nih nan sualnak pawl nan ta ngaihthiam theinak dingah, mi pakhat khat cungah lungkim lonak nan neih asihle ngaihthiam uh,” tiah a ti hnei.
290b1b00a2	Cun Jesuh le a dungthluntu pawl cu Jerusalem ah an ban sal. Cule Jesuh cu biakinn songih a feh laiah, puithiam upa pawl, daanthiam pawl le upa pawl nih an pha ih,
290b1c0098	Jesuh sinah, “Himang thil pawl hi hutu ih thuneihnak in na tuah hnei? Asihlole himang thil pawl tuah dingah hutu nih thuneihnak ta pe?” tiah an sut.
290b1d009e	Cule Jesuh nih an sinah, “Kei khaw thu pakhat nan ta sut ve thok ih, ka let uh. Cun zangtu thuneihnak thawn himang thil pawl ka tuah, tihmi nan ta sim thok.
290b1e005c	Johan ih Baptisma hi vancung la in maw minung sin in a i? Ka let hnik uh,” tiah a ti hnei.
290b1f0088	Cun cuvai thu cu anma ten an relkhawm ih, “Van la in a i, tiah kan tih le, ‘Zangruangah Johan cu nan zum lo,’ tiah kan na ti thok.
290b200095	Cun ‘Minung sin in…,’ tiah kan ti thok maw?” (Zangahtihle mi hmahhmah nih Johan cu profet taktak a i tiah an pom ruangah mipi pawl an ṭih.)
290b2100bb	Curuangah Jesuh sinah “Kan fiah ve lo,” tiah an let. Cule Jesuh nih an sinah, “Kei khaw zangtu thuneihnak thawn hi thil pawl ka tuah, tihmi nan ta sim ve thok lo,” tiah a ti hnei.
290c0100f8	Cun Jesuh nih an sinah tahṭhipnak thawn thusip a thok. “Mi pakhat nih sabit dum a tuah ih hruang in a kulh, cule sabit ti surnak ah khur a lai ih hrawlte a don. Cun a dum cu man pek ih a sawngtu pawl sinah a ramta ih lam hlapi ah khual a tlawn.
290c020069	A tikcu can a kim tikah, dum sawngtu pawl sin in a covo sabit thei la dingah, a siahhlawh pakhat a thlah.
290c030040	Cun cuvaipa cu an tlai ih an thawi hnukah zahawr in an tlungter.
290c040079	Cule an sinah siahhlawh dang pakhat cu a thlah seisei. Cun cuvaipa cu a lu ah an thawi ih hmualpho le ningzak in an tuah.
290c05008f	A dang a thlah sal seisei ih a thlahmi pa cu an that. Cule a dang tamngai khaw cu a thlah bet, a hrekkhat cu an thawi ih a hrekkhat cu an that.
290c0600ab	Thlah dingmi pakhat la cu a nei rih, a duhdawt ngaimi a fapa a si. Netabikah dum sawngtu pawl sinah cun a fapa cu a thlah ih, ‘Ka fapa cu an upat kau thok,’ tiah a ti.
290c0700b1	Asinain dum sawngtu pawl nih, ‘Hivaipa hi ro cotu thok cu a i. Cei uh, that lausing, cule a co dingmi ro hmahhmah cu kan maiʼ ta an i thok,’ tiah pakhat le pakhat an ti fa.
290c080041	Cun cuvaipa cu an tlai ih an that, cule sabit dum lengah an hlon.
290c09008a	“Sabit dum neitu nih zangtin tuah lai? a feh thok ih dum sawngtu pawl cu a siatsuah hnei thok, cule sabit dum cu midang sinah a pe thok.
290c0a0064	Ca thianghlim sungah: “‘Inn satu pawl ih an hnon mi lung cu A thupi bikmi innkil lung ah a cang.
290c0b0074	Hihi Bawipa ih tuahmi a i, Cule kan mithmuh ah mangbangza a i, tiih nganmi khi nan siar kel lo maw?’ tiah a ti.”
290c0c00cf	Cun Judah upa pawl cu Jesuh tlaih dan ding an hrawl, asinain mipi pawl an ṭih. Zangahtihle cuvai tahṭhipnak cu anma tihsat ih a sipmi a si tih an fiah. Curuangah Jesuh cu an ramta ih lam hlapi ah an feh.
290c0d0072	Cun a ṭonkam in ama an tlaih theinak dingah, Farasi hrekkhat le Herod ih milai hrekkhat cu Jesuh sinah an thlah.
290c0e0141	Cun Jesuh sin an ban ih a sinah, “Sayapa, nang cu, mi nih zangtin ka na ruat eng thok, tih khaw zanghrel loʼn thudik na sim, tih kan fiah. Zangahtihle minung mithmai na zoh lo ih Pathian ih zalam cu dik ngaiin na zirh. Caesar sinih siah pek hi daan nih a siang maw siang lo? Kan pe thok maw pe thok lo?” tiah an sut.
290c0f0099	Asinain Jesuh nih an depdetnak a fiah ih an sinah, “Zangruangah ka na hneksak eng? ngun tangka ka pe hnik uh, cule ka zoh hnik thok,” tiah a ti hnei.
290c100097	Cun ngun tangka cu an pe ih an sinah, “Hihi hutu ih muihmel a si ih, zangtu thu a ngan fa?” tiah a sut hnei. Anni nih, “Caesar ih,” tiah an ti.
290c1100a6	Cule Jesuh nih an sinah, “Caesar ih thil pawl cu Caesar sinah pe uh, cule Pathian ih thil pawl cu Pathian pe uh,” tiah a ti. Cun Jesuh cungah an mang a bang ngai.
290c12004c	Cun Jesuh sinah thawhsalnak a um lo titu Sadusi pawl an tiang ih thu an sut.
290c1300ba	“Sayapa, Moses nih, ‘mi pakhat cu fa nei loʼn a nupi a thihtak asihle a unau pa nih cuvai nuhmei cu a ṭhi thok ih, a unau pa ih hrangah ci a thlahsak thok,’ tiah kan na ngansak.
290c140047	Cun unau pasarih an um, uta bik nih nupi a ṭhi ih fa nei loʼn a thi.
290c150075	Cule a panihnak pa nih cuvai nu cu a ṭhi ih fa nei loʼn a thi ve. Cun a pathumnak pa khaw cumang thotho in a cang.
290c16004f	Cule an pasarih in fa nei loʼn an thi colh. Neta bik ah numi nu khaw a thi ve.
290c170082	Curuangah thawhsalnak ih an thawhsal tikah, hutu bik ih nupi a si thok? An pasarih in nupi ah an ṭhi vek sikhaw?” tiah an sut.
290c180068	Jesuh nih an sinah, “Pathian ih cahnak huham le Ca Thianghlim nan fiah lo ruangah nan sual a i lo maw?
290c190096	Zangahtihle thihnak in an thawhsal tikah, an ṭhi fa i thok lo, ṭhitfaknak khaw a um i thok lo ih, vancung ih a ummi vancungmi pawl mang an i thok.
290c1a00bf	Cun mithi thawhsalnak thu ah, hrambur sung in Pathian nih Moses sinah, ‘Kei cu Abraham ih Pathian, Isak ih Pathian, le Jakob ih Pathian ka si,’ a tihmi Moses cabu khi nan siar kel lo maw?
290c1b0079	Ani cu a thimi pawl ih Pathian a i lo, a nungmi pawl ih Pathian a i sawn. Curuangah nan ruatsual ngai,” tiah a ti hnei.
290c1c00c7	Cun daanthiam pawl lakih mi pakhat cu a tiang ih, thu an relmi cu a ngai. Cule Jesuh nih ṭha tukin a sawn hnei thiam tih a hmuh tikah, “Thupek hmahhmah lakah khoitu hi a thupi bik?” tiah a sut.
290c1d006a	Jesuh nih, “A thupi bikmi Thupek cu: ‘Maw Israel, ngai hnik, Bawipa kan Pathian, Bawipa cu pakhat a i.
290c1e0083	Cun Bawipa na Pathian cu na thinlung zateʼn, na nunnak zateʼn, na ruahnak zaten le na cahnak zaten na duhdawt thok,’ tihhi a i.
290c1f00b1	Cun a panihnak cu: ‘Nangma le nangma na duhdawt fak mangin na inn kiangveng pawl na duhdawt thok,’ tihhi a i. Hi thupek pawl nakih thupi sawn thupek a um lo,” tiah a sawn.
290c200094	Cule daanthiam pa nih a sinah, “Sayapa, na sipmi cu a ṭha. Thudik na sim, zangahtihle Pathian pakhat kau a um, ani siarlo pathian dang an um lo.
290c2100d7	Cun thinlung zate, fiahthiamnak zate, cahnak zate thawn ama Pathian duhdawt, le ma le ma duhdawt fak mangin inn kiangveng pawl duhdawt cu meihul thawinak le thawinak dangdang pawl nakin a thupi sawn,” tiah a sawn.
290c2200a9	Cun Jesuh nih, cupa nih fing ngaiin a let, tih a hmuh tikah, a sinah, “Pathian uknak thawn nan hlat fa lo,” tiah a ti. Cuvai hnuk cu hukhaw nih thu an sut ngam i lo.
290c23007f	Cun Jesuh cu biakinn songah thu a zirh. Jesuh nih, “Zangtin daanthiam pawl nih Khrih cu David ih fapa a si, tiah an ti thiam?
290c24009a	David ama rori nih Thlarau Thianghlim hmangin: “‘Bawipa nih ka Bawipa sinah: Na ral pawl na ke tangih ka siah hlan lo, Ka vorh la ah to,’ tiah a ti.
290c2500b7	A ma David rori hman nih ani cu ‘Bawipa’ tiah a ko. Curuangah zangtin a fapa cu a si thiam thok?” tiah a ti. Cule mipi tam ngai nih Jesuh ih thuzirhmi cu lungawi ngaiin an ngai.
290c26008c	Cun a thuzirhnak ah Jesuh nih, “Daanthiam pawl khi ralring uh, an ni cu angki fual thawn tawivah an duh ih dawr tluan ah cibai buk an duh.
290c270059	Cule Sinakok ah tonak ṭhabik ah to an duh ih puai tuahnak ah upatnak hmun ih to an duh.
290c28008d	Nuhmei pawl ih inn an long ih, mi deuhnak ah rei ngaingai in thla an cam fa ter. Hipawl hi thuṭhennak nasa sawn an tuar thok,” tiah a ti.
290c29009e	Cun Jesuh cu thawhhlawm bawm zawn ah a to ih, mipi nih thawhhlawm bawm sungah zangti in tangka an ṭhil, tih a zoh. Milian pawl nih tangka tamngai an ṭhil.
290c2a0043	Cun nuhmei fahrah pakhat a tiang ih dar tangka pia nih a ṭhil ve.
290c2b00b1	Cule a dungthluntu pawl cu a ko hnei ih an sinah, “Thutak in nan ta sim, hivai nuhmei fahrah nu hi thawhhlawm bawm sungih a ṭhiltu dang pawl hmahhmah nakin tamsawn a ṭhil.
290c2c00aa	Zangahtihle midang pawl hmahhmah cu an neih hleifuanmi an pe; asinain ani cu a fahrah ngai na in — a nunkhaw saknak ding ih a neihmi zatein a ṭhil colh,” tiah a ti.
290d0100a9	Cun Jesuh cu Biakinn songin a suah fangah, a dungthluntu pawl lakih mi pakhat nih a sinah, “Zoh hnih, Sayapa, hivai lung pawl le inn pawl hi maktak uh e!” tiah a ti.
290d0200a3	Cule Jesuh nih a sinah, “Hi inn mak tara pawl hi na hmu kau lo maw? Hi lung pakhat cungah lung dang pakhat hman tang lo in hlon colh a i leh thok,” tiah a sim.
290d030070	Jesuh cu Biakinn la hoi in Olif Tlang cungih a to laiah, Peter, James, Johan le Andru nih a thupte in an pha ih,
290d040078	“Cuvai thil pawl cu khawtikah a tiang thok ih, a tian ni a nai tikah zangtu hmuhsaknak pawl a um thok?” tiah an sut.
290d05004a	Cule Jesuh nih an sinah, “Mi ih nan ta deuh eng lonak dingah ralring uh.
290d060066	Mi tampi ka hmin in an tiang thok ih, ‘Kei hi ani ka si!’ tiah an ti thok ih mi tampi an deu thok.
290d0700aa	Cun dohfaknak thu le ral dawhnak thuthang pawl nan theih tikah nan thinphang hlah uh. Cumang thil pawl cu a cang hrimhrim thokmi an i, asinain a netnak cu a tiang rih lo.
290d0800bd	Zangahtihle miphun pakhat le pakhat, ram khat le ram khat an do fa thok. Cule hmun dangdang ah ling a hnin thok ih mangṭam a tlung thok. Cuvai pawl cu nauneih thokih pumfah mang a i thok.
290d0900f3	“Asinain nanma hrimhrim ralring uh. Zangahtihle nan ta tlai eng thok ih khonsil ah nan ta fehpit thok; Sinakok sungah nan ta thawivel eng thok; cule ka thuhla fiahpittu dingah keimaiʼ ruangah uktu pawl le siangpahrang hmai ah nan ding thok.
290d0a0042	Cule thuthang ṭha cu miphun zate sinah sipphuan hmasak a i thok.
290d0b00e7	Cun nan ta tlai eng ih mi kut nan tian tikah, zangtu ka ṭon thok tiah khawruahhar cia hlah uh. Asinain cuvai tikcu can ih nan sinih sipmi hmahhmah kau ṭon uh. Zangahtihle a ṭontu cu nan, nan i lo, Thlarau Thianghlim sawn a i.
290d0c0099	Cule unau le unau khaw thihnak tiang khop in an phatsan fa thok ih, pa nih fa, cun fale nih nu le pa pawl an dodal thok ih thihnak tiang an suah fa thok.
290d0d006d	Cun ka hmin ruangah mi hmahhmah nih nan ta hua eng thok. Asinain a net tiang a tuarsuaktu cu rundam a i thok.
290d0e00b4	“Cun ‘Tuksumza Thil Borhhlawh’ cu a din lonak ding hmun ih a din nan hmu thok.” (A siartu nih cingthiam seh!) “Cule Judea peng ih a um mi pawl cu tlang cung ah zuang seu.
290d0f0058	Inn tlun diphun ih a um mi cu rong ṭum pit in thil la dingah inn song ah lut hlah seh.
290d100044	Cule lo ih a um mi khaw a hnipuan la dingah a inn ah tlung hlah seh.
290d11004f	Cuvai can cu farai pawl le nau hnawi fawp nei pawl hrangah cu a har setak thok.
290d120034	Cuvai can cu isik can ah cang lo dingin thla cam uh.
290d130095	Zangahtihle cuvai ni ah cun Pathian nih leilung a semsuah tir in a tun tiangah a um dah kel lomi, leh a um sal i nawn thok lo mi harsatnak a um thok.
290d140095	Cun cuvai ni cu Bawipa nih a tawiter lo ahcun zangmang minung khaw an luat thok lo. Asinain a hril hleice mi pawl hrangah cuvai ni cu a tawiter thok.
290d15009a	“Cun mi pakhat khat nih, ‘Zohhnik uh, Khrih cu hiva a um!’ lole ‘Zohhnik uh, Khrih cu khiva ah a um,’ tiah nan ta ti eng khawah — zum hlah uh!
290d1600bc	Zangahtihle khrih deu pawl le profet deu pawl an suak thok ih mi an deuh theinak dingah hmuhsaknak pawl le mangbangza thil pawl an tuah thok, a canthei ahcun hril mi pawl hman an deu thok.
290d170040	Asinain ralring uh; ai hlan in thil hmahhmah nan ta sim cia cem.
290d18006a	“Asinain cuvai ni ahcun, cuvai harsatnak a tian hnukah, ni cu a mawk thok ih thlapa khaw a vang thok lo.
290d19005b	Cun vancung in arsi pawl an ṭil thok ih vancung huham cahnak pawl khaw an hnin colh thok.
290d1a0062	Cun mi nih huham cahnak le sunlawinak thawn Minung Fapa khawdur lakin a rong ṭum cu an hmu thok.
290d1b0088	Cule a vancungmi pawl a thlah hnei thok ih Leilung kil li ih a hril mi pawl cu lei taw deng ihsin van deng tiang a khawlkhawm hnei thok.
290d1c0075	“Thei kuang tahṭhipnak in zir uh. A tlang note an hang suak ih a hnah a cerh tikah ṭhal can a nai tih nan fiah.
290d1d006c	Cumang thotho in, himang thil pawl a tian nan hmuh tikah tikcu can a nai i, kotka hram a ban i, tih fiah uh.
290d1e0061	Thutak in nan ta sim, hivai thil pawl a kim lai hlan lo, tun san minung pawl hi an loral thok lo.
290d1f0052	Van le leilung cu an loral thok, asinain ka ṭonkam pawl cu an loral kel thok lo.
290d200090	“Asinain cuvai ni le can cu hutukhaw nih an fiah lo — van ih vancungmi pawl khaw nih an fiah lo, Fapa khaw nih a fiah lo; Pa kau nih a fiah.
290d210064	Nanma hrimhrim ah ralring uh, thengvar zikzik uh. Zangahtihle khawtikah a cang thok tih nan fiah lo.
290d2200f9	Zangtu thawn a ṭiahfa tihle, mi pakhat a inn ramta in khual tlawn dingih a pawh tikah, a sinum pawl sinah thuneihnak le an ṭuanvo vek ṭhaten a peta hnei ih kotka kiltu khaw ihhmul lo in thengvar ringring dingin thu a cah ta tu pa mang khi a i.
290d2300a9	Curuangah thengvar ringring uh, zangahtihle inn neitu cu zan ah maw, zanruang ah maw, zing arkhuan can ah maw, zingmaw ah maw — khawtikah a tiang thok tih nan fiah lo.
290d240042	Culole rinlopiʼn a tiang ih nan ihhmulh lai nan ta hmu pang thok.
290d250063	Cun nan sinih ka sipmi thu hi mi hmahhmah sin khaw ah ka sim: thengvar in ralring uh,” tiah a ti.
290e0100b0	Lantak Puai le Colh tello Sang Puai kim ding cu ni nih kau a duh. Puithiam upa pawl le daanthiam pawl nih Jesuh cu a thupten tlaih thei dan ding le thah thei dan ding an hrawl.
290e020052	Asinain, “Puai can ah cu i hlah seh, mipi pawl an buai pang thok,” tiah an ti.
290e03011f	Cun Jesuh cu Bethani khua, pharfah a tuar ta dah tu Simon inn ah a um ih caw a ei lai ah, a man khung ngaimi le a thianghlim mi hriak rimhmui cu alabaster lung ih tuahmi thawl thawn kengta pit in numi nu pakhat cu a tiang. Cuvai thawl cu a phak ih hriak rimhmui cu Jesuh ih lu ah a burh.
290e040054	Mi hrekkhat cu an thin a se ih, “Zangruangah hi hriak rimhmui cu a riaral ter men?
290e050096	Zangahtihle hivai hriak cu Ngun tangka zathum nakih tam ah zuar pit in mi fahrah pek sawn thok a i naʼn,” tiah an ti. Cule numi nu cu an mawhthluk.
290e06007a	Asinain Jesuh nih, “A ma ten umter uh. Zangruangah numi nu cu nan hnaihnok ngelngo? Ani nih ka cungah thil ṭha a tuah.
290e0700a1	Zangahtihle mi fahrah pawl cu nan sin an um reuhro thok ih, nan duh tik poh ah an cungah thil ṭha nan tuah thei. Asinain kei cu nan sinah ka um reuhro thok lo.
290e08006a	Ani nih a tuah thei tawk a tuah cem. Ka na phumnak ding hrangah ka taksa ruangpum hriak a culh cia mi a i.
290e090090	Cun thutak in nan ta sim, thuthang ṭha an sipnak leilung pumpuluk ah hivai a tuahmi thu hi ama hmulhlonak ah an sim reuhro thok,” tiah a ti.
290e0a005f	Cun dungthluntu lakih pakhat Judas Iskariot cu Jesuh zuar dingin puithiam upa pawl sinah a feh.
290e0b009a	Cule puithiam upa pawl nih cuvai thu an theih tikah, an lung a awi ngai ih tangka pe dingin thu an kam. Cule Judas cu Jesuh zuar ding can remcang a hrawl.
290e0c00ca	Cun Colh Telhlo Sang Puai, ni khatnak, Lantak Puai thawinak hrang tuu fa no thah ni ah, a dungthluntu pawl nih Jesuh sinah, “Lantak Puai caw cu khoitu ah ta timtuah sak nung la na duh?” tiah an sut.
290e0d009b	Cule a dungthluntu pawl lakih mi panih cu a hei thlah ih an sinah, “Khawpi sungah feh uhla tithawl cawitu pa thawn nan hmu fa thok, cule ani cu thlun uh.
290e0e00bc	Cun khoitu inn ih a luh khaw ah, a luhnak inn ih inntek sinah, ‘Sayapa nih, ka dungthluntu pawl thawn Lantak Puai caw kan einak ding mikhual khan cu khoitu hi a si? a ti,’ tiah sut uh.
290e0f006d	Cule ani nih timtuah ciami tlunta khan hnempi nan ta hmuh thok, cuva cu kan hrangah timtuah uh,” tiah a ti.
290e100081	Cun dungthluntu pawl cu an pok ih khawpi sung ah an feh. Jesuh ih a sipcia mangin an va hmu. Cule Lantak Puai zanriah an timtuah.
290e110049	Cun simla a phak tikah Jesuh cu dungthluntu hleinih pawl thawn an va feh.
290e1200a2	Cule cabuai ih caw an ei lai ah Jesuh nih, “Thutak in nan ta sim, nan lakih mi pakhat — kei thawn caw a ei khat tu — nih ka na zuar thok,” tiah a ti hnei.
290e130060	Dungthluntu pawl cu an riah a se ngai ih pakhat hnuk pakhat in, “Kei ka si maw?” tiah an ti.
290e140070	Jesuh nih an sinah, “Dungthluntu hleinih lakih mi pakhat, kei thawn kheng pakhat sungih sang a hnimtu hi a si.
290e1500bd	Minung Fapa cu, a thuhla ngancia mangin, a feh taktak thok. Asinain Minung Fapa a zuartu pa cu a lamka a pit. Suak lo lawlaw in um sehla a hrangah cun a ṭha sawn thok naʼn!” tiah a ti.
290e1600a6	Cun caw an ei laiah, Jesuh nih sang cu a la, thlawsuah a pek hnukah a ṭhek ih a dungthluntu pawl sin a pe hnei, “La uh la ei uh, hihi ka taksa a si,” tiah a ti.
290e17004c	Cule khuat cu a la ih lungawithu a sip hnukah a pe hnei ih an zaten an ding.
290e180057	Cun Jesuh nih an sinah, “Hihi mi tamngai hrangah ka thletmi, ka thisen ih thukam a i.
290e190082	Thutak in nan ta sim, Pathian Uknak sungih sabit ti thar ka din sal lai hlan lo hivai sabit ti cu ka ding i thok lo,” tiah a ti.
290e1a0027	Cule hla an sa ih Olif Tlang ah an feh.
290e1b00c9	Cun Jesuh nih an sinah, “Nan zaten ka na zuangta colh thok ih ka na ramta eng thok. Zangahtihle ‘Tuukhal cu ka thawi thok ih, tuu pawl cu an ṭhekdarh colh thok,’ tiah ca thianghlim ah ngan a i.
290e1c004c	Asinain ka thawhsal hnukah Galilee ah nan hmai ah ka feh thok,” tiah a ti.
290e1d0068	Peter nih a sinah, “Midang pawl nih ta zuangta colh khaw seula, kei cu ka zuang thok lo,” tiah a ti.
290e1e0083	Cule Jesuh nih a sinah, “Thutak in nan ta sim, nihin zan ah, ar vei nih a khuan hlanah vei thum ka na phatsan thok,” tiah a ti.
290e1f0098	Asinain Peter nih nasa hlehhlo in, “Nang thawn thi ding i hman ningla, ta phatsan hrimhrim thok lo,” tiah a ti. A dang pawl khaw nih cutin an ti ve.
290e200080	Cun Gethsemane tihmi hmun an va ban ih Jesuh nih a dungthluntu pawl sinah, “Thla ka cam sung aiva hi to khan uh,” tiah a ti.
290e210067	Cule Peter, James le Johan cu a sinah a ṭhi ta hnei. Jesuh cu khuaruahhar le vansang ngai in a um ih,
290e220078	an sinah, “Ka thinlung hi thihnak tlak khop in rauh ngai a riah a se. Hiva ah si khan uh la ka hngak uh,” tiah a ti.
290e23007b	Cun hmunhla deuh ah a feh ih leilung ah a bok, cule a canthiam a sih ahcun cuvai can cu ka sin in lan ter, tiah thla a cam.
290e2400af	Cule, “Abba, ka Pa, na hrangah cun zang hmahhmah a cangthei colh. Hivai khuat hi ka sin in la hram. Asinain ka duh mangin i hlah seh, na duh mangin i sawn seh,” tiah a ti.
290e2500a0	Cun Jesuh cu a dungthluntu pawl sinah a kir sal ih an ihhmulh khi a hmu. Cule Peter sinah, “Simon, na ihhmul maw? Nazi pakhat te hman ka na hngak thei lo maw?
290e260086	Tukforhnak ih nan luh lonak dingah ihhmul loʼn hngak uh la thla cam uh. Thlarau nih a duh naʼn taksa cu a ṭawnṭai!” tiah a ti.
290e270041	Cule Jesuh cu a feh sal ih a hmasa mang thotho in thla a cam sal.
290e28007f	Cun a kir sal sei ih an ihhmulh cu a hmu hnei sei, zangahtihle an mit a rit tuk. Zangtin kan sawn sal thok tih khaw an fiah lo.
290e2900b3	A vei thumnak a kir sal ih an sinah, “Nan ihhmul rih thotho a si maw? Nan cawlhnga rih zikzik maw? A tawk i. A tikcu a kim i. Minung Fapa cu misual pawl kut sungah zuar a i cem.
290e2a0046	Tho uh, feh u sing. Zohhnik uh, ka na zuartu pa a ban i,” tiah a ti.
290e2b00bd	Cun a ṭon berbo laiah, hmakhatte ah, dungthluntu hleinih lakih pakhat, Judas cu puithiam upa pawl, daanthiam pawl le mi upa pawl ih thlahmi talhvawng le ralnam keng miburpi thawn an tiang
290e2c008f	Mi zuartu pa nih, “Ka hnap thokmi pa cu nan tlaih duhmi pa a i. Tlai uhla ṭhaten kil pit in ṭhi ta uh,” tiah hminhlitnak a pe hnei cia.
290e2d0053	Judas cu a tian cang in Jesuh sin a feh lohli ih, “Rabbi,” tiah a ti ih a hnam.
290e2e0020	Cun Jesuh cu an tlai ih an khit.
290e2f0074	Asinain cuvai hmun ih a dingtu mi pakhat nih ralnam a zuk ih puithiam lubik ih sinum paiʼ nakawr cu ṭot in a sat.
290e30006e	Cule Jesuh nih an sinah, “Damiah tlai ding mangin ralnam le talhvawng thawn ka na tlai dingah maw nan tiang?
290e31007e	Biakinn ah thu zirh in ni cangcang nan sinah ka um ih ka na tlai eng lo. Asinain Ca Thianghlim cu a kim a ṭul,” tiah a ti.
290e320038	Cule a dungthluntu pawl nih an ramta ih an zuangta colh.
290e330057	Cun puan pate kau a sinmi tlangval pakhat nih Jesuh cu a thlun. Ani khaw cu an tlai ve.
290e340036	Asinain a puan pate cu a ramta ih taklawng in a zuang.
290e350076	Cun Jesuh cu Puithiam lubik sinah an ṭhi ta ih puithiam upa pawl, mi upa pawl le daanthiam pawl cu an hmuakkhawm fa.
290e360077	Cule Peter nih lam hlat nawn in puithiam upa ih tualhma tiang a thlun. Cule siahhlawh pawl sinah a to ih meisa a ai ve.
290e37006b	Puithiam upa pawl le khonsil upa pawl cu Jesuh thah theinak ding thu fiahpittu an hrawl, asinain an hmu lo.
290e380061	Zangahtihle mi tamngai nih fiahpitnak diklo thawn sual an puh, asinain an thu a rual fa thiam lo.
290e390042	Cun mi hrekkhat cu an ding ih, fiahpitnak diklo thawn sual an puh,
290e3a00a6	“Hi pa ih ṭonmi kan thei, ‘Minung ih sakmi hivai Biakinn hi ka siatbal thok ih ni thum sungah kut ih sak lo mi a dang pakhat ka sa thok,’ a ti,” tiah an ti.
290e3b0042	Asinain cuvai an fiahpitnak thu khaw cu an rual fa thiam cuang lo.
290e3c00b6	Cun Puithiam Lubik cu an lai fangah a hang ding ih, Jesuh sinah, “Zangkhaw na let hnei thok lo maw? Hi pawl nih ta dokalh in fiahpitnak thu an sipmi hi zangtin a si?” tiah a sut.
290e3d0093	Asinain Jesuh cu daiten a um ih zangkhaw a sawn lo. Puithiam Lubik nih, “Nang hi sunloihmi Pathian ih Fapa Khrih cu na si maw?” tiah a sut sal.
290e3e0098	Cule Jesuh nih, “Ka si, Minung Fapa cu Huham Cahnak neitu ih vorh la ah to in vancung ih khawdur pawl thawn a tian khaw na hmu leh thok,” tiah a ti.
290e3f0052	Cule Puithiam Lubik cu a hnipuan a phat ih, “Fiahpittu dang kan ṭul bet i maw?
290e40008b	Pathian a thangsiat zia cu nan thei vek cem. Zangtin nan ruat?” tiah a ti. Cule an zaten Jesuh cu thi tlak hrimhrim a i tiah mawh an puh.
290e410099	Cun mi hrekkhat nih cihrit an khak, a hmai an hup ih an thawng. Cule, “Hutu nih ta thawng? Kan sim hnik,” tiah an ti. Cun siahhlawh pawl nih an beng.
290e42006b	Cun Peter cu tualhma ih a um lai ah Puithiam Lubik ih siahhlawh pawl lak in numi pakhat cu a sinah a tiang.
290e430087	Cule cuvai nu nih Peter meisa a aih lai cu a hmuh tikah a zoh ih, “Nang khaw Nazareth mi Jesuh thawn umkhatmi na si ve,” tiah a ti.
290e440083	Asinain Peter nih a el ih, “Ka fiah lo, zangtu na ṭon tih khaw ka fiah lo,” tiah a ti ih kotka la ah a feh. Cule ar a khuang.
290e450075	Cun siahhlawh nu nih a va hmu seisei ih, a hram ih a dingtu pawl sinah, “Hi pa hi an lakih telmi a i,” tiah a ti.
290e4600b4	Asinain Peter nih a el seisei. Cun tawite rei hnukah, Peter cu a hram ih dingtu pawl nih, “Nang khaw hi an lakih mi pakhat na si rori, zangahtihle Galilee mi na i,” tiah an ti.
290e47006b	Cule Peter nih siatcam in thu a kam ih, “Nan sipmi pa hi hutu a si tih ka fiah hrimhrim lo,” tiah a ti.
290e4800c2	Cun hmakhatte ah a vei nihnak ar a khuang. Cule Peter cu Jesuh nih, “Ar vei nih khuang hlanah vei thum tiang ka na phatsan thok,” tih a sipmi cu a cing sal. Cun Peter cu a riahse in a ṭap.
290f0100b0	Cun zingmaw ngaiah puithiam upa pawl cu mi upa pawl, daanthiam pawl, le khonsil upa pawl thawn thurel khawmnak an tuah lohli. Jesuh cu hri in an khit ih Pilat sinah an ṭhita.
290f020071	Cun Pilat nih, “Judah siangpahrang na si maw?” tiah a sut. Cule Jesuh nih, “Nang nih na ti,” tiah a sawn.
290f03003b	Cule puithiam upa pawl nih Jesuh cu sual a phunphun an puh.
290f040071	Curuangah Pilat nih, “Zangkhaw na sawn hnei thok lo maw? Ta zuarthlainak liangluang hi ngai hnik,” tiah a ti.
290f050049	Asinain Jesuh nih zangkhaw a sawn hnei lo ruangah Pilat cu a mang a bang.
290f06005c	Lantak Puai cangcang ah Pilat nih mipi ih an dilmi thawngtla pakhat a suahsak hnei ringring.
290f07006a	Culai ah Barabbas an tihmi pa, ralthawh lai ah mi a thattu pa cu, ral thotu dang pawl thawn thawng an tla.
290f08004c	Cun mipi pawl cu a tuahkel mangin tuah dingah Pilat sin an tiang ih an hler.
290f090062	Asinain Pilat nih a sawn hnei ih, “Judah Siangpahrang hi thlah ningla nan duh maw?” tiah a ti.
290f0a0056	Zangahtihle puithiam upa pawl nih an nahsuah ruangah, a kut ah an tianpit, tih a fiah.
290f0b0051	Asinain Barabbas sawn suah dingah puithiam upa pawl nih mipi pawl cu an forh cia.
290f0c0079	Cun Pilat nih a sut hnei sal ih, “Asihle Judah siangpahrang nan tihmi pa hi zangtin ka tuah ding nan duh?” tiah a ti.
290f0d003b	Cule an ni nih, “Thinglamtah ah that,” tiah an hek sal.
290f0e008f	Cun Pilat nih, “Zangruangah, zangtu thil ṭhalo a tuah?” tiah a ti. Asinain an ni nih, “Thinglamtah ah that kau,” tiah an hek hlehhlo.
290f0f009a	Pilat cu mipi lungkimter a duh, Barabbas cu an hrangah a thlah. Cule Pilat nih Jesuh cu a thawiter hnei ih thinglamtah ah that dingin an kut ah a pe hnei.
290f100062	Cun ralkap pawl nih Jesuh cu uktu bawi ih tualhma ah an luhpit ih ralkap bur khat khaw an kokhawm.
290f110054	Cule Jesuh cu puan sendup an hruksak ih hling ih phiar mi lukhum a lu ah an khumter.
290f120054	Cule salam pek an thok ih, “Judah Siangpahrang, upatnak ta pe!” tiah an zohsuam.
290f130054	Cun a lu ah fung thawn an thawi, cihrit an khak, an khuk an bil ih a hmai ah an kun.
290f14007c	Cutin an zohsuam hnukah puan sendup cu an phoihsak ih, ama a hnipuan an hruter, cule thinglamtah ah that dingah an ṭhi ta.
290f150096	Cun khawte ihsin khawpi ih feh, Alexander le Rufus ih pa, Sairin khua mi Simon cu lampi ah an hmu ih, Jesuh ih thinglamtah cu a hramhram in an pu ter.
290f16005d	Cule Jesuh cu Golgotha tihmi hmun ah an fehpit. Golgotha tih cu “Luruh hmun,” tihnak a i.
290f170049	Cun mura thawn nawhmi sabit ti cu an pe, asinain Jesuh nih a ding duh lo.
290f180084	Cule thinglamtah ah an khen, a hnipuan cu an phat ih hutu nih zangtu bik a co thok tih fiah dingah camcawhfung zuk pit in an zem fa.
290f19002c	Jesuh an khet can cu zingmaw nazi pakua a i.
290f1a0041	Cule sual an puhnak catar cu, “Judah Siangpahrang,” tiah a i.
290f1b004d	Jesuh thawn damiah panih, a vorh la ah pakhat, a keh la ah pakhat an khen ve.
290f1d00a0	Cun a hram ih vongva tu pawl nih an thangsiat ih, diriam ngaiin an lu an sut, cule, “Hei! Nang hi Biakinn bal piʼn ni thum sungah a sasaltu khi na si lo maw!
290f1e0049	Nangma le nangma rung fa la thinglamtah cungin rong ṭum,” tiah an ti.
290f1f0089	Cumangin puithiam upa pawl le Daanthiam pawl nih Jesuh cu an zohsuam ih, “Midang cu a rung thei, asinain ama le ma cu a rungfa thei lo.
290f2000bf	Israel siangpahrang, Khrih cu a tun rori ah thinglamtah cungin rong ṭum sehla, kan hmu thok ih kan zum thok,” tiah an ti. A ma thawn thinglamtah ih an khet mi pawl khaw nih an zohsuam ve.
290f210059	Cun sun nazi hleinih a kim ih simla nazi pathum tiang ram pumpuluk ah sunkhawmaw a tlung.
290f2200b6	Cule simla nazi pathum ah Jesuh cu a ṭap ih, “Eloi, Eloi, lema sabachthani?” tiah thangai in a hek, a sullam cu, “Ka Pathian, ka Pathian, zangah ka na zuangta?” tihnak a i.
290f230060	Cun a hram ih a ding mi, mi hrekkhat nih an thei ih, “Ngaihnik uh, Elijah a ko,” tiah an ti.
290f2400ff	Cule mi pakhat a va zuang ih puansia cu a hangmi sabit ti sungah a hnim ih, fung ah hri thawn a khit. Cun din dingah Jesuh sin a pe ih, “Hngak rih hnik uh, thinglamtah cung in ṭhum dingah Elijah a rong maw rong lo kan zoh hnik thok,” tiah a ti hnei.
290f25002f	Cule Jesuh cu thangai in a hek ih a thaw a zom.
290f260050	Cun biakinn puanzar cu a tlun zim in a tang zim tiang ṭhen nih ah a ṭhen fa.
290f27007e	Jesuh hmaizawn ih a dingtu ralbawipa nih Jesuh ih thihdan a hmuh tikah, “Hi pa hi Pathian Fapa rori a i kau e!” tiah a ti.
290f28009c	Cuva ah cun lamhlat nawn in a cuan ve tu numi hrekkhat khaw an um. Cupawl cu Magdala khawnu Mary, James nauta sawn le Joses ih nu Mary, le Salome pawl an i.
290f290099	Cuvai numi pawl cu Jesuh Galilee peng ih a um laiih a thluntu le a tuamhlawmtu an i. Jesuh thawn Jerusalem ih a feh ve tu numi dang tampi khaw an tel ve.
290f2a0037	Cun cuvai ni cu Sabbath ni phak hlan timtuahfak ni a i.
290f2b00ae	Zanla a kim tikah, Khonsil upa lak ih upat mi sungtel le Pathian Uknak a hngakhlaptu Arimathea khawmi Josef cu ralṭha ngaiin, Pilat sinah a feh ih, Jesuh ih ruak cu a hler.
290f2c0076	Pilat nih Jesuh a thi cem, tih a theih tikah, a mang a bang ngai. Ralbawipa a ko ih, a thihnak rei cem im? tiah a sut.
290f2d004c	Ralbawipa sin in Jesuh a thi cem tih a theih tikah a ruak cu Josef a la ter.
290f2e00b7	Cun Josef cu puan nem pate a lei ih Jesuh ruak cu thinglamtah cung in a ṭhum, cule puan nem pate in a tuam ih lung an vih mi thlan ah a phum. Cun thlanka cu lung thawn in a khar ta.
290f2f0047	Magdala khawnu Mary le Joses ih nu Mary nih Jesuh an phumnak cu an hmu.
2910010075	Cun Sabbath ni a net tikah, Magdala khawnu Mary, James ih nu Mary le Salome nih Jesuh ruak culh dingah zihmui an lei.
2910020040	Zarh khat ih ani khatnak, zingmaw nisuah fangah thlan ah an feh.
2910030064	Cule, “Thlanka kharnak lung teh hutu nih kan na thawn sak thok?” tiah pakhat le pakhat an ti fa.
291004004e	Cule an zoh ih, lung cu thawn fa cem in an hmu. Cuvai lung cu lung hnempi a i.
291005007b	Thlan sungah cu an lut ih angki fual rang a hru mi tlangval pakhat, vorhla kap ih to cu an hmu ih — an thin a phang ngai.
29100600b3	Ani nih an sinah, “Nan thin phang hlah uh. Thinglamtah ih khenbet mi Nazareth mi Jesuh nan hrawl. Aiva ah a um i lo — thawhtersal a i cem! An siahnak hmun hi zoh hnik hman uh.
2910070098	Feh uhla, ‘nan hmai ah Galilee ah a feh thok, nan ta sip cia mangin cuva ah nan hmu thok,’ tiah a dungthluntu pawl le Peter cu sim uh,” tiah a ti.
291008009e	Cule an suak ih thinphang le mangbang in thlan in an zuang. An ṭih tuk ruangah hu sin khaw ah zangkhaw an sim lo. Marka Thuthangṭha Netnak Sau 16.9–20 [
29100900cd	(note: The most reliable and earliest manuscripts do not include Mark 16:9-20.) Zarh khat ih a ni khatnak zingmaw ah, Jesuh a thosal, khawsia pasarih a dawisuakmi Magdala khawnu Mary sinah a lang hmasabik.
29100a006f	Magdala khawnu Mary cu Jesuh thawn tlanglengkhat dahmi le riahsia in a ṭap mi pawl sinah a feh ih a sim hnei.
29100b0062	Asinain Jesuh cu a nung tihmi le Magdala khawnu Mary nih a hmu, tihmi cu an theih tikah an zum lo.
29100c0060	Cuvai hnukah, Jesuh cu dungthluntu panih khawte la ih an feh lai ah phundang in an sinah a lang.
29100d004b	Cuvai le panih cu an kirsal ih midang pawl sinah an sim, asinain an zum lo.
29100e00d4	Cuvai hnuk ah dungthluntu hleikhat pawl caw an ei lai ah Jesuh cu an sinah a lang. A thawhsal hnuk mi hrekkhat nih an hmuh thu a dungthluntu pawl nih an zum lo ih, an zuplonak le an lungruhnak ruangah a tai hnei.
29100f0065	Cun an sinah, “Leilung tlun hmahhmah ah feh uhla, cule serhsiammi zate sinah thuthang ṭha sim uh.
291010007c	Hutukhaw isehla a zum ih baptisma a cotu cu rundam an i thok. Asinain a zum lotu cu hutukhaw isehla thiam lo coter a i thok.
291011008c	Cule a zumtu pawl cu hi hminsitnak pawl tuah theinak huham pek an i thok: ka hmin in khawsia an dawi thei thok; ṭon thar in an ṭon thok;
2910120095	an kut thawn rul an la thok; thihsi an din hmanah an zangkhaw a poi thok lo; mifak cungah an kut an suang thok ih mifak cu an dam thok,” tiah a ti.
2910130065	Cun an sinih thu a sip colh hnukah, Bawipa Jesuh cu van ah lakin a um ih Pathian vorh la kap ah a to.
29101400ce	Cule dungthluntu pawl cu an feh ih khuazakip ah thu an sim; Bawipa cu an sinah ṭuan a ṭuan ih, mangbangza an tuahmi nih an thusim mi hi a dik, tih a langter.] Marka Thuthangṭha Netnak Tawi 16.9–10 [
