Holy-Bible---Abureni---Abureni-Bible---Standard-Edition.tsv	Abureni Bible	Abureni Bible	Abureni	Abureni	836780
Holy-Bible---Ahirani---Ahirani-Bible---Standard-Edition.tsv	Ahirani Bible	प्रेम संदेश	Ahirani	अहिराणी‎	4617907
Holy-Bible---Ajiya---Ajiya-Bible---Standard-Edition.tsv	Ajiya Bible	Ajigha Bible	Ajiya	Ajiya	505659
Holy-Bible---Alaba-Kabeena---Alaba-Kabeena-Bible---Standard-Edition.tsv	Alaba-K’abeena Bible	ሃዕሮ ወኣድ መጻፈ	Alaba-K'abeena	Alaba-K'abeena	1501984
Holy-Bible---Amo---Amo-Bible---Standard-Edition.tsv	Amo Bible	Amo Bible	Amo	Timap	1017502
Holy-Bible---Apal---Apali-Bible---Standard-Edition.tsv	Apali Bible	Asɨ dɨ Manasɨŋ	Apal	Apalɨ	3219591
Holy-Bible---Arabic---Arabic-Van-Dyck-Bible---Standard-Edition.tsv	Arabic Van Dyck Bible	الكتاب المقدس باللغة العربية، فان دايك	Arabic	العربية	7794911
Holy-Bible---Arabic---New-Arabic-Bible---Standard-Edition.tsv	New Arabic Version	كتاب الحياة	Arabic	العربية	8339839
Holy-Bible---Aramaic---Syriac-Peshitta---Standard-Edition.tsv	Aramaic Peshitta New Testament	ܦܫܝܛܬܐ	Aramaic	ܦܫܝܛܬܐ	1120049
Holy-Bible---Arapaho---Arapaho-Luke---Standard-Edition.tsv	Arapaho Luke	Hethadenee waunauyaunee vadan Luke Vanenāna	Arapaho	Arapaho	164858
Holy-Bible---Armenian---Armenian-Bible-Eastern---Standard-Edition.tsv	Eastern Armenian Bible	Արեւելահայերեն Աստվածաշունչ	Armenian, Eastern	Արեւելահայերեն	1356674
Holy-Bible---Armenian---Armenian-Bible-Western---Standard-Edition.tsv	Western Armenian New Testament 1853	Արեւմտահայերեն Աստվածաշունչ	Armenian, Western	Արեւմտահայերեն	1639610
Holy-Bible---Aruamu---Aruamu-Bible---Standard-Edition.tsv	Aruamu Bible	Godɨn Eghaghanim	Aruamu	Mikarew-Ariaw	6478347
Holy-Bible---Arumanisht---Aromanian-Bible---Standard-Edition.tsv	Aromanian Bible	Biblija tu limba Rrãmãnã	Aromanian	Armãneashti	291546
Holy-Bible---Assamese---Assamese-Bible---Standard-Edition.tsv	Assamese Bible	অসমীয়া বাইবেল	Assamese, Standard	অসমীয়া	10775285
Holy-Bible---Ayta-Ambala---Ayta-Ambala-Bible---Standard-Edition.tsv	Ayta Ambala Bible	Ayta Ambala Bible	Ayta, Ambala	Ambala Ayta	167980
Holy-Bible---Azerbaijani---Azerbaijani-Bible---Standard-Edition.tsv	Azerbaijani Bible	Azərbaycan dilində Müqəddəs Kitab	Azerbaijani, South	Azeri	4473002
Holy-Bible---Baga-Sitemu---Baga-Sitemu-Bible---Standard-Edition.tsv	Baga Sitemu Bible	Kitabu ka Kanu	Baga Sitemu	Barka Sitemu	1678320
Holy-Bible---Baiso---Basio-Bible---Standard-Edition.tsv	Baiso Bible	አማቶ ኦኡሱብ	Baiso	Bayso	1484560
Holy-Bible---Bangwinji---Bangwinji-Bible---Standard-Edition.tsv	Bangwinji Bible	Bangwinji Bible	Bangwinji	Bangunji	828092
Holy-Bible---Bareli-Palya---Palya-Bareli-Bible---Standard-Edition.tsv	Palya Bareli Bible	भगवान ना खरला बोल	Bareli, Palya	Bareli, Palya	339078
Holy-Bible---Basa-Gurmana---Basa-Gurmana-Bible---Standard-Edition.tsv	Basa-Gurmana Bible	Kɔrɔmba	Basa-Gurmana	Kɔrɔmba	146283
Holy-Bible---Basque---Basque-NT---Standard-Edition.tsv	Navarro-Labourdin Basque New Testament	Euskal Biblia	Basque	Euskara	1105964
Holy-Bible---Beami---Bedamuni-Bible---Standard-Edition.tsv	Bedamuni Bible	Gode Ea Sia: Ida:Iwane Gala	Beami	Bedamuni	5265406
Holy-Bible---Beaver---Beaver-Mark---Standard-Edition.tsv	Beaver Mark	Ootech Oochu Takehniya Tinkles St. Mark	Beaver	Dane Zaa	90245
Holy-Bible---Bekwel---Bekwel-Bible---Standard-Edition.tsv	Bekwel Bible	Bekwil Bible	Bekwel	Bekwil	1445213
Holy-Bible---Bengali---Bengali-Bible---Standard-Edition.tsv	Bengali Bible, India	বাংলা বাইবেল, ভারত	Bengali	বাংলা	10220710
Holy-Bible---Bengali---Contemporary---Standard-Edition.tsv	Open Bengali Contemporary Bible	মুক্তভাবে বাংলা সমকালীন সংস্করণের	Bengali	বাংলা	10757303
Holy-Bible---Bhadrawahi---Bhadrawahi-Bible---Standard-Edition.tsv	Bhadrawahi Bible	भड्लाई बाइबिल	Bhadrawahi	भद्रवाही‎	2753436
Holy-Bible---Bhattiyali---Bhattiyali-Bible---Standard-Edition.tsv	Bhattiyali Bible	भटियाली नोआ नियम	Bhattiyali	भटियाली‎	2949522
Holy-Bible---Bhilali---Bhilali-Bible---Standard-Edition.tsv	Bhilali Bible	भगवानेन छाचला बुल	Bhilali	Bhilali	2832695
Holy-Bible---Blackfoot---Matthew---Standard-Edition.tsv	Blackfoot Matthew	Ŏkhs' I Tsĭn Ik Sĭn Ni Matthew Ot Sĭn Ai Pi	Blackfoot	Siksiká	150238
Holy-Bible---Bodo-Parja---BOPO-Bible---Standard-Edition.tsv	Bodo Parja: BOPO Bible	ସଃର୍ଗାର୍‌ ବାଟ୍‌ ନଃଉଁଆ ନିଅମ୍‌	Bodo Parja	ବଡ଼ ପରଜା	3169567
Holy-Bible---Boga---Boga-Bible---Standard-Edition.tsv	Boga Bible	Boka Bible	Boga	Boka	306187
Holy-Bible---Bondei---Bondei-Bible---Standard-Edition.tsv	Bondei Bible	Bondei Bible	Bondei	Bondei	484706
Holy-Bible---Borna---Borna-Latin-Bible---Standard-Edition.tsv	Borna Bible Latin Version	Handr Taara	Borna	Borni	1055472
Holy-Bible---Breton---Breton-Gospels---Standard-Edition.tsv	Breton Gospels	an Bibl	Breton	Brezhoneg	480049
Holy-Bible---Bu---Bauchi-Bu-Bible---Standard-Edition.tsv	Bu Bauchi Bible	Geji Bauchi Bible	Bu	Geji	230493
Holy-Bible---Bu---Bu-Bible---Standard-Edition.tsv	Bu Bible	Jida Bible	Bu	Jida	883076
Holy-Bible---Bugun---Bugun-Bible---Standard-Edition.tsv	Bugun Bible	Iwo Surua Mua Wie Pha Bible	Bugun	Khowa	1311506
Holy-Bible---Bulgarian---Bulgarian-Bible---Standard-Edition.tsv	Bulgarian Bible	Българска Библия	Bulgarian	Българска	6773126
Holy-Bible---Bwile---Bwile-Bible---Standard-Edition.tsv	Bwile Bible	Bwile Bible	Bwile	Bwile	151933
Holy-Bible---Calo---Calo-Bible---Standard-Edition.tsv	Calo Gospel of Luke	Evangelio Español Romaní de Lucas	Calo	Romaní	152833
Holy-Bible---Cebuano---Cebuano-Bible---Standard-Edition.tsv	Cebuano Bible	Balaan nga Bibliya	Cebuano	Cebuano	5315031
Holy-Bible---Cebuano---Cebuano-Open-Bible---Standard-Edition.tsv	Cebuano Open Bible	Ang Pulong sa Dios	Cebuano	Cebuano	4939853
Holy-Bible---Cebuano---Cebuano-Philippine---Standard-Edition.tsv	Cebuano Bible, Revelation	Cebuano Ang Biblia, Pinadayag	Cebuano	Cebuano	5406863
Holy-Bible---Chamorro---Chamorro-Gospels-Acts-and-Psalms---Standard-Edition.tsv	Chamorro Gospels, Acts, Psalms	Y Cuatro Ebangelio Sija Yan Y Checho Y Apostoles Yan Y Salmo Sija	Chamorro	Chamorro	875179
Holy-Bible---Cherokee---Cherokee-New-Testament---Standard-Edition.tsv	Cherokee New Testament 1860	ᏣᎳᎩ ᎦᏬᏂᎯᏍᏗ	Cherokee	ᏣᎳᎩ ᎦᏬᏂᎯᏍᏗ	1721976
Holy-Bible---Chhattisgarhi---Chhattisgarhi-Bible---Standard-Edition.tsv	Chhattisgarhi Bible	सुतंतर समकालीन छत्तीसगढ़ी अनुवाद	Chhattisgarhi	छत्तीसगढ़ी	9938820
Holy-Bible---Chichewa---Chichewa-Bible---Standard-Edition.tsv	Chichewa Bible	Tsekulani Mawu a Mulungu	Chichewa	Chichewa	4561362
Holy-Bible---Chin-Daai---Daai-Chin-Bible---Standard-Edition.tsv	Daai Chin Bible	Dai Cangcim Kthai	Chin, Daai	Daai	1115764
Holy-Bible---Chin-Eastern-Khumi---Asang-Khongca-Bible---Standard-Edition.tsv	Eastern Khumi Chin Bible	Asang Khongca Bible	Chin, Eastern Khumi	Asaang Khongca	4887346
Holy-Bible---Chin-Matu---Matupi-Chin-2019---Standard-Edition.tsv	Matupi Chin Standard Bible 2019	Baibal Olcim	Chin, Matu	Matupi Chin	4401461
Holy-Bible---Chin-Matu---Matupi-Chin-Bible---Standard-Edition.tsv	Matupi Chin Standard Bible	Baibal Olcim	Chin, Matu	Matupi Chin	4400556
Holy-Bible---Chin-Matu---Tuivang-Matu-Chin-Bible---Standard-Edition.tsv	Tuivang Matu Chin Bible	Tuivang Holy Bible	Chin, Matu	Tuivang	1554182
Holy-Bible---Chin-Siyin---Siyin-Chin-Bible---Standard-Edition.tsv	Siyin Chin Bible	Tinaung Takluem	Chin, Siyin	Siyin Chin	1110533
Holy-Bible---Chin-Thado---Chongthu-Bible---Standard-Edition.tsv	Chongthu Bible	Pathen Lekhabu Theng	Chin, Thado	Chongthu	4959691
Holy-Bible---Chin-Thaiphum---Thai-Phum-Bible---Standard-Edition.tsv	Thai Phum Holy Bible	Thai Phum Holy Bible	Chin, Thaiphum	Thai Phum	4573301
Holy-Bible---Chinese---Chinese-Easy-to-Read---Standard-Edition.tsv	Free Easy to Read Bible	免费的易读圣经	Chinese	汉语	943257
Holy-Bible---Chinese---Chinese-Sigao-Bible---Standard-Edition.tsv	Sīgāo Běn, Bible	思高本 聖經：思高聖經學會譯釋	Chinese	漢語	3733626
Holy-Bible---Chinese---Chinese-Union-Version-Simplified---Standard-Edition.tsv	Chinese Union Version Simplified	新标点和合本	Chinese	汉语	3555586
Holy-Bible---Chinese---Chinese-Union-Version-Traditional---Standard-Edition.tsv	Chinese Union Version Traditional	新標點和合本	Chinese	漢語	3565267
Holy-Bible---Chinese---Mandarin-Bible-Simplified---Standard-Edition.tsv	Mandarin Open Bible (Simplified)	圣经当代译本开放资源	Chinese	汉语	3483272
Holy-Bible---Chinese---Mandarin-Bible-Traditional---Standard-Edition.tsv	Mandarin Open Bible (Traditional)	聖經，當代譯本開放資源	Chinese	汉语	3483334
Holy-Bible---Chiyawo---Yao---Standard-Edition.tsv	Yao New Testament	Lilangano lya Sambano	Ciyawo	Ciyawo	1270600
Holy-Bible---Cishingini---Cishingini-Bible---Standard-Edition.tsv	Cishingini Shingini Bible	Cishingini Shingini Bible	Cishingini Shingini	Cishingini Shingini	3350175
Holy-Bible---Coptic---Coptic-Boharic-NT---Standard-Edition.tsv	Coptic Boharic New Testament	ϯⲙⲉⲧⲣⲉⲙⲛ̀ⲭⲏⲙⲓ	Coptic Boharic	ϯⲙⲉⲧⲣⲉⲙⲛ̀ⲭⲏⲙⲓ	2146364
Holy-Bible---Coptic---Coptic-NT---Standard-Edition.tsv	Coptic New Testament	ⲧⲙⲛ̄ⲧⲣⲙ̄ⲛ̄ⲕⲏⲙⲉ	Coptic	ⲧⲙⲛ̄ⲧⲣⲙ̄ⲛ̄ⲕⲏⲙⲉ	2311413
Holy-Bible---Coptic---Sahidic-Bible---Standard-Edition.tsv	Coptic Sahidic NT: Askeland, Schulz	ⲧⲙⲛ̄ⲧⲣⲙ̄ⲛ̄ⲕⲏⲙⲉ	Coptic	ⲧⲙⲛ̄ⲧⲣⲙ̄ⲛ̄ⲕⲏⲙⲉ	1983045
Holy-Bible---Coptic---Sahidic-Coptic-Horner---Standard-Edition.tsv	Coptic Sahidic NT: Horner	ⲧⲙⲛ̄ⲧⲣⲙ̄ⲛ̄ⲕⲏⲙⲉ	Coptic	ⲧⲙⲛ̄ⲧⲣⲙ̄ⲛ̄ⲕⲏⲙⲉ	2087449
Holy-Bible---Croatian---Croatian-Bible---Standard-Edition.tsv	Croatian Bible	Hrvatski Biblija	Croatian	Hrvatski	3746760
Holy-Bible---Croatian---Croatian-Open-Bible---Standard-Edition.tsv	Croatian Open Bible	Open Knjiga O Kristu	Croatian	Hrvatski	943342
Holy-Bible---Cung---Chung-Bible---Standard-Edition.tsv	Chung Bible	Kiŋwakti ki Nyɔ Miŋkaiŋ Mifiaŋ	Cung	Chung	1451286
Holy-Bible---Czech---Czech-Bible-Kralicka---Standard-Edition.tsv	Czech Bible Kralicka 1613	Czech Bible Kralicka 1613	Czech	Čeština	4219808
Holy-Bible---Czech---Kralicka---Standard-Edition.tsv	Czech Kralická Bible 1613	Bible Kralická 1613	Czech	Čeština	4234253
Holy-Bible---Czech---Living-Bible---Standard-Edition.tsv	Czech Living New Testament	Open Slovo Na Cestu	Czech	Čeština	989826
Holy-Bible---Danish---Danish-1871-1907---Standard-Edition.tsv	Danish Bible OT1871 / NT1907	Dansk Bibel	Danish	Dansk	4237473
Holy-Bible---Danish---Danish-1931-1907---Standard-Edition.tsv	Danish Bible OT1931 / NT1907	Dansk Bibel	Danish	Dansk	4008716
Holy-Bible---Danish---Danish-Bible---Standard-Edition.tsv	Danish Bible	Dansk Bibel	Danish	Dansk	3991756
Holy-Bible---Dawro---Dawuro-Bible---Standard-Edition.tsv	Dawuro Bible, Ethiopian (Latin)	Geeshsha Mas'aafaa	Dawro	Dawro	4974724
Holy-Bible---Desiya---Desiya-Bible---Standard-Edition.tsv	Desiya New Testament	ସତିଅର୍‌ ବାଟ୍‌	Desiya	ଦେଶିଆ	3164830
Holy-Bible---Dhanki---Dhanki-Devanagari-Bible---Standard-Edition.tsv	Dhanki Devanagari Bible	परमेश्वरन सत्य वचन	Dhanki	Dhanki	4584853
Holy-Bible---Dholuo---Dholuo-Bible---Standard-Edition.tsv	Dholuo Bible	Moting’o Loko Manyien	Dholuo	Dholuo	4121495
Holy-Bible---Dombe---Dombe-Bible---Standard-Edition.tsv	Dombe Bible	Dombe Bible	Dombe	Dombe	1040203
Holy-Bible---Dongxiang---Donxian-Bible---Standard-Edition.tsv	Dongxiang Santa Bible	Hudani Kielien	Dongxiang	Santa	937297
Holy-Bible---Dutch---Canisiusvertaling---Standard-Edition.tsv	Dutch Petrus Canisius Translation	Nederlandse Petrus Canisiusvertaling Bijbel	Dutch	Nederlandse	4366288
Holy-Bible---Dutch---Leuvense-Bible---Standard-Edition.tsv	Leuvense Bible	Leuvense Bijbel	Dutch	Nederlandse	5025229
Holy-Bible---Dutch---Schrift---Standard-Edition.tsv	Dutch Holy Bible	De Heilige Schrift 1917	Dutch	Nederlandse	4666172
Holy-Bible---Dutch---Statenvertaling---Standard-Edition.tsv	Dutch States Translation	Nederlandse Statenvertaling Bijbel	Dutch	Nederlandse	4668996
Holy-Bible---Duya---Duya-Bible---Standard-Edition.tsv	Idun Duya Bible	Ibibemuwe-Num Iyiki Ifa Ru Dũya	Idun	Dũya	1184530
Holy-Bible---Ekajuk---Ekajuk-Bible---Standard-Edition.tsv	Kajuk Bible	Ekajuk Bible	Kajuk	Ekajuk	2354269
Holy-Bible---English---A-Conservative-Version---Standard-Edition.tsv	A Conservative Version	A Conservative Version	English	English	4437286
Holy-Bible---English---Aionian-Bible---Standard-Edition.tsv	Aionian Bible	Aionian Bible	English	English	4378077
Holy-Bible---English---American-Standard-Version-1901---Standard-Edition.tsv	American Standard Version 1901	American Standard Version 1901	English	English	4503739
Holy-Bible---English---Anderson-Bible---Standard-Edition.tsv	Anderson New Testament 1864	Anderson New Testament 1864	English	English	1037044
Holy-Bible---English---Berean-Standard---Standard-Edition.tsv	Berean Standard Bible	Berean Standard Bible	English	English	4227462
Holy-Bible---English---Bible-in-Basic-English---Standard-Edition.tsv	Bible in Basic English	Bible in Basic English	English	English	4519421
Holy-Bible---English---Brenton-English-Septuagint---Standard-Edition.tsv	Brenton English Septuagint	Brenton English Septuagint	English	English	3456871
Holy-Bible---English---British-English-Septuagint-2012---Standard-Edition.tsv	British English Septuagint 2012	British English Septuagint 2012	English	English	3454833
Holy-Bible---English---Catholic-Public-Domain---Standard-Edition.tsv	Catholic Public Domain Version	Catholic Public Domain Version	English	English	4673461
Holy-Bible---English---Darby-Translation---Standard-Edition.tsv	Darby Translation	Darby Translation	English	English	4452777
Holy-Bible---English---Douay-Rheims-1899---Standard-Edition.tsv	Douay-Rheims 1899	Douay-Rheims 1899	English	English	4410528
Holy-Bible---English---Family-35-NT---Standard-Edition.tsv	Family 35 New Testament	Family 35 New Testament	English	English	1043380
Holy-Bible---English---Free-Bible-Version---Standard-Edition.tsv	Free Bible Version	Free Bible Version	English	English	4334618
Holy-Bible---English---Geneva-Bible---Standard-Edition.tsv	Geneva Bible	Geneva Bible	English	English	4529067
Holy-Bible---English---Godbey-Bible---Standard-Edition.tsv	Godbey New Testament	Godbey New Testament	English	English	1025198
Holy-Bible---English---Gods-Living-Word---Standard-Edition.tsv	God's Living Word	God's Living Word	English	English	126459
Holy-Bible---English---Haweis-Bible---Standard-Edition.tsv	Haweis New Testament	Haweis New Testament	English	English	1062170
Holy-Bible---English---Jewish-Bible---Standard-Edition.tsv	Jewish Bible in English	Jewish Bible in English	English	English	3468185
Holy-Bible---English---King-James-Version---Standard-Edition.tsv	King James Version, Annotated	King James Version, Annotated	English	English	4534566
Holy-Bible---English---King-James-Version-American---Standard-Edition.tsv	King James Version, American	King James Version, American	English	English	4441089
Holy-Bible---English---King-James-Version-Cambridge---Standard-Edition.tsv	King James Version, Purified	King James Version, Purified	English	English	4487343
Holy-Bible---English---King-James-Version-Restored-Name---Standard-Edition.tsv	King James Version, Restored	King James Version, Restored	English	English	4476159
Holy-Bible---English---King-James-Version-Revised---Standard-Edition.tsv	King James Version, Revised	King James Version, Revised	English	English	4465563
Holy-Bible---English---King-James-Version-Updated---Standard-Edition.tsv	King James Version, Updated	King James Version, Updated	English	English	4505193
Holy-Bible---English---LXX2012-U-S-English---Standard-Edition.tsv	LXX: Septuagint, English 2012	LXX: Septuagint, English 2012	English	English	3452400
Holy-Bible---English---Leeser-Tanakh---Standard-Edition.tsv	Leeser Tanakh Old Testament	Leeser Tanakh Old Testament	English	English	3590381
Holy-Bible---English---Literal-Standard---Standard-Edition.tsv	Literal Standard Version	Literal Standard Version	English	English	4457458
Holy-Bible---English---Living-Oracles-NT---Standard-Edition.tsv	Living Oracles NT	Living Oracles NT	English	English	1018354
Holy-Bible---English---Majority-Standard-Bible---Standard-Edition.tsv	Majority Standard Bible	Majority Standard Bible	English	English	4235912
Holy-Bible---English---Montgomery-NT---Standard-Edition.tsv	Montgomery New Testament	Montgomery New Testament	English	English	1042489
Holy-Bible---English---New-Heart-Aramaic---Standard-Edition.tsv	New Heart English Bible, Aramaic	New Heart English Bible, Aramaic	English	English	4395711
Holy-Bible---English---New-Heart-Jehovah---Standard-Edition.tsv	New Heart English Bible, Jehovah	New Heart English Bible, Jehovah	English	English	4386942
Holy-Bible---English---New-Heart-Jesus-Messiah---Standard-Edition.tsv	New Heart English Bible, Messiah	New Heart English Bible, Messiah	English	English	4393406
Holy-Bible---English---New-Heart-Messianic---Standard-Edition.tsv	New Heart English Bible, Yeshua	New Heart English Bible, Yeshua	English	English	4394981
Holy-Bible---English---New-Heart-Standard---Standard-Edition.tsv	New Heart English Bible, Standard	New Heart English Bible, Standard	English	English	4392317
Holy-Bible---English---New-Heart-YHWH---Standard-Edition.tsv	New Heart English Bible, YHWH	New Heart English Bible, YHWH	English	English	4366783
Holy-Bible---English---Noyes---Standard-Edition.tsv	Noyes Bible	Noyes Bible	English	English	2429430
Holy-Bible---English---One-Unity-Resource-Bible---Standard-Edition.tsv	One Unity Resource Bible	One Unity Resource Bible	English	English	2083862
Holy-Bible---English---Open-English-Bible-Commonwealth---Standard-Edition.tsv	Open English Bible, Commonwealth	Open English Bible, Commonwealth	English	English	1839023
Holy-Bible---English---Open-English-Bible-US---Standard-Edition.tsv	Open English Bible, US	Open English Bible, US	English	English	1838679
Holy-Bible---English---Orthodox-Jewish-Bible---Standard-Edition.tsv	The Orthodox Jewish Bible	Tanakh and B'rit Chadasha	English	English	4867790
Holy-Bible---English---Plain-English-Version---Standard-Edition.tsv	Aboriginal Plain English Version	Aboriginal Plain English Version	English	English	1587972
Holy-Bible---English---Revised-Version---Standard-Edition.tsv	Revised Version 1895	Revised Version 1895	English	English	4507273
Holy-Bible---English---Rotherham-Bible---Standard-Edition.tsv	Rotherham Emphasized Bible	Rotherham Emphasized Bible	English	English	4762286
Holy-Bible---English---STEPBible-Amalgamant---Standard-Edition.tsv	STEPBible, Amalgamant	STEPBible, Amalgamant	English	English	4807120
Holy-Bible---English---STEPBible-Concordant---Standard-Edition.tsv	STEPBible, Concordant	STEPBible, Concordant	English	English	5133526
Holy-Bible---English---Syriac-Peshitta-Etheridge---Standard-Edition.tsv	Syriac Peshitta Etheridge	Syriac Peshitta Etheridge	English	English	1054187
Holy-Bible---English---Syriac-Peshitta-Murdock---Standard-Edition.tsv	Syriac Peshitta Murdock	Syriac Peshitta Murdock	English	English	1052474
Holy-Bible---English---Text-Critical---Standard-Edition.tsv	Boyd Text-Critical English NT	Boyd Text-Critical English NT	English	English	1050241
Holy-Bible---English---Trans-Trans---Standard-Edition.tsv	Translation for Translators	Translation for Translators	English	English	6047134
Holy-Bible---English---Twentieth-Century-NT---Standard-Edition.tsv	Twentieth Century New Testament	Twentieth Century New Testament	English	English	1113215
Holy-Bible---English---Tyndale-Bible---Standard-Edition.tsv	Tyndale Genesis, New Testament	Tyndale Genesis, New Testament	English	English	1887062
Holy-Bible---English---Unlocked-Literal-Bible---Standard-Edition.tsv	Unlocked Literal Bible	Unlocked Literal Bible	English	English	4437168
Holy-Bible---English---Webster-Bible---Standard-Edition.tsv	Webster Bible	Webster Bible	English	English	4498821
Holy-Bible---English---Webster-Bible-Revised---Standard-Edition.tsv	Webster Version, Revised	Webster Version, Revised	English	English	4461490
Holy-Bible---English---Weymouth-NT---Standard-Edition.tsv	Weymouth New Testament	Weymouth New Testament	English	English	1120396
Holy-Bible---English---World-English-Bible---Standard-Edition.tsv	World English Bible	World English Bible	English	English	4370308
Holy-Bible---English---World-English-Bible-British-Edition---Standard-Edition.tsv	World English Bible, British	World English Bible, British	English	English	4386327
Holy-Bible---English---World-English-Bible-Updated---Standard-Edition.tsv	World English Bible Updated	World English Bible Updated	English	English	4381259
Holy-Bible---English---World-Messianic-Bible---Standard-Edition.tsv	World Messianic Bible	World Messianic Bible	English	English	4384556
Holy-Bible---English---World-Messianic-Bible-British-Edition---Standard-Edition.tsv	World Messianic Bible, British	World Messianic Bible, British	English	English	4389624
Holy-Bible---English---Worsley-Bible---Standard-Edition.tsv	John Worsley New Testament	John Worsley New Testament	English	English	1032019
Holy-Bible---English---Wycliffe-Bible---Standard-Edition.tsv	Wycliffe Bible	Wycliffe Bible	English	English	4513062
Holy-Bible---English---Youngs-Literal-Translation---Standard-Edition.tsv	Young's Literal Translation	Young's Literal Translation	English	English	4517716
Holy-Bible---Esperanto---Esperanto-Bible---Standard-Edition.tsv	Esperanto London Bible	Esperanto London Bible	Esperanto	Esperanto	4197408
Holy-Bible---Estonian---Contemporary---Standard-Edition.tsv	Estonian Modern Bible	Pühakiri Kaasaegses Eesti Keeles	Estonian	Eesti	989730
Holy-Bible---Estonian---For-All---Standard-Edition.tsv	Estonian Bible	Piibel Kõigile	Estonian	Eesti	530603
Holy-Bible---Etulo---Etulo-Bible---Standard-Edition.tsv	Etulo Bible	Utur Bible	Etulo	Utur	1117609
Holy-Bible---Ewe---Word-of-Life---Standard-Edition.tsv	Éwé Bible	Biblia Agbenya La	Ewe	Eʋegbe	4466933
Holy-Bible---Falam---Falam-Chin-Bible---Standard-Edition.tsv	Falam Chin Bible	Thukam Thar Lente Ṭon	Chin, Falam	Lai	94160
Holy-Bible---Finnish---Finnish-Bible---Standard-Edition.tsv	Finnish Bible 1776	Finnish Bible 1776	Finnish	Suomen Kieli	4617790
Holy-Bible---Finnish---Finnish-Pyha-Raamattu---Standard-Edition.tsv	Finnish Pyha Raamattu 1933/1938	Finnish Pyha Raamattu 1933/1938	Finnish	Suomen Kieli	4562710
Holy-Bible---Finnish---Open-Living-News---Standard-Edition.tsv	Finnish Open Living News	Suomi Avoin Elävä Uutinen	Finnish	Suomen Kieli	1141344
Holy-Bible---Flemish---Flemish-De-Jonge-Bible---Standard-Edition.tsv	New Testament, Nicolaas De Jonge	Het Vlaams Nieuwe Testament	Flemish	Vlaams	1076357
Holy-Bible---French---Bonnet-Bovet-Bible---Standard-Edition.tsv	Annotated Bible, Bonnet and Bovet	La Bible Annotée de Bonnet et Bovet	French	Français	4702119
Holy-Bible---French---Free-for-the-World---Standard-Edition.tsv	French Free Holy Bible for the World	Sainte Bible Libre Pour le Monde	French	Français	4569043
Holy-Bible---French---French-Crampon-Bible---Standard-Edition.tsv	Augustin Crampon Bible	La Bible Augustin Crampon	French	Français	4684166
Holy-Bible---French---French-Crampon-Bible-New---Standard-Edition.tsv	New Augustin Crampon Bible	Sainte Bible néo-Crampon Libre	French	Français	4678420
Holy-Bible---French---French-Darby-Bible---Standard-Edition.tsv	French John Nelson Darby	Française John Nelson Darby	French	Français	4758005
Holy-Bible---French---French-Khan-Bible---Standard-Edition.tsv	Zadoc Khan Bible	La Bible de Zadoc Khan	French	Français	3594693
Holy-Bible---French---French-LXX---Standard-Edition.tsv	Translation of the LXX by P. GIGUET	Traduction de la LXX par P. GIGUET	French	Français	3540138
Holy-Bible---French---French-LXX-TheoTex---Standard-Edition.tsv	LXX by P. GIGUET, TheoTex	Traduction de la LXX par P. GIGUET	French	Français	3584209
Holy-Bible---French---French-Louis-Segond-1910-Bible---Standard-Edition.tsv	Louis Segond French Bible 1910	Louis Segond French Bible 1910	French	Français	4657268
Holy-Bible---French---French-Martin---Standard-Edition.tsv	French Martin Bible	Bible Française Martin	French	Français	4873097
Holy-Bible---French---French-Oltramare-Bible---Standard-Edition.tsv	New Testament, Oltramare	Nouveau Testament, Oltramare	French	Français	1132208
Holy-Bible---French---French-Ostervald-Bible---Standard-Edition.tsv	Ostervald French Bible	Ostervald French Bible	French	Français	4636014
Holy-Bible---French---French-Perret-Gentil-Rilliet---Standard-Edition.tsv	Perret-Gentil and Rilliet Bible	Bible Perret-Gentil et Rilliet	French	Français	4644161
Holy-Bible---French---French-Stapfer-Bible---Standard-Edition.tsv	Stapher New Testament	Nouveau Testament de Stapfer	French	Français	1124878
Holy-Bible---French---French-Synodale-Bible---Standard-Edition.tsv	Synodal New Testament and Psalms	Nouveau Testament et Psaumes, Synodale	French	Français	1406616
Holy-Bible---French---Geneva-Bible---Standard-Edition.tsv	French Geneva Bible	Le Bible de Genève	French	Français	1144830
Holy-Bible---French---Vulgate-Glaire---Standard-Edition.tsv	Glaire French Vulgate	French Vulgate Glaire	French	Français	4801349
Holy-Bible---Gamit---Gamit-Bible---Standard-Edition.tsv	Gamit Bible	ગામીત નોવો કરાર	Gamit	Gamit	2911086
Holy-Bible---Gamo---Gamo-Bible---Standard-Edition.tsv	Gamo Bible (Ethiopic)	ጌሻ ማጻፋ	Gamo	Gamotso	5880951
Holy-Bible---Gamo---Gamo-Bible-Latin---Standard-Edition.tsv	Gamo Bible (Latin)	Geeshsha Mexaafa	Gamo	Gamotso	4366602
Holy-Bible---Gamotso---Gamo---Standard-Edition.tsv	Gamo New Testament	Gamo Geesha Maxxafa	Gamotso	Gamotso	1017012
Holy-Bible---Gata---Gata-Didayi-Bible---Standard-Edition.tsv	Gata Didayi Bible	ସତ୍‌ ଗାଲି	Gta Asa, Didayi	ଡିଡାୟୀ	3325508
Holy-Bible---Gayil---Gayl-Bible---Standard-Edition.tsv	Goyil Bible	ክለ ጫቃ	Gayil	Gayil	1815209
Holy-Bible---Geji---Geji-Bible---Standard-Edition.tsv	Geji Bible	Bùù Bible	Geji	Bùù	924383
Holy-Bible---German---German-Albrecht---Standard-Edition.tsv	Albrecht New Testament and Psalms	Deutsche Neues Testament, Psalmen	German	Deutsch	1423716
Holy-Bible---German---German-Elberfelder-1871---Standard-Edition.tsv	Elberfelder German Bible 1871	Deutsche Bibel, Elberfelder	German	Deutsch	4955459
Holy-Bible---German---German-Elberfelder-1905---Standard-Edition.tsv	Elberfelder German Bible 1905	Deutsche Bibel, Elberfelder	German	Deutsch	4675081
Holy-Bible---German---German-Katholiche-Riessler---Standard-Edition.tsv	Catholic Bible, Paul Riessler	Katholische Bibel, Paul Riessler	German	Deutsch	4382747
Holy-Bible---German---German-Kautzsch-Weizsacker---Standard-Edition.tsv	Kautzsch Weizsäcker German Bible	Deutsche Bibel, Kautzsch und Weizsäcker	German	Deutsch	4665613
Holy-Bible---German---German-Luther-Bible-1545---Standard-Edition.tsv	Luther German Bible 1545	Deutsche Bibel, Luther	German	Deutsch	4327399
Holy-Bible---German---German-Luther-Bible-1912---Standard-Edition.tsv	Luther German Bible 1912	Deutsche Bibel, Luther	German	Deutsch	4435611
Holy-Bible---German---German-Menge---Standard-Edition.tsv	Menge German Bible	Deutsche Bibel	German	Deutsch	5078119
Holy-Bible---German---German-Reinhardt-Bible---Standard-Edition.tsv	The Gospels by Ludwig Reinhardt	Die Evangelien, Reinhardt	German	Deutsch	499732
Holy-Bible---German---German-Schlachter---Standard-Edition.tsv	Schlachter German Bible	Deutsche Bibel	German	Deutsch	4577688
Holy-Bible---German---German-Tafel-Bible---Standard-Edition.tsv	Tafel German Bible	Deutsche Bibel, Tafel	German	Deutsch	3900231
Holy-Bible---German---Open-Bible---Standard-Edition.tsv	Open Bible, Study Version	Offene Bibel, Studienfassung	German	Deutsch	1348671
Holy-Bible---German---Zurich-Bible---Standard-Edition.tsv	German Zurich Bible	Deutsche Zürcher Bibel	German	Deutsch	4557137
Holy-Bible---Ghanongga---Kubokota-Adapt-Bible---Standard-Edition.tsv	Ghanongga Kubokota Adapt Bible	Ghanongga Kubokota Adapt Bible	Ghanongga	Ghanongga	1524845
Holy-Bible---Gikuyu---Kikuyu---Standard-Edition.tsv	Kikuyu Bible	Kiugo Gĩtheru Kĩa Ngai Kĩhingũre	Gikuyu	Kikuyu	5260615
Holy-Bible---Glavda---Glavda-Bible---Standard-Edition.tsv	Glavda Bible	Glavda Bible	Glavda	Galavda	678928
Holy-Bible---Gofa---Gofa-Bible---Standard-Edition.tsv	Gofa New Testament	Gofa New Testament	Gofa	Goofa	1022423
Holy-Bible---Gofa---Gofa-Bible-Ethiopian---Standard-Edition.tsv	Gofa Bible (Ethiopic)	ጌሻ ማፃፋ	Gofa	Goofa	5548503
Holy-Bible---Gofa---Gofa-Bible-Latin---Standard-Edition.tsv	Gofa Bible (Latin)	Gofa Bible (Latin)	Gofa	Goofa	3935997
Holy-Bible---Gourma---Gourma-Bible---Standard-Edition.tsv	Gourma Bible	Bible Gourma du Burkina Faso	Gourma	Gourmanchéma	1074252
Holy-Bible---Gourmantche---Gourmantche-Bible---Standard-Edition.tsv	Gourmantche Bible	Bible Gourmantche du Togo	Gourmantche	Gourmanchéma	1016841
Holy-Bible---Gowlan---Gowlan-Bible---Standard-Edition.tsv	Gowlan Bible	परमेश्वर को पवित्र वचन	Gowlan	Gowlan	2314419
Holy-Bible---Gowli---Gawli-Bible---Standard-Edition.tsv	Gawli Bible	ದೆವಾಚಿ ಖರಿ ಕಬರ್	Gowli	Gowli	2745103
Holy-Bible---Greek---Greek-Antoniades---Standard-Edition.tsv	Antoniades Patriarchal Edition	H Καινή Διαθήκη	Greek, Koine	Ελληνική	1613867
Holy-Bible---Greek---Greek-Byzantine---Standard-Edition.tsv	Greek NT Byzantine	H Καινή Διαθήκη	Greek, Koine	Ελληνική	1771230
Holy-Bible---Greek---Greek-Byzantine-Majority---Standard-Edition.tsv	Greek NT Byzantine / Majority Text	H Καινή Διαθήκη	Greek, Byzantine	Ελληνική	1611037
Holy-Bible---Greek---Greek-LXX-Septuagint---Standard-Edition.tsv	Greek Septuagint LXX	H μετάφρασις τῶν Ἑβδομήκοντα	Greek, Koine	Ελληνική	5816108
Holy-Bible---Greek---Greek-Majority-Text---Standard-Edition.tsv	Greek Majority Text NT	H Καινή Διαθήκη	Greek, Koine	Ελληνική	1609756
Holy-Bible---Greek---Greek-Modern-Kathareuousa---Standard-Edition.tsv	Neophytos Vamvas Modern Greek	H Καινή Διαθήκη, Καθαρεύουσα	Greek, Kathareuousa	Ελληνική	7922642
Holy-Bible---Greek---Greek-Nestle---Standard-Edition.tsv	Greek NT Nestle 1904	H Καινή Διαθήκη	Greek, Koine	Ελληνική	1741211
Holy-Bible---Greek---Greek-Pickering-Family-35---Standard-Edition.tsv	Greek Pickering Family 35	H Καινή Διαθήκη	Greek, Koine	Ελληνική	1610733
Holy-Bible---Greek---Greek-SBL---Standard-Edition.tsv	Greek NT SBL	H Καινή Διαθήκη	Greek, Koine	Ελληνική	1758518
Holy-Bible---Greek---Greek-STEPBible---Standard-Edition.tsv	Greek NT STEP Bible	H Καινή Διαθήκη	Greek, Koine	Ελληνική	1896281
Holy-Bible---Greek---Greek-Scrivener---Standard-Edition.tsv	Greek NT Scrivener	H Καινή Διαθήκη	Greek, Koine	Ελληνική	1614531
Holy-Bible---Greek---Greek-Statistical-Restoration---Standard-Edition.tsv	Greek NT Statistical Restoration	H Καινή Διαθήκη	Greek, Koine	Ελληνική	1757215
Holy-Bible---Greek---Greek-Stephanus---Standard-Edition.tsv	Greek NT Stephanus	H Καινή Διαθήκη	Greek, Koine	Ελληνική	1615769
Holy-Bible---Greek---Greek-TR-Stephanus-Scrivener---Standard-Edition.tsv	Greek NT Textus Receptus Scrivener	H Καινή Διαθήκη	Greek, Koine	Ελληνική	1615871
Holy-Bible---Greek---Greek-Textus-Receptus---Standard-Edition.tsv	Greek NT Textus Receptus	H Καινή Διαθήκη	Greek, Koine	Ελληνική	1621997
Holy-Bible---Greek---Greek-Textus-Receptus-Boyd---Standard-Edition.tsv	Greek NT Textus Receptus Boyd	Η Καινή Διαθήκη	Greek, Koine	Ελληνική	1777152
Holy-Bible---Greek---Greek-Textus-Receptus-Elzevir---Standard-Edition.tsv	Greek NT Textus Receptus Elzevir	H Καινή Διαθήκη	Greek, Koine	Ελληνική	1616079
Holy-Bible---Greek---Greek-Tischendorf---Standard-Edition.tsv	Tischendorf Greek New Testament	H Καινή Διαθήκη	Greek, Koine	Ελληνική	1742817
Holy-Bible---Greek---Greek-Tregelles---Standard-Edition.tsv	Greek NT Tregelles	H Καινή Διαθήκη	Greek, Koine	Ελληνική	1753836
Holy-Bible---Greek---Greek-Westcott-Hort---Standard-Edition.tsv	Greek NT Westcott / Hort	H Καινή Διαθήκη	Greek, Koine	Ελληνική	1624021
Holy-Bible---Greek---Text-Critical---Standard-Edition.tsv	Greek NT Text-Critical	H Καινή Διαθήκη	Greek, Koine	Ελληνική	1768423
Holy-Bible---Guduf-Gava---Guduf-Gava-Bible---Standard-Edition.tsv	Guduf-Gava Bible	Gava Bible	Guduf-Gava	Guduf-Gava	263335
Holy-Bible---Gujarati---Gujarati-Bible---Standard-Edition.tsv	Gujarati Bible	ગુજરાતી બાઇબલ	Gujarati	ગુજરાતી	9950510
Holy-Bible---Gujii---Guji-Oromo-Bible---Standard-Edition.tsv	Guji Oromo Bible	Kitaaba Woyyuu	Gujii Oromo	Gujii Oromo	4789623
Holy-Bible---Haitian---Haitian-Creole-Bible---Standard-Edition.tsv	Haitian Creole Bible	Kreyòl Ayisyen Bible	Haitian Creole	Kreyòl Ayisyen	4682419
Holy-Bible---Haitian---Haitian-Creole-Smith---Standard-Edition.tsv	Smith Haitian Creole Bible	Bib Sen An	Haitian Creole	Kreyòl Ayisyen	4253732
Holy-Bible---Halbi---Halbi-Bible---Standard-Edition.tsv	Halbi Bible	परमेस्वर को सच्चो वचन ख जाननू	Halbi	हलबी	2320792
Holy-Bible---Haryanvi---Haryanvi-Bible---Standard-Edition.tsv	Haryanvi Bible	हरियाणवी बाइबिल	Haryanvi	हरियाणवी‎	2691316
Holy-Bible---Hausa---Contemporary---Standard-Edition.tsv	Hausa Contemporary Bible	Littafi Mai Tsarki, Don Kowa	Hausa	Hausa	4277105
Holy-Bible---Hausa---Hausa-Bible---Standard-Edition.tsv	Hausa New Testament	Littafi Mai Tsarki	Hausa	Hausa	1015330
Holy-Bible---Havu---Havu-Bible---Standard-Edition.tsv	Havu Bible	Kihavu Bible	Havu	Kihavu	314302
Holy-Bible---Hawaiian---Hawaiian-Bible-1868---Standard-Edition.tsv	Hawaiian Bible 1868	Baibala Hemolele	Hawaiian	Ōlelo Hawai'i	4783908
Holy-Bible---Hebrew---Hebrew-Aleppo-Codex---Standard-Edition.tsv	Hebrew Aleppo Codex	כתבי הקודש	Hebrew	עברית	2976464
Holy-Bible---Hebrew---Hebrew-Aleppo-Miqra-Mesorah---Standard-Edition.tsv	Miqra `al pi ha-Mesorah	מקרא על פי המסורה	Hebrew	עברית	5160536
Holy-Bible---Hebrew---Hebrew-Masoretic-OT---Standard-Edition.tsv	Hebrew Masoretic Old Testament	כתבי הקודש	Hebrew	עברית	5672517
Holy-Bible---Hebrew---Hebrew-STEPBible---Standard-Edition.tsv	Hebrew STEP Old Testament	כתבי הקודש	Hebrew	עברית	5646206
Holy-Bible---Hebrew---Hebrew-Westminster-Leningrad---Standard-Edition.tsv	Westminster Leningrad Codex OT	כתבי הקודש	Hebrew	עברית	5630832
Holy-Bible---Hebrew---Hebrew-Westminster-Leningrad-Kimball---Standard-Edition.tsv	Westminster Leningrad Cdx Kimball	כתבי הקודש	Hebrew	עברית	5151543
Holy-Bible---Hebrew---Living-Bible---Standard-Edition.tsv	Hebrew Living New Testament	הברית החדשה/הדרך זכויות פתוחות	Hebrew	עברית	1370828
Holy-Bible---Hebrew---Modern-Hebrew-Bible---Standard-Edition.tsv	Modern Hebrew Bible	תנ ך עברי מודרני	Hebrew	עברית	4074423
Holy-Bible---Hebrew---Salkinson-Hebrew-Bible---Standard-Edition.tsv	Salkinson Hebrew Bible	הברית החדשה של סלקינסון	Hebrew	עברית	1849085
Holy-Bible---Hebrew---Westminster-Leningrad-Philadelphia---Standard-Edition.tsv	Westminster Leningrad Cdx Phila	כתבי הקודש	Hebrew	עברית	5630165
Holy-Bible---Hindi---Contemporary---Standard-Edition.tsv	Hindi Contemporary Version Bible	हिंदी समकालीन संस्करण-स्वतंत्र उपलब्धि	Hindi	हिन्दी	10702845
Holy-Bible---Hindi---Hindi-Bible---Standard-Edition.tsv	Hindi Bible	पवित्र बाइबिल	Hindi	हिन्दी	9805282
Holy-Bible---Hona---Hwana-Bible---Standard-Edition.tsv	Hwana Bible	Hona Bible	Hwana	Hona	1200309
Holy-Bible---Hre---Hre-Bible---Standard-Edition.tsv	Hre Bible	Hset Hadròeh	Hre	Hset	1160150
Holy-Bible---Hruso---Hrusso-Angka-Bible---Standard-Edition.tsv	Hruso Bible	Aka Bible	Hruso	Aka	149261
Holy-Bible---Hungarian---Hungarian-Jewish-Bible---Standard-Edition.tsv	The Israeli-Hungarian Bible	Az Izraelita-Magyar Biblia	Hungarian	Magyar Nyelv	3290744
Holy-Bible---Hungarian---Hungarian-Karoli---Standard-Edition.tsv	Revised Hungarian Bible 1908	Revideált Károli Biblia 1908	Hungarian	Magyar Nyelv	4526869
Holy-Bible---Hungarian---Magyar-Bible---Standard-Edition.tsv	Hungarian Open New Testament	Nyitott Újszövetség	Hungarian	Magyar Nyelv	1070470
Holy-Bible---Icelandic---Open-Living-Word---Standard-Edition.tsv	Icelandic Open Living Word	Opna Lifandi Orð	Icelandic	Íslenska	1478497
Holy-Bible---Igbo---Igbo-Bible---Standard-Edition.tsv	The Igbo Holy Bible for Everyone	Baịbụlụ Nsọ n’Igbo Ndị Ugbu	Igbo	Igbo	5385343
Holy-Bible---Ikizu---Ikizu-Bible---Standard-Edition.tsv	Ikizu Bible	Ʉbhʉragɨ Ubhuhya Mʉkɨgambʉ chi Ikikiizʉ	Ikizu	Kiikiizo	1396127
Holy-Bible---Ilocano---Ilocano-Bible---Standard-Edition.tsv	Ilocano Bible	Ti Biblia	Ilocano	Ilocano	5157489
Holy-Bible---Ilonggo---Hiligaynon-Free-Bible---Standard-Edition.tsv	Ilonggo Free Bible	Libre Ang Pulong Sang Dios	Ilonggo	Binisayâ	5085475
Holy-Bible---Indonesian---Bahasa-Indonesia-Sehari-hari---Standard-Edition.tsv	Everyday Indonesian Bible	Bahasa Indonesia Sehari-hari	Indonesian	Bahasa Indonesia	4763788
Holy-Bible---Indonesian---For-All---Standard-Edition.tsv	Indonesian Bible for All	Alkitab Gratis untuk Semua	Indonesian	Bahasa Indonesia	1298135
Holy-Bible---Indonesian---New-Indonesian-Translation---Standard-Edition.tsv	Indonesian New Translation	Terjemahan Baru	Indonesian	Bahasa Indonesia	5023538
Holy-Bible---Indonesian---Simple---Standard-Edition.tsv	Simple Indonesian Bible, 3rd Edition	Alkitab Sederhana Indonesia	Indonesian	Bahasa Indonesia	3921407
Holy-Bible---Irish---Odomhnuill-Modern---Standard-Edition.tsv	Irish O'Domhnuill Modernized	Irish O'Domhnuill Modernized	Irish	Irish	168815
Holy-Bible---Isanzu---Isanzu-Bible---Standard-Edition.tsv	Isanzu Bible	Kiisanzu Bible	Isanzu	Kiisanzu	1058487
Holy-Bible---Italian---Conferenza-Episcopale-Italiana---Standard-Edition.tsv	Italian Catholic Church Bible	Conferenza Episcopale Italiana	Italian	Italiano	4244690
Holy-Bible---Italian---Italian-Giovanni-Diodati-Bible---Standard-Edition.tsv	Diodati Italian Bible 1649	Diodati Italiano Bibbia	Italian	Italiano	4661847
Holy-Bible---Italian---Italian-Riveduta-Bible---Standard-Edition.tsv	Riveduta Italian Bible 1927	Riveduta Italiano Bibbia	Italian	Italiano	4527866
Holy-Bible---Janji---Janji-Bible---Standard-Edition.tsv	Janji Bible	Janji Bible	Janji	Ajanji	974470
Holy-Bible---Japanese---Japanese-Bungo-yaku---Standard-Edition.tsv	Japanese Bungo-yaku / Taisho-kaiyaku	大正改訳「新約聖書」	Japanese	日本語	4614653
Holy-Bible---Japanese---Japanese-Electronic-Network-Bible---Standard-Edition.tsv	Japanese Electronic Network Bible	日本の電子ネットワーク聖書	Japanese	日本語	995553
Holy-Bible---Japanese---Japanese-Kougo-yaku---Standard-Edition.tsv	Japanese Kougo-yaku, Colloquial	口語訳「聖書」	Japanese	日本語	5644131
Holy-Bible---Japanese---Japanese-Meiji-yaku---Standard-Edition.tsv	Japanese Meiji-yaku 1953	明治元訳「舊約聖書」	Japanese	日本語	1548149
Holy-Bible---Japanese---Japanese-Raguet-yaku---Standard-Edition.tsv	Japanese Raguet-yaku 1910	ラゲ訳「我主イエズスキリストの新約聖書」	Japanese	日本語	1132635
Holy-Bible---Japanese---New-Japanese-New-Testament---Standard-Edition.tsv	Japanese New Testament 1965	新改訳新約聖書	Japanese	日本語	1470634
Holy-Bible---Jumjum---Jumjum-Bible---Standard-Edition.tsv	Jumjum Bible	Meeŋka Jooŋ	Jumjum	Jumjum	393937
Holy-Bible---Juray---Juray-Bible---Standard-Edition.tsv	Juray Bible	ଆଜାଡ଼ି ତଙରନ୍‌	Juray	Juray	3620464
Holy-Bible---Kamano---Kamano-Kafe---Standard-Edition.tsv	Kamano-Kafe Bible	Anumzamofo Ruotage Avontafere	Kamano	Kamano-Kafe	5716468
Holy-Bible---Kannada---Indian-Revised-Version---Standard-Edition.tsv	Kannada Indian Revised Version	ಇಂಡಿಯನ್ ರಿವೈಜ್ಡ್ ವರ್ಸನ್	Kannada	ಕನ್ನಡ	10837637
Holy-Bible---Kannada---Open-Contemporary---Standard-Edition.tsv	Kanada Open Contemporary Bible	ಉಚಿತ ಕನ್ನಡ ಸಮಕಾಲಿಕ ಭಾಷಾಂತರ	Kannada	ಕನ್ನಡ	10964533
Holy-Bible---Kannada---Siddi-Bible---Standard-Edition.tsv	Siddi Bible	ದೆವಾಚಿ ಖರಿ ಖಬರ್	Kannada	ಕನ್ನಡ	3251352
Holy-Bible---Kapin---Kapin-Bible---Standard-Edition.tsv	Kapin Bible	Kapin Bible	Kapin	Kapin	796581
Holy-Bible---Kara---Kara-Bible---Standard-Edition.tsv	Kara Bible	Kikara Bible	Kara	Kikara	1118184
Holy-Bible---Kiche---Totonicapan---Standard-Edition.tsv	K’iche’ of Totonicapan NT	Ri Kꞌakꞌ Testamento Pa Tzijobꞌal Kꞌicheꞌ	K'iche'	Qach’abel	1352910
Holy-Bible---Kinga---Mahanji-Bible---Standard-Edition.tsv	Kinga Bible	Mahanji Bible	Kinga	Mahanji	1085126
Holy-Bible---Kisi---Kisi-Bible---Standard-Edition.tsv	Kisi Bible	Kese Bible	Kisi	Kese	1145714
Holy-Bible---Kituba---Kituba-Bible---Standard-Edition.tsv	Kituba Bible	Mambu ya Nzambi	Kituba	Monokutuba	5399669
Holy-Bible---Kizalamo---Zaramo-Kizalamo-Bible---Standard-Edition.tsv	Kizalamo Bible	Bibilia ya Kizalamo	Kizalamo	Zaramo	1520177
Holy-Bible---Koda---Koda-Bible---Standard-Edition.tsv	Koda Bible	কড়া অনুবাদ	Koda	কোডা	1467007
Holy-Bible---Kolami-Southeastern---Kolami-Bible---Standard-Edition.tsv	Southeastern Kolami Bible	కొత్త కరార్	Kolami, Southeastern	కొలామి	2674483
Holy-Bible---Konda-Dora---Konda-Porja-Bible---Standard-Edition.tsv	Konda-Dhora Bible	ମାପୁରୁଦି ସତ୍‌ ବାକ୍ୟ	Konda-Dhora	କୋଣ୍ଡା	3301941
Holy-Bible---Korean---Korean-1910---Standard-Edition.tsv	Korean 1910 Bible	개역성경	Korean	한국어	4773078
Holy-Bible---Korean---Korean-RV---Standard-Edition.tsv	Korean Revised Version	개역성경	Korean	한국어	4819693
Holy-Bible---Korean---Korean-Revised-Version---Standard-Edition.tsv	Korean Revised Bible	개역성경	Korean	한국어	4775101
Holy-Bible---Kosraean---Kosraean-Bible---Standard-Edition.tsv	Kosraean Bible	Baibel Mutal ke Kas Kusaie	Kosraean	Kusaiean	4404109
Holy-Bible---Koya---Koya-Bible---Standard-Edition.tsv	Koya Bible	ପୁନାଦ୍ ଆର୍ର୍	Koya	କୋୟା	3369051
Holy-Bible---Kuhane---Kuhane-Bible---Standard-Edition.tsv	Kuhane Bible	Chikuahane Bible	Kuhane	Chikuahane	1034190
Holy-Bible---Kurama---Kurama-Akurumi-Bible---Standard-Edition.tsv	Kurama Akurumi Bible	T'kurmi Bible	Kurama	T'kurmi	112407
Holy-Bible---Kurdish---Sorani-Bible---Standard-Edition.tsv	Kurdish Sorani Bible	وەشانی بێبەرامبەری کوردیی سۆرانیی ستاندەر	Kurdish, Central	كوردی سۆرانی	6641895
Holy-Bible---Kutu---Kutu-Bible---Standard-Edition.tsv	Kutu Bible	Lagano da Sambi kwa Wanhu Wose	Kutu	Kutu	1084072
Holy-Bible---Kuturmi---Kuturmi-Bible---Standard-Edition.tsv	Kuturmi Bible	Ibiro-Ikryo Bible	Kuturmi	Ibiro-Ikryo	155090
Holy-Bible---Kuvi---Kuvi-Bible---Standard-Edition.tsv	New Testament in Kuvi	ପୁଃନି ମେ଼ରା	Kuvi	କୁଭି, କୁୱି	2969895
Holy-Bible---Latin---Clementine-Vulgate-1598---Standard-Edition.tsv	Clementine Vulgate 1598	Bibbia Vulgata Clementina	Latin	Latine	3882142
Holy-Bible---Latin---Clementine-Vulgate-Conte---Standard-Edition.tsv	Clementine Vulgate, Conte	Bibbia Vulgata Clementina	Latin	Latine	3880014
Holy-Bible---Latin---Clementine-Vulgate-Hetzenauer---Standard-Edition.tsv	Clementine Vulgate, Hetzenauer	Bibbia Vulgata Clementina	Latin	Latine	3879759
Holy-Bible---Latin---Clementine-Vulgate-Tweedale---Standard-Edition.tsv	Clementine Vulgate, Tweedale	Bibbia Vulgata Clementina	Latin	Latine	3879377
Holy-Bible---Latin---Vulgata-Sistina---Standard-Edition.tsv	Sistina Vulgate Bible	Bibbia Vulgata Sistina	Latin	Latine	3883803
Holy-Bible---Latin---Vulgate-Jerome---Standard-Edition.tsv	Jerome Vulgate Bible	Bibbia Vulgata Jerome	Latin	Latine	3737409
Holy-Bible---Latvian---Latvian-Gluck-Bible---Standard-Edition.tsv	Latvian Glück Bible 8th edition	Latviešu Glück Bībele	Latvian	Latviešu	4308596
Holy-Bible---Lingala---Lingala-Bible---Standard-Edition.tsv	Lingala Bible	Mokanda na Bomoi	Lingala	Lingála	4899900
Holy-Bible---Lithuanian---Believers-Heritage---Standard-Edition.tsv	Lithuanian Believers Heritage	Tikinčiųjų Paveldo Vertimas	Lithuanian	Lietuvių	327131
Holy-Bible---Lithuanian---Open-Lithuanian-Bible---Standard-Edition.tsv	Open Lithuanian Scriptures	Naudojimo Teisės Atviros	Lithuanian	Lietuvių	278962
Holy-Bible---Lodhi---Lodhi-Bible---Standard-Edition.tsv	Lodhi New Testament	परमेश्वर को सच्चो वचन	Lodhi	लोधी	4579894
Holy-Bible---Luganda---Luganda-Bible---Standard-Edition.tsv	Luganda Bible	Bayibuli Entukuvu	Luganda	Luganda	4593678
Holy-Bible---Lungga---Lungga-Bible---Standard-Edition.tsv	Lungga Bible	Luqa Bible	Lungga	Luqa	1786366
Holy-Bible---Luyana---Luyana-Bible---Standard-Edition.tsv	Luyana Bible	Luyi Bible	Luyana	Luyi	1106286
Holy-Bible---Mahasu-Pahari---Baghlayani-Bible---Standard-Edition.tsv	Mahasu Pahari Baghlayani Bible	बघल्याणी नवां विधान	Mahasu Pahari	बघल्याणी	2546108
Holy-Bible---Makhuwa-Meetto---Makua-Bible---Standard-Edition.tsv	Makhuwa-Meetto Bible	Makua Bible	Makhuwa-Meetto	Makua	1215880
Holy-Bible---Malagasy---Malagasy-Bible---Standard-Edition.tsv	Malagasy Bible 1865	Soratra Masina	Malagasy	Malagasy	4921627
Holy-Bible---Malagasy---Tandroy-Mahafaly-Bible---Standard-Edition.tsv	Malagasy Tandroy-Mahafaly Bible	Saontsin’ Añahare, Madagascar	Malagasy, Tandroy-Mahafaly	Tandroy	4458267
Holy-Bible---Malayalam---1910-Contemporary---Standard-Edition.tsv	Malayalam Bible 1910 Modern	മലയാളം ബൈബിള്‍ 1910 Modern	Malayalam	മലയാളം	11279162
Holy-Bible---Malayalam---Contemporary---Standard-Edition.tsv	Malayalam Contemporary Bible	സമകാലിക മലയാളവിവർത്തനം	Malayalam	മലയാളം	12422628
Holy-Bible---Malayalam---Malayalam-Bible---Standard-Edition.tsv	Malayalam Indian Revised Bible	മലയാളം ബൈബിള്‍	Malayalam	മലയാളം	11571022
Holy-Bible---Malayalam---Malayalam-Bible-1910---Standard-Edition.tsv	Malayalam Bible 1910	മലയാളം ബൈബിള്‍ 1910	Malayalam	മലയാളം	11268714
Holy-Bible---Male---Maale-Bible---Standard-Edition.tsv	Maale Bible (Ethiopic)	ጌኤዦ ማፃኣፖ	Male	Maale	6909044
Holy-Bible---Manipuri---Meitei-Bible---Standard-Edition.tsv	Manipuri Bible	Meitei Bible	Manipuri	Meitei	1326437
Holy-Bible---Maori---Maori-Bible---Standard-Edition.tsv	Maori Bible	Te Paipera Tapu	Māori	Māori	4791422
Holy-Bible---Marathi---Marathi-Bible---Standard-Edition.tsv	Marathi Indian Revised Bible	राठी बायबल	Marathi	मराठी	10763216
Holy-Bible---Marathi---Marathi-Indian-Bible---Standard-Edition.tsv	Marathi Contemporary Bible	मराठी समकालीन स्वतंत्र संस्करण	Marathi	मराठी	10805371
Holy-Bible---Marghi-South---Marghi-South-Bible---Standard-Edition.tsv	Marghi South Bible	Ndǝshiguˈyar Foɗǝu Ənga Thlǝr Camaˈyar	Marghi South	Marghi South	948166
Holy-Bible---Matengo---Amatengu-Bible---Standard-Edition.tsv	Matengo Bible	Amatengu Bible	Matengo	Matengo	1141959
Holy-Bible---Matumbi---Matumbi-Bible---Standard-Edition.tsv	Matumbi Kimatuumbi Bible	Injili ya Yesu	Matumbi	Kimatuumbi	762976
Holy-Bible---Mbe---Mbe-Bible---Standard-Edition.tsv	Mbe Bible	M̀bè Mbembe Okohm	Mbe	M̀bè	1587492
Holy-Bible---Mbula-Bwazza---Mbula-Bwazza-Bible---Standard-Edition.tsv	Mbula-Bwazza Bible	Ɓwázà Bible	Mbula-Bwazza	Ɓwázà	3019985
Holy-Bible---Melo---Melo-Bible---Standard-Edition.tsv	Melo Ethiopic Bible	ኦሮꬅ ጫቆ	Melo	Malo	1375292
Holy-Bible---Mori-Atas---Mori-Atas-Bible---Standard-Edition.tsv	Mori Atas Bible	Alkitab Tambee	Mori Atas	Upper Mori	189799
Holy-Bible---Mpoto---Mpoto-Bible---Standard-Edition.tsv	Mpoto Bible	Chimpoto	Mpoto	Mpoto	1275685
Holy-Bible---Mum---Mum-Bible---Standard-Edition.tsv	Mum Bible	Kuyu Avi Matyu Yɨhimbɨvɨrami	Mum	Katiati	234322
Holy-Bible---Munda---Munda-Bible---Standard-Edition.tsv	Munda New Testament	ପାର୍‌ମେଶ୍ୱାର୍‌ଆଃ ଜୀନିଦ୍‌ ବାଚାନ୍‌	Munda	ମୁଣ୍ଡାରୀ	3393387
Holy-Bible---Mwaghavul---Mwaghavul-Bible---Standard-Edition.tsv	Mwaghavul Sura Bible	Manji Yiljep	Mwaghavul	Sura	695221
Holy-Bible---Mwera---Mwera-Bible---Standard-Edition.tsv	Mwera Bible	Malagano ga Ambi	Mwera	Mwera	1218937
Holy-Bible---Myanmar---Burmese-Common-Bible---Standard-Edition.tsv	Burmese Common Language Bible	ခေတ်သုံးမြန်မာသမ္မာကျမ်း	Myanmar Burmese	မြန်မာဘာသာ	17193011
Holy-Bible---Myanmar---Burmese-Judson---Standard-Edition.tsv	Myanmar Burmese Judson Text	မြန်မာယုဒသန်သမ္မာကျမ်း	Myanmar Burmese	မြန်မာဘာသာ	12390505
Holy-Bible---Myanmar---Myanmar-Burmese-Judson---Standard-Edition.tsv	Myanmar Burmese Judson Bible	မြန်မာယုဒသန်သမ္မာကျမ်း	Myanmar Burmese	မြန်မာဘာသာ	12016178
Holy-Bible---Naga-Pidgin---Nagamese-Bible---Standard-Edition.tsv	Nagamese Bible	Indian Standard Version Nagamese	Naga, Pidgin	Nagamiz	1215338
Holy-Bible---Naga-Tutsa---Tutsa-Naga-Bible---Standard-Edition.tsv	Tutsa Naga Bible	Esa Leedap Ena Banlam	Naga, Tutsa	Totcha	1256012
Holy-Bible---Ncane---Ncane-Bible---Standard-Edition.tsv	Ncane Bible	Nchane Bible	Ncane	Nchane	1415800
Holy-Bible---Ndebele---Accessible-Bible---Standard-Edition.tsv	Ndebele Accessible Bible	Ibhayibhili Elifinyelelekayo	Ndebele	Ndebele	4324631
Holy-Bible---Ndebele---Ndebele-Bible---Standard-Edition.tsv	Ndebele Bible	Ndebele Bible	Ndebele	Ndebele	4185788
Holy-Bible---Ndendeule---Ndendeule-Bible---Standard-Edition.tsv	Ndendeule Bible	Ndendeule Bible	Ndendeule	Ndendeule	1263090
Holy-Bible---Ndengereko---Ndengereko-Bible---Standard-Edition.tsv	Ndengereko Bible	Kindengereko Bible	Ndengereko	Kindengereko	1018422
Holy-Bible---Ndonde-Hamba---Ndonde-Hamba-Bible---Standard-Edition.tsv	Ndonde Hamba Bible	Ndondehamba	Ndonde Hamba	Ndondehamba	172410
Holy-Bible---Ndwewe---Ndwewe-Bible---Standard-Edition.tsv	Ndwewe Bible	Ruvuma Bible	Ndwewe	Ndwewe	1294771
Holy-Bible---Nend---Mark---Standard-Edition.tsv	Mark in Nend	MAK Yakŋ Ohɨrand Ya Imbɨr Makɨv Mpamar	Nend	Nend	146515
Holy-Bible---Nepali---Nepali-Bible---Standard-Edition.tsv	Nepali Bible	पवित्र बाइबल	Nepali	नेपाली	10950011
Holy-Bible---Nepali---Nepali-Contemporary---Standard-Edition.tsv	Nepali Contemporary Bible	नेपाली समकालीन सर्वसुलभ संस्करण	Nepali	नेपाली	10895023
Holy-Bible---Ngoni---Ngoni-Bible---Standard-Edition.tsv	Ngoni New Testament	Ngoni New Testament	Ngoni	Chingoni	1155272
Holy-Bible---Nkangala---Nkangala-Bible---Standard-Edition.tsv	Nkangala Bible	Nkangala Bible	Nkangala	Nkangala	984637
Holy-Bible---Norwegian---Living-Bible---Standard-Edition.tsv	Norwegian Living New Testament	Open En Levende Bok	Norwegian Bokmal	Norsk Bokmål	1218095
Holy-Bible---Norwegian---Norwegian-Bible---Standard-Edition.tsv	Norwegian Bible	Norsk Bibel	Norwegian Bokmal	Norsk Bokmål	4118257
Holy-Bible---Norwegian---Norwegian-Student-Bible---Standard-Edition.tsv	Norwegian Student Bible	Fyre Car, Studentmållagsbibelen	Norwegian Nynorsk	Norsk Nynorsk	4133199
Holy-Bible---Oriya---Oriya-Bible---Standard-Edition.tsv	Oriya Bible	ଓଡିଆ ବାଇବେଲ	Oriya	ଓଡ଼ିଆ	11062228
Holy-Bible---Oromo---New-World---Standard-Edition.tsv	New Oromo Contemporary Version	Hiikkaa Ammayyaa Banamaa Haaraa	Oromo, West Central	Afaan Oromoo	4740467
Holy-Bible---Oromo---West-Central-Oromo-Bible---Standard-Edition.tsv	West Central Oromo Bible	ሂካ አመያ በነማ ሃራ, ሎቆደ ዽኣ	Oromo, West Central	Afaan Oromoo	6011666
Holy-Bible---Oyda---Oyda-Bible-Latin---Standard-Edition.tsv	Oyda Bible (Latin)	Kille Caaqo	Oyda	Oyda	1016328
Holy-Bible---Oyda---Oyde-Bible-Ethiopic---Standard-Edition.tsv	Oyda Bible (Ethiopic)	ክለ ጫቆ	Oyda	Oyda	1370820
Holy-Bible---Padoe---Padoe-Bible---Standard-Edition.tsv	Padoe Bible	Akitab Padoe	Padoe	Padoe	175849
Holy-Bible---Palaung-Shwe---Shwe-Palaung-Bible---Standard-Edition.tsv	Shwe Palaung Bible	ပလောင်ဘာသာ	Palaung, Shwe	ပလောင်ဘာသာ	263465
Holy-Bible---Panjabi---Punjabi-Bible---Standard-Edition.tsv	Punjabi Bible	ਪੰਜਾਬੀ ਬਾਈਬਲ	Panjabi, Eastern	ਪੰਜਾਬੀ	10121746
Holy-Bible---Pengo---Pengo-Bible---Standard-Edition.tsv	Pengo Bible	ସତ୍‌ ବଚନ୍‌	Pengo	Pengu	3119607
Holy-Bible---Persian---Old-Persion-Version-Bible---Standard-Edition.tsv	Old Persion Version Bible	ترجمه قدیم	Persian	فارسی	6035122
Holy-Bible---Persian---Open-Contemporary---Standard-Edition.tsv	Open Persian Contemporary Bible	فارسی	Persian	فارسی	6514494
Holy-Bible---Pogolo---Pogoro-Bible---Standard-Edition.tsv	Pogoro New Testament	Lipatanu Lya Syayi, Wantu Woseri	Pogolo	Pogolo	1186837
Holy-Bible---Pohnpeian---Pohnpeian-NT-Psalms-New-Alphabet---Standard-Edition.tsv	Pohnpeian NT, Psalms: New Alpha	Kadede Kap Psam Akan	Pohnpeian	Pohnpeian	1168004
Holy-Bible---Pohnpeian---Pohnpeian-NT-Psalms-Old-Alphabet---Standard-Edition.tsv	Pohnpeian NT, Psalms: Old Alpha	Kadede Kap Pjam Akan	Pohnpeian	Pohnpeian	1144786
Holy-Bible---Polci---Polci-Bible---Standard-Edition.tsv	Polci Bible	Zul Pəlci Bible	Polci	Pəlci	888074
Holy-Bible---Polish---Open-Access-Word-of-Life---Standard-Edition.tsv	Polish Open Access Word of Life	Słowo Życia, Otwarty Dostęp	Polish	Polskie	1080356
Holy-Bible---Polish---Polish-Gdansk---Standard-Edition.tsv	Polish Gdansk Bible 1881	Święta Biblia	Polish	Polskie	4348525
Holy-Bible---Polish---Polish-Updated-Gdansk---Standard-Edition.tsv	Polish Updated Gdansk Bible	Święta Biblia	Polish	Polskie	4261833
Holy-Bible---Portuguese---Almeida-Bible-1911---Standard-Edition.tsv	Portuguese Bible 1911	Ferreira de Almeida Bíblia	Portuguese	Língua Portuguesa	4280500
Holy-Bible---Portuguese---Almeida-NewOrthography---Standard-Edition.tsv	Portuguese Bible 1911, New Spelling	Almeida Bíblia, Ortografia Nova	Portuguese	Língua Portuguesa	4267117
Holy-Bible---Portuguese---Biblia-Livre---Standard-Edition.tsv	Free Portuguese Bible	Bíblia Livre Portuguesa	Portuguese	Língua Portuguesa	4238411
Holy-Bible---Portuguese---Free-for-All---Standard-Edition.tsv	Portuguese Free Bible for All	Biblia Livre Para Todos	Portuguese	Língua Portuguesa	1167756
Holy-Bible---Portuguese---New-Open-Access---Standard-Edition.tsv	New Open Access Bible	Bíblia Nova Versão de Acesso Livre	Portuguese	Língua Portuguesa	4411037
Holy-Bible---Portuguese---Open-New-Bible---Standard-Edition.tsv	Portuguese Open New Living Bible	Open Nova Bíblia Viva	Portuguese	Língua Portuguesa	4784266
Holy-Bible---Portuguese---Portuguese-Trans-Trans---Standard-Edition.tsv	Portuguese Bible for Translators	Tradução para Tradutores	Portuguese	Língua Portuguesa	1864894
Holy-Bible---Portuguese---World-Portuguese-Bible---Standard-Edition.tsv	World Portuguese Bible	Bíblia Portuguesa Mundial	Portuguese	Língua Portuguesa	4393609
Holy-Bible---Potawatomi---Potawatomi-Bible---Standard-Edition.tsv	Potawatomi Bible	Potawatomi Bible	Potawami	Potawami	287214
Holy-Bible---Powari---Powari-Bible---Standard-Edition.tsv	Powari Bible	सत मारग पर चलन वारो किताब	Powari	Powari	1658169
Holy-Bible---Rakhine---Rakhine-Bible---Standard-Edition.tsv	Rakhine Bible	ဓမ္မသစ်ကျမ်း ရခိုင်ဘာသာစကား	Rakhine	ရခိုင်ဘာသာ	3599734
Holy-Bible---Rangi---Rangi-Bible---Standard-Edition.tsv	Rangi Bible	Kɨlaangi	Rangi	Kɨlaangi	1383522
Holy-Bible---Reli---Reli-Bible---Standard-Edition.tsv	Reli Bible	సొత్తొ పురువురొ పవిత్రొ కొత	Reli	Reli	1230006
Holy-Bible---Rohingya---Kitabul-Mukaddos-Bible---Standard-Edition.tsv	Rohingya Kitabul Mukaddos	Ruáingga Injil Córif	Rohingya	Ruáingga	1287384
Holy-Bible---Rohingya---Rohingya-Bible---Standard-Edition.tsv	Rohingya Bible	Ruáingga Bible	Rohingya	Ruáingga	805795
Holy-Bible---Romani---Balkans-Arli-Bible---Standard-Edition.tsv	Romani Balkans Arli Bible	Balkaniko Romanes Arli Bible	Romani, Balkan	Balkaniko Romanes	1083992
Holy-Bible---Romani---Eastern-Vlakh---Standard-Edition.tsv	Eastern Vlakh Romani	Библия пэ влахицко романи шыб	Romani Vlax, Eastern	Eastern Romani	833221
Holy-Bible---Romani-Vlax---Arli-Luke---Standard-Edition.tsv	Arli Luke	Arli Luka	Romani Vlax, Arli	Arli Romani	154159
Holy-Bible---Romani-Vlax---Chergash-Luke---Standard-Edition.tsv	Chergash Bible	Romani Čergarsko čhib Srbija	Romani Vlax, Chergash	Chergash Romani	1112596
Holy-Bible---Romani-Vlax---Gurbet-Luke---Standard-Edition.tsv	Gurbet Bible	Gurbetsko dijalekt Srbija	Romani Vlax, Gurbet	Gurbet Romani	1080747
Holy-Bible---Romani-Vlax---Lovaric-Bible---Standard-Edition.tsv	Romani Lovari Bible	Библия пэ ловарицко романы щиб	Romani Vlax, Lovari	Lovari Romani	358095
Holy-Bible---Romani-Vlax---Servi-Bible---Standard-Edition.tsv	Servi Romani Bible	Библия пы сэрвицко ромско чиб	Romani Vlax, Servi	Servi Romani	824460
Holy-Bible---Romanian---BTF-Bible---Standard-Edition.tsv	Romanian Faithful Translation	Biblia Traducerea Fidela	Romanian	Română	4636980
Holy-Bible---Romanian---Bayash-Luke---Standard-Edition.tsv	Bayash Luke	Luka	Romanian	Bayash	165140
Holy-Bible---Romanian---Cyrillic---Standard-Edition.tsv	Romanian Bible (Cyrillic)	Библия Думитру Корнилеску 1924	Romanian	Română	7216671
Holy-Bible---Romanian---Free-Bible---Standard-Edition.tsv	Romanian Free Holy Bible	Liber Sfanta Biblie	Romanian	Română	1080246
Holy-Bible---Romanian---Ludari-Luke---Standard-Edition.tsv	Ludari Luke	Ludari Luka	Romanian	Ludari	164461
Holy-Bible---Rote-Dela---Rote-Dela-Bible---Standard-Edition.tsv	Rote Dela Bible	Rote Dela Alkitab	Rote Dela	Dela–Oenale	1868363
Holy-Bible---Russian---Russian-Synodal-Translation---Standard-Edition.tsv	Russian Synodal Translation	Синодальный перевод	Russian	русский	6415449
Holy-Bible---Saafi-Saafi---Saafi-Saafi-Bible---Standard-Edition.tsv	Safene Bible	Saafi-Saafi Bible	Safene	Saafi-Saafi	1453870
Holy-Bible---Safwa---Safwa-Bible---Standard-Edition.tsv	Safwa Bible	Biblia Takatifu	Safwa	Kisafwa	981069
Holy-Bible---Sakachep---Sakachep-Bible---Standard-Edition.tsv	Sakachep Bible	Pathien Lekhabu Inthieng Chongtung Thar	Sakachep	Sakechep	1185750
Holy-Bible---Sanga---Sanga-Bible---Standard-Edition.tsv	Sanga Bible	Isanga Bible	Sanga	Isanga	307153
Holy-Bible---Sankaran-Maninka---Alla-la-Kitabu-Seniman---Standard-Edition.tsv	Sankaran Maninka Bible	Alla la Kitabu Seniman	Sankaran Maninka	Sankaran Malinke	1329293
Holy-Bible---Sanskrit---Assamese-Script---Standard-Edition.tsv	Sanskrit New Testament, Assamese	অসমীয়া	Sanskrit	অসমীয়া	2403037
Holy-Bible---Sanskrit---Bengali-Script---Standard-Edition.tsv	Sanskrit New Testament, Bengali	বাংলা	Sanskrit	বাংলা	2403037
Holy-Bible---Sanskrit---Burmese-Script---Standard-Edition.tsv	Sanskrit New Testament, Burmese	မြန်မာဘာသာ	Sanskrit	မြန်မာဘာသာ	2353351
Holy-Bible---Sanskrit---Cologne-Script---Standard-Edition.tsv	Sanskrit New Testament, Cologne	satyavEdaH	Sanskrit	satyavEdaH	1022700
Holy-Bible---Sanskrit---Devanagari-Script---Standard-Edition.tsv	Sanskrit New Testament, Devanagari	देवनागरी	Sanskrit	देवनागरी	2441394
Holy-Bible---Sanskrit---Gujarati-Script---Standard-Edition.tsv	Sanskrit New Testament, Gujarati	ગુજરાતી	Sanskrit	ગુજરાતી	2426839
Holy-Bible---Sanskrit---Harvard-Kyoto-Script---Standard-Edition.tsv	Sanskrit NT, Harvard-Kyoto	Sanskrit NT, Harvard-Kyoto	Sanskrit	Harvard-Kyoto	1020350
Holy-Bible---Sanskrit---IAST-Script---Standard-Edition.tsv	Sanskrit New Testament, IAST	Sanskrit New Testament, IAST	Sanskrit	IAST	1224329
Holy-Bible---Sanskrit---ISO-Script---Standard-Edition.tsv	Sanskrit New Testament, ISO	Sanskrit New Testament, ISO	Sanskrit	ISO	1257707
Holy-Bible---Sanskrit---ITRANS-Script---Standard-Edition.tsv	Sanskrit New Testament, ITRANS	Sanskrit New Testament, ITRANS	Sanskrit	ITRANS	1068423
Holy-Bible---Sanskrit---Kannada-Script---Standard-Edition.tsv	Sanskrit New Testament, Kannada	ಕನ್ನಡ	Sanskrit	ಕನ್ನಡ	2426839
Holy-Bible---Sanskrit---Khmer-Script---Standard-Edition.tsv	Sanskrit New Testament, Khmer	អក្សរខ្មែរ	Sanskrit	អក្សរខ្មែរ	2441521
Holy-Bible---Sanskrit---Malayalam-Script---Standard-Edition.tsv	Sanskrit New Testament, Malayalam	മലയാളം	Sanskrit	മലയാളം	2384252
Holy-Bible---Sanskrit---Oriya-Script---Standard-Edition.tsv	Sanskrit New Testament, Oriya	ଓଡ଼ିଆ	Sanskrit	ଓଡ଼ିଆ	2426839
Holy-Bible---Sanskrit---Punjabi-Script---Standard-Edition.tsv	Sanskrit New Testament, Punjabi	ਪੰਜਾਬੀ	Sanskrit	ਪੰਜਾਬੀ	2473627
Holy-Bible---Sanskrit---Sinhala-Script---Standard-Edition.tsv	Sanskrit New Testament, Sinhala	සිංහල	Sanskrit	සිංහල	2527974
Holy-Bible---Sanskrit---Tamil-Script---Standard-Edition.tsv	Sanskrit New Testament, Tamil	தமிழ்	Sanskrit	தமிழ்	2753209
Holy-Bible---Sanskrit---Telugu-Script---Standard-Edition.tsv	Sanskrit New Testament, Telugu	తెలుగు	Sanskrit	తెలుగు	2426810
Holy-Bible---Sanskrit---Thai-Script---Standard-Edition.tsv	Sanskrit New Testament, Thai	วิกิพีเดียภาษาไทย	Sanskrit	วิกิพีเดียภาษาไทย	2445287
Holy-Bible---Sanskrit---Tibetan-Script---Standard-Edition.tsv	Sanskrit New Testament, Tibetan	ལྷ་སའི་སྐད་	Sanskrit	ལྷ་སའི་སྐད་	2205185
Holy-Bible---Sanskrit---Urdu-Script---Standard-Edition.tsv	Sanskrit New Testament, Urdu	اردو	Sanskrit	اردو	2095220
Holy-Bible---Sanskrit---Velthuis-Script---Standard-Edition.tsv	Sanskrit New Testament, Velthuis	Sanskrit New Testament, Velthuis	Sanskrit	Velthuis	1223013
Holy-Bible---Sari---Sari-Bible---Standard-Edition.tsv	Saari Bible	Nsari Bible	Saari	Nsari	1416258
Holy-Bible---Satawalese---Satawalese-Bible---Standard-Edition.tsv	Satawalese Bible	Pwapwior we e Santus	Satawalese	Satawalese	583536
Holy-Bible---Scots-Gaelic---Scots-Gaelic-Gospel-Mark---Standard-Edition.tsv	Scots Gaelic Gospel of Mark	Gàidhlig Soisgeul	Scots Gaelic	Gàidhlig	91041
Holy-Bible---Serbian---Karadzic-Danicic-Latin-Script---Standard-Edition.tsv	Serbian Bible, Karadzic/Danicic, Latin	Sveta Pismo	Serbian	Srpski	3636803
Holy-Bible---Serbian---Serbian-Ekavski-Bible---Standard-Edition.tsv	Serbian Bible, Karadzic/Danicic	Сербиан Библе, Даничић Караџић	Serbian	Cрпски	5967676
Holy-Bible---Serbian---Serbian-ONSP-Cyrillic---Standard-Edition.tsv	New Serbian Open Bible (cyrillic)	Нови српски превод, слободна	Serbian	Cрпски	6366684
Holy-Bible---Serbian---Serbian-ONST-Latin---Standard-Edition.tsv	New Serbian Open Bible (latin)	Novi Srpski Prevod, Slobodna	Serbian	Srpski	3860828
Holy-Bible---Setswana---Open-Tswana-Living---Standard-Edition.tsv	Open Tswana Living New Testament	La Botshelo Kgolagano e Ntsha	Setswana	Setswana	1289478
Holy-Bible---Sgaw-Karen---Mason-Bible---Standard-Edition.tsv	S'gaw Karen Mason Bible	S'gaw Karen Mason Bible	S'gaw Karen	S'gaw Karen	11101441
Holy-Bible---Shi---Mashi-Bible---Standard-Edition.tsv	Shi Mashi Bible	Bibliya Ntagatifu Omu Mashi	Shi	Mashi	4631805
Holy-Bible---Sholaga---Sholaga-Bible---Standard-Edition.tsv	Sholaga Bible	ಕ್ಹುದಾನಿ ಕ್ಹರಿನಿ ವಾಕ್ಯಾ	Sholaga	Soliga	2642791
Holy-Bible---Shona---Rakasununguka---Standard-Edition.tsv	Shona Free Holy Bible	Bhaibheri MuChiShona Chanhasi	Shona	chiShona	4304023
Holy-Bible---Shona---Shona-Bible---Standard-Edition.tsv	Shona Bible	Bhaibheri	Shona	chiShona	969723
Holy-Bible---SlavonicChurch---Church-Slavonic-Elizabeth---Standard-Edition.tsv	Church Slavonic Elizabeth Bible	Библия церковно-славянском языке	Slavonic, Church	церковно-славянском	6086670
Holy-Bible---Slovak---Slovak-Bible---Standard-Edition.tsv	Slovak Bible for Everyone	Nádej pre Každého	Slovak	Slovák	1024669
Holy-Bible---Slovene---Slovene-Savli-Bible---Standard-Edition.tsv	Slovene King James Bible 1769	Slovenščina Sveto pismo Kralja Jakoba	Slovene	Slovenščina	4248098
Holy-Bible---Slovene---Slovene-Stritarja-NT---Standard-Edition.tsv	Slovene New Testament and Psalms, Stritar	Slovenščina Novi Testament in Psalmi, Stritarja	Slovene	Slovenščina	1137386
Holy-Bible---Soli---Soli-Bible---Standard-Edition.tsv	Soli Bible	Soli Bible	Soli	Chisoli	1166986
Holy-Bible---Somali---Somali-Bible---Standard-Edition.tsv	Somali Bible	Kitaabka Quduuska Ah	Somali	Somali	4919940
Holy-Bible---Somau-Karia---Somau-Karia-Bible---Standard-Edition.tsv	Somau Karia Bible	Xoiteupo Kuna	Somau Karia	Somau Garia	517427
Holy-Bible---Spanish---Biblia-Platense-Straubinger---Standard-Edition.tsv	Spanish Platense Bible	La Biblia Platense	Spanish	Español	4362778
Holy-Bible---Spanish---Free-Bible---Standard-Edition.tsv	Spanish Free Bible Version	Biblia Libre	Spanish	Español	4539031
Holy-Bible---Spanish---Free-for-the-World---Standard-Edition.tsv	Spanish Free Bible for the World	Santa Biblia Libre para el Mundo	Spanish	Español	4349059
Holy-Bible---Spanish---Gods-Word-for-You---Standard-Edition.tsv	Spanish God's Word for You	Palabra de Dios para Ti	Spanish	Español	4150661
Holy-Bible---Spanish---Reina-Valera-1865---Standard-Edition.tsv	Spanish Reina Valera Bible 1865	Español Santa Biblia	Spanish	Español	4261642
Holy-Bible---Spanish---Reina-Valera-1909---Standard-Edition.tsv	Spanish Reina Valera Bible 1909	Español Santa Biblia	Spanish	Español	4289422
Holy-Bible---Spanish---Reina-Valera-NT-1858---Standard-Edition.tsv	Spanish Reina Valera NT 1858	Español Santa Biblia	Spanish	Español	1018648
Holy-Bible---Spanish---Sagradas-Escrituras-1569---Standard-Edition.tsv	Spanish Bible 1569	Sagradas Escrituras, Antigua	Spanish	Español	4283507
Holy-Bible---Spanish---Sencillo-Bible---Standard-Edition.tsv	Spanish Sencillo Bible	La Biblia en Español Sencillo	Spanish	Español	4507869
Holy-Bible---Spanish---Spanish-New-Open-Bible---Standard-Edition.tsv	New Spanish Open Bible	Open Nueva Biblia	Spanish	Español	4348757
Holy-Bible---Swahili---Contemporary---Standard-Edition.tsv	Swahili Contemporary Version	Biblia Takatifu Wazi, Kiswahili	Swahili	Kiswahili	4305105
Holy-Bible---Swahili---New-Swahili-Bible---Standard-Edition.tsv	New Swahili Bible	Biblia Takatifu Mpya	Swahili	Kiswahili	4336090
Holy-Bible---Swahili---Swahili-Bible---Standard-Edition.tsv	Swahili Bible	Biblia Takatifu	Swahili	Kiswahili	1034115
Holy-Bible---Swahili---Swahili-Open-Bible---Standard-Edition.tsv	Swahili Open Bible	Wazi Neno Maandiko Matakatifu	Swahili	Kiswahili	4352843
Holy-Bible---Swedish---Swedish-Bible---Standard-Edition.tsv	Swedish Bible	Svensk Bibel	Swedish	Svensk	4595850
Holy-Bible---Swedish---Swedish-Bible-1703---Standard-Edition.tsv	Swedish Bible 1703	Svensk Bibel 1703	Swedish	Svensk	3115716
Holy-Bible---Swedish---Swedish-Bible-1873---Standard-Edition.tsv	Swedish Bible 1873	Svensk Bibel	Swedish	Svensk	4291849
Holy-Bible---Swedish---Swedish-Bible-1917---Standard-Edition.tsv	Swedish Bible Runeberg	Svensk Bibel	Swedish	Svensk	4618941
Holy-Bible---Taabwa---Kitaabua-Bible---Standard-Edition.tsv	Kitaabua Taabwa Bible	Ichitaabwa Bible	Taabwa	Ichitaabwa	711757
Holy-Bible---Tagakaulo---Tagakaulo-Bible---Standard-Edition.tsv	Kalagan Bible	Tagakaulo Bible	Kalagan	Tagakaulo	1568742
Holy-Bible---Tagalog---Tagalog-Bible-1905---Standard-Edition.tsv	Tagalog Holy Bible	Tagalog Ang Biblia	Tagalog	Tagalog	5206935
Holy-Bible---Tagalog---Tagalog-Bible-Unlocked---Standard-Edition.tsv	Tagalog Unlocked Holy Bible	Banal na Bibliya	Tagalog	Tagalog	5295136
Holy-Bible---Tagin---Tagin-First-Bible---Standard-Edition.tsv	Tagin Bible, Good News	ANWNV GAMLV	Tagin	Tagin	1261297
Holy-Bible---Tamil---Open-Contemporary---Standard-Edition.tsv	Tamil Open Contemporary Bible	திறந்தநிலை தமிழ் சமகால	Tamil	தமிழ்	13661993
Holy-Bible---Tamil---Tamil-Bible---Standard-Edition.tsv	Tamil Bible	தமிழ் பைபிள்	Tamil	தமிழ்	12858533
Holy-Bible---Tarok---Tarok-Nigeria-Bible---Standard-Edition.tsv	Nigerian Tarok Bible	iTárók Bible	Tarok	iTárók	1924533
Holy-Bible---Tavoyan---Tavoyan-Bible---Standard-Edition.tsv	Tavoyan Bible	ဓမ္မသစ်ကျမ်း ထားဝယ်ဘာသာစကား	Tavoyan	ထားဝယ်စကား	3572573
Holy-Bible---Teke-Tyee---Teke-Tyee-Bible---Standard-Edition.tsv	Teke-Tyee Bible	Teke Sud-Ouest	Teke-Tyee	Teke-Tyee	1188530
Holy-Bible---Telugu---Telugu-Bible---Standard-Edition.tsv	Telugu Bible	తెలుగు బైబిల్	Telugu	తెలుగు	10539779
Holy-Bible---Telugu---Telugu-Open-Contemporary---Standard-Edition.tsv	Telugu Open Contemporary Bible	ఉచిత తెలుగు సమకాలీన అనువాదం	Telugu	తెలుగు	10428431
Holy-Bible---Tharu-Rana---Rana-Tharu-Bible---Standard-Edition.tsv	Rana Tharu Bible	परमेस्वर को सच्चो वचन	Tharu, Rana	राना थारू	2421288
Holy-Bible---Thur---Leb-Thur-Bible---Standard-Edition.tsv	Thur Bible	Leb-Thur	Thur	Thur	1402848
Holy-Bible---Tichurong---Tichurong-Bible---Standard-Edition.tsv	Tichurong Bible	तिचुरोङ क्येला सारबा करारयि किताबतेबा	Tichurong	Tichurong	611725
Holy-Bible---Tongan---Revised-West-Version---Standard-Edition.tsv	Tongan Bible, Revised West	Tongan Bible, Revised West	Tongan	Tongan	5622224
Holy-Bible---Tsakhur---Tsakhur-Bible---Standard-Edition.tsv	Tsakhur Azerbaijani Bible	Ts‘əxna miz	Tsakhur	Ts‘əxna miz	1067937
Holy-Bible---Tsikimba---Tsikimba-Bible---Standard-Edition.tsv	Kimba Bible	Tsikimba Bible	Kimba	Tsikimba	209868
Holy-Bible---Tsishingini---Tsishingini-Bible---Standard-Edition.tsv	Shingini Bible	Tsishingini Bible	Shingini	Tsishingini	355068
Holy-Bible---Turkish---Open-Basic-Turkish---Standard-Edition.tsv	Turkish Open License Basic Bible	Türkçe Açık Lisans Temel İncil	Turkish	Türkçe	1136035
Holy-Bible---Twi---Akuapem-Twi-Bible---Standard-Edition.tsv	Akuapem Twi Bible	Akuapem Twi Nkwa Asɛm	Twi	Akuapem Twi	4075806
Holy-Bible---Twi---Asante-Twi-WASNA---Standard-Edition.tsv	Asante Twi Bible	Asante Twi Nkwa Asɛm	Twi	Asante Twi	4273569
Holy-Bible---Ukrainian---New-Translation---Standard-Edition.tsv	New Ukranian Translation	Новий Переклад Українською	Ukrainian	Український	1911013
Holy-Bible---Ukrainian---Ukrainian-Freedom-Bible---Standard-Edition.tsv	Ukrainian Freedom Bible	Біблія свободи	Ukrainian	Український	6368600
Holy-Bible---Ukrainian---Ukrainian-NT---Standard-Edition.tsv	Ukrainian Kulish New Testament	Український Новий Заповіт	Ukrainian	Український	1419381
Holy-Bible---Ukrainian---Ukrainian-Ogienko---Standard-Edition.tsv	Ukrainian Bible, Ivan Ogienko	Українська Біблія, Івана Огієнка	Ukrainian	Український	6688821
Holy-Bible---Urdu---Urdu-Bible---Standard-Edition.tsv	Urdu Bible, Devanagari	उर्दू बाइबिल, देवनागरी	Urdu	उर्दू	9853204
Holy-Bible---Urdu---Urdu-Free-Contemporary---Standard-Edition.tsv	Urdu Open Contemporary Bible	آزادانہ اردو ہم عصر ترجمہ	Urdu	اردو	7838645
Holy-Bible---Ut-Ma-in---Ut-Ma-in-Bible---Standard-Edition.tsv	Fakia Bible	Ut-Ma’in Bible	Fakai	Ut-Ma'in	1022133
Holy-Bible---Uyghur---Uyghur-Bible-Arabic---Standard-Edition.tsv	Uyghur Bible (arabic script)	مۇقېددېس كالام (يەنگى يېزىق)	Uyghur	Uyghur tili	8611906
Holy-Bible---Uyghur---Uyghur-Bible-Cyrillic---Standard-Edition.tsv	Uyghur Bible (cyrillic script)	Муқеддес Калам (кирил йезиқ)	Uyghur	Uyghur tili	8199024
Holy-Bible---Uyghur---Uyghur-Bible-Latin---Standard-Edition.tsv	Uyghur Bible (latin script)	Muqeddes Kalam (latin yéziq)	Uyghur	Uyghur tili	5050713
Holy-Bible---Uyghur---Uyghur-Bible-Pinyin---Standard-Edition.tsv	Uyghur Bible (pinyin script)	Muⱪeddes Kalam (yǝngi yeziⱪ)	Uyghur	Uyghur tili	5447939
Holy-Bible---Vaagri-Booli---Vaagri-Booli-Bible---Standard-Edition.tsv	Vaagri Booli Bible	ದೇವ್ನಿ ಖ್ಹಾಚಿ ವಚನ್	Vaagri Booli	Hakkipikki	2854619
Holy-Bible---Vaghri---Vaghri-Bible---Standard-Edition.tsv	Vaghri Bible	పవిత్ర్ బైబిల్‍	Vaghri	Bavri	2622073
Holy-Bible---Vidunda---Vidunda-Bible---Standard-Edition.tsv	Vidunda Bible	Chividunda Bible	Vidunda	Chividunda	3369385
Holy-Bible---Vietnamese---Contemporary---Standard-Edition.tsv	Vietnamese Contemporary Bible	Kinh Thánh Tiếng Việt Hiện Đại	Vietnamese	tiếng Việt	5122718
Holy-Bible---Vietnamese---Vietnamese-Bible---Standard-Edition.tsv	Vietnamese Bible	Kinh Thánh Tiếng Việt	Vietnamese	tiếng Việt	5461101
Holy-Bible---Vietnamese---Vietnamese-Bible-1934---Standard-Edition.tsv	Vietnamese Bible 1934	Kinh Thánh Tiếng Việt 1934	Vietnamese	tiếng Việt	5448518
Holy-Bible---Vwanji---Vwanji-Bible---Standard-Edition.tsv	Vwanji Bible	Kivwanji Bible	Vwanji	Kivwanji	1153917
Holy-Bible---Waddar---Waddar-Bible---Standard-Edition.tsv	Waddar Bible	वडार	Waddar	Vadari	1244278
Holy-Bible---Waja---Waja-Bible---Standard-Edition.tsv	Waja Bible	Wɪyáà Bible	Waja	Wɪyáà	285487
Holy-Bible---Wolio---Kitabi-Momangkilona-Bible---Standard-Edition.tsv	Buton Wolio Bible	Kitabi Momangkilona Wolio	Wolio	Buton	2046981
Holy-Bible---Yaka---Ivatan-Bible---Standard-Edition.tsv	Yaka Bible	Ivatan Bible	Yaka	Ivatan	1198843
Holy-Bible---Yaka---Yaka-Bible---Standard-Edition.tsv	Yaka Bible	Iyaka Bible	Yaka	Iyaka	1025021
Holy-Bible---Yalunka---Yalunka-Bible---Standard-Edition.tsv	Yalunka Bible	Kisin Kiraan Kitabuna	Yalunka	Jalonke	4449910
Holy-Bible---Yamap---Yamap-Bible---Standard-Edition.tsv	Yamap Bible	Yamap Bible	Yamap	Yamap	499021
Holy-Bible---Yansi---Yansi-Bible---Standard-Edition.tsv	Yansi Bible	Eyansi Bible	Yansi	Eyansi	1196325
Holy-Bible---Yemsa---Yemsa-Bible-Ethiopic---Standard-Edition.tsv	Yemsa Bible (Ethiopic)	ጋዶ ቴያ	Yemsa	Yemsa	1590365
Holy-Bible---Yemsa---Yemsa-Bible-Latin---Standard-Edition.tsv	Yemsa Bible (Latin)	Gaddo Teyya	Yemsa	Yemsa	1080185
Holy-Bible---Yiddish-Eastern---Eastern-Yiddish-Bible---Standard-Edition.tsv	Eastern Yiddish Bible	דער יידישער ברית חדשה	Yiddish, Eastern	עברית	1902957
Holy-Bible---Yipunu---Punu-Bible---Standard-Edition.tsv	Yipunu Punu Bible	Mbembu Nzambi o Ipunu	Punu	Yipunu	311164
Holy-Bible---Yombe---Yombe-Bible---Standard-Edition.tsv	Open Yombe Bible	Open Nguizani Yimona ayi Minkunga	Yombe	Kiyombi	1379888
Holy-Bible---Yoruba---Yoruba-Bible---Standard-Edition.tsv	Yoruba Bible	Bíbélì Mímọ́ ní Èdè Yorùbá Òde-Òní	Yoruba	Yorùbá	5663307
Holy-Bible---Zapotec-Loxicha---Loxicha-Zapotec-Bible---Standard-Edition.tsv	Loxicha Zapotec Bible	Zapoteco de Loxicha	Zapotec, Loxicha	Loxicha Zapotec	1239421
Holy-Bible---Zaramo---Kizalamo-Bible---Standard-Edition.tsv	Zaramo Bible	Lagano da Lsambi Yesu Kilisto	Zaramo	Zaramo	1122182
Holy-Bible---Zinza---Zinza-Bible---Standard-Edition.tsv	Zinza Bible	Endagano Eénsha omu Chiziinza	Zinza	Ecizinza	1476335
