Holy-Bible---Abureni---Abureni-Bible---Standard-Edition.sqlite	Abureni Bible	Abureni Bible	Abureni	Abureni	892928
Holy-Bible---Ahirani---Ahirani-Bible---Standard-Edition.sqlite	Ahirani Bible	प्रेम संदेश	Ahirani	अहिराणी‎	4911104
Holy-Bible---Ajiya---Ajiya-Bible---Standard-Edition.sqlite	Ajiya Bible	Ajigha Bible	Ajiya	Ajiya	544768
Holy-Bible---Alaba-Kabeena---Alaba-Kabeena-Bible---Standard-Edition.sqlite	Alaba-K’abeena Bible	ሃዕሮ ወኣድ መጻፈ	Alaba-K'abeena	Alaba-K'abeena	1585152
Holy-Bible---Amo---Amo-Bible---Standard-Edition.sqlite	Amo Bible	Amo Bible	Amo	Timap	1073152
Holy-Bible---Apal---Apali-Bible---Standard-Edition.sqlite	Apali Bible	Asɨ dɨ Manasɨŋ	Apal	Apalɨ	3444736
Holy-Bible---Arabic---Arabic-Van-Dyck-Bible---Standard-Edition.sqlite	Arabic Van Dyck Bible	الكتاب المقدس باللغة العربية، فان دايك	Arabic	العربية	8245248
Holy-Bible---Arabic---New-Arabic-Bible---Standard-Edition.sqlite	New Arabic Version	كتاب الحياة	Arabic	العربية	8835072
Holy-Bible---Aramaic---Syriac-Peshitta---Standard-Edition.sqlite	Aramaic Peshitta New Testament	ܦܫܝܛܬܐ	Aramaic	ܦܫܝܛܬܐ	1179648
Holy-Bible---Arapaho---Arapaho-Luke---Standard-Edition.sqlite	Arapaho Luke	Hethadenee waunauyaunee vadan Luke Vanenāna	Arapaho	Arapaho	188416
Holy-Bible---Armenian---Armenian-Bible-Eastern---Standard-Edition.sqlite	Eastern Armenian Bible	Արեւելահայերեն Աստվածաշունչ	Armenian, Eastern	Արեւելահայերեն	1437696
Holy-Bible---Armenian---Armenian-Bible-Western---Standard-Edition.sqlite	Western Armenian New Testament 1853	Արեւմտահայերեն Աստվածաշունչ	Armenian, Western	Արեւմտահայերեն	1732608
Holy-Bible---Aruamu---Aruamu-Bible---Standard-Edition.sqlite	Aruamu Bible	Godɨn Eghaghanim	Aruamu	Mikarew-Ariaw	6844416
Holy-Bible---Arumanisht---Aromanian-Bible---Standard-Edition.sqlite	Aromanian Bible	Biblija tu limba Rrãmãnã	Aromanian	Armãneashti	319488
Holy-Bible---Assamese---Assamese-Bible---Standard-Edition.sqlite	Assamese Bible	অসমীয়া বাইবেল	Assamese, Standard	অসমীয়া	11522048
Holy-Bible---Ayta-Ambala---Ayta-Ambala-Bible---Standard-Edition.sqlite	Ayta Ambala Bible	Ayta Ambala Bible	Ayta, Ambala	Ambala Ayta	192512
Holy-Bible---Azerbaijani---Azerbaijani-Bible---Standard-Edition.sqlite	Azerbaijani Bible	Azərbaycan dilində Müqəddəs Kitab	Azerbaijani, South	Azeri	4694016
Holy-Bible---Baga-Sitemu---Baga-Sitemu-Bible---Standard-Edition.sqlite	Baga Sitemu Bible	Kitabu ka Kanu	Baga Sitemu	Barka Sitemu	1761280
Holy-Bible---Baiso---Basio-Bible---Standard-Edition.sqlite	Baiso Bible	አማቶ ኦኡሱብ	Baiso	Bayso	1568768
Holy-Bible---Bangwinji---Bangwinji-Bible---Standard-Edition.sqlite	Bangwinji Bible	Bangwinji Bible	Bangwinji	Bangunji	876544
Holy-Bible---Bareli-Palya---Palya-Bareli-Bible---Standard-Edition.sqlite	Palya Bareli Bible	भगवान ना खरला बोल	Bareli, Palya	Bareli, Palya	380928
Holy-Bible---Basa-Gurmana---Basa-Gurmana-Bible---Standard-Edition.sqlite	Basa-Gurmana Bible	Kɔrɔmba	Basa-Gurmana	Kɔrɔmba	172032
Holy-Bible---Basque---Basque-NT---Standard-Edition.sqlite	Navarro-Labourdin Basque New Testament	Euskal Biblia	Basque	Euskara	1167360
Holy-Bible---Beami---Bedamuni-Bible---Standard-Edition.sqlite	Bedamuni Bible	Gode Ea Sia: Ida:Iwane Gala	Beami	Bedamuni	5541888
Holy-Bible---Beaver---Beaver-Mark---Standard-Edition.sqlite	Beaver Mark	Ootech Oochu Takehniya Tinkles St. Mark	Beaver	Dane Zaa	110592
Holy-Bible---Bekwel---Bekwel-Bible---Standard-Edition.sqlite	Bekwel Bible	Bekwil Bible	Bekwel	Bekwil	1527808
Holy-Bible---Bengali---Bengali-Bible---Standard-Edition.sqlite	Bengali Bible, India	বাংলা বাইবেল, ভারত	Bengali	বাংলা	10887168
Holy-Bible---Bengali---Contemporary---Standard-Edition.sqlite	Open Bengali Contemporary Bible	মুক্তভাবে বাংলা সমকালীন সংস্করণের	Bengali	বাংলা	11489280
Holy-Bible---Bhadrawahi---Bhadrawahi-Bible---Standard-Edition.sqlite	Bhadrawahi Bible	भड्लाई बाइबिल	Bhadrawahi	भद्रवाही‎	2949120
Holy-Bible---Bhattiyali---Bhattiyali-Bible---Standard-Edition.sqlite	Bhattiyali Bible	भटियाली नोआ नियम	Bhattiyali	भटियाली‎	3166208
Holy-Bible---Bhilali---Bhilali-Bible---Standard-Edition.sqlite	Bhilali Bible	भगवानेन छाचला बुल	Bhilali	Bhilali	3031040
Holy-Bible---Blackfoot---Matthew---Standard-Edition.sqlite	Blackfoot Matthew	Ŏkhs' I Tsĭn Ik Sĭn Ni Matthew Ot Sĭn Ai Pi	Blackfoot	Siksiká	176128
Holy-Bible---Bodo-Parja---BOPO-Bible---Standard-Edition.sqlite	Bodo Parja: BOPO Bible	ସଃର୍ଗାର୍‌ ବାଟ୍‌ ନଃଉଁଆ ନିଅମ୍‌	Bodo Parja	ବଡ଼ ପରଜା	3403776
Holy-Bible---Boga---Boga-Bible---Standard-Edition.sqlite	Boga Bible	Boka Bible	Boga	Boka	335872
Holy-Bible---Bondei---Bondei-Bible---Standard-Edition.sqlite	Bondei Bible	Bondei Bible	Bondei	Bondei	520192
Holy-Bible---Borna---Borna-Latin-Bible---Standard-Edition.sqlite	Borna Bible Latin Version	Handr Taara	Borna	Borni	1110016
Holy-Bible---Breton---Breton-Gospels---Standard-Edition.sqlite	Breton Gospels	an Bibl	Breton	Brezhoneg	516096
Holy-Bible---Bu---Bauchi-Bu-Bible---Standard-Edition.sqlite	Bu Bauchi Bible	Geji Bauchi Bible	Bu	Geji	258048
Holy-Bible---Bu---Bu-Bible---Standard-Edition.sqlite	Bu Bible	Jida Bible	Bu	Jida	933888
Holy-Bible---Bugun---Bugun-Bible---Standard-Edition.sqlite	Bugun Bible	Iwo Surua Mua Wie Pha Bible	Bugun	Khowa	1384448
Holy-Bible---Bulgarian---Bulgarian-Bible---Standard-Edition.sqlite	Bulgarian Bible	Българска Библия	Bulgarian	Българска	7143424
Holy-Bible---Bwile---Bwile-Bible---Standard-Edition.sqlite	Bwile Bible	Bwile Bible	Bwile	Bwile	176128
Holy-Bible---Calo---Calo-Bible---Standard-Edition.sqlite	Calo Gospel of Luke	Evangelio Español Romaní de Lucas	Calo	Romaní	176128
Holy-Bible---Cebuano---Cebuano-Bible---Standard-Edition.sqlite	Cebuano Bible	Balaan nga Bibliya	Cebuano	Cebuano	5586944
Holy-Bible---Cebuano---Cebuano-Open-Bible---Standard-Edition.sqlite	Cebuano Open Bible	Ang Pulong sa Dios	Cebuano	Cebuano	5189632
Holy-Bible---Cebuano---Cebuano-Philippine---Standard-Edition.sqlite	Cebuano Bible, Revelation	Cebuano Ang Biblia, Pinadayag	Cebuano	Cebuano	5677056
Holy-Bible---Chamorro---Chamorro-Gospels-Acts-and-Psalms---Standard-Edition.sqlite	Chamorro Gospels, Acts, Psalms	Y Cuatro Ebangelio Sija Yan Y Checho Y Apostoles Yan Y Salmo Sija	Chamorro	Chamorro	925696
Holy-Bible---Cherokee---Cherokee-New-Testament---Standard-Edition.sqlite	Cherokee New Testament 1860	ᏣᎳᎩ ᎦᏬᏂᎯᏍᏗ	Cherokee	ᏣᎳᎩ ᎦᏬᏂᎯᏍᏗ	1818624
Holy-Bible---Chhattisgarhi---Chhattisgarhi-Bible---Standard-Edition.sqlite	Chhattisgarhi Bible	सुतंतर समकालीन छत्तीसगढ़ी अनुवाद	Chhattisgarhi	छत्तीसगढ़ी	10584064
Holy-Bible---Chichewa---Chichewa-Bible---Standard-Edition.sqlite	Chichewa Bible	Tsekulani Mawu a Mulungu	Chichewa	Chichewa	4788224
Holy-Bible---Chin-Daai---Daai-Chin-Bible---Standard-Edition.sqlite	Daai Chin Bible	Dai Cangcim Kthai	Chin, Daai	Daai	1175552
Holy-Bible---Chin-Eastern-Khumi---Asang-Khongca-Bible---Standard-Edition.sqlite	Eastern Khumi Chin Bible	Asang Khongca Bible	Chin, Eastern Khumi	Asaang Khongca	5132288
Holy-Bible---Chin-Matu---Matupi-Chin-2019---Standard-Edition.sqlite	Matupi Chin Standard Bible 2019	Baibal Olcim	Chin, Matu	Matupi Chin	4620288
Holy-Bible---Chin-Matu---Matupi-Chin-Bible---Standard-Edition.sqlite	Matupi Chin Standard Bible	Baibal Olcim	Chin, Matu	Matupi Chin	4620288
Holy-Bible---Chin-Matu---Tuivang-Matu-Chin-Bible---Standard-Edition.sqlite	Tuivang Matu Chin Bible	Tuivang Holy Bible	Chin, Matu	Tuivang	1634304
Holy-Bible---Chin-Siyin---Siyin-Chin-Bible---Standard-Edition.sqlite	Siyin Chin Bible	Tinaung Takluem	Chin, Siyin	Siyin Chin	1171456
Holy-Bible---Chin-Thado---Chongthu-Bible---Standard-Edition.sqlite	Chongthu Bible	Pathen Lekhabu Theng	Chin, Thado	Chongthu	5210112
Holy-Bible---Chin-Thaiphum---Thai-Phum-Bible---Standard-Edition.sqlite	Thai Phum Holy Bible	Thai Phum Holy Bible	Chin, Thaiphum	Thai Phum	4800512
Holy-Bible---Chinese---Chinese-Easy-to-Read---Standard-Edition.sqlite	Free Easy to Read Bible	免费的易读圣经	Chinese	汉语	995328
Holy-Bible---Chinese---Chinese-Sigao-Bible---Standard-Edition.sqlite	Sīgāo Běn, Bible	思高本 聖經：思高聖經學會譯釋	Chinese	漢語	3911680
Holy-Bible---Chinese---Chinese-Union-Version-Simplified---Standard-Edition.sqlite	Chinese Union Version Simplified	新标点和合本	Chinese	汉语	3727360
Holy-Bible---Chinese---Chinese-Union-Version-Traditional---Standard-Edition.sqlite	Chinese Union Version Traditional	新標點和合本	Chinese	漢語	3735552
Holy-Bible---Chinese---Mandarin-Bible-Simplified---Standard-Edition.sqlite	Mandarin Open Bible (Simplified)	圣经当代译本开放资源	Chinese	汉语	3649536
Holy-Bible---Chinese---Mandarin-Bible-Traditional---Standard-Edition.sqlite	Mandarin Open Bible (Traditional)	聖經，當代譯本開放資源	Chinese	汉语	3649536
Holy-Bible---Chiyawo---Yao---Standard-Edition.sqlite	Yao New Testament	Lilangano lya Sambano	Ciyawo	Ciyawo	1339392
Holy-Bible---Cishingini---Cishingini-Bible---Standard-Edition.sqlite	Cishingini Shingini Bible	Cishingini Shingini Bible	Cishingini Shingini	Cishingini Shingini	3522560
Holy-Bible---Coptic---Coptic-Boharic-NT---Standard-Edition.sqlite	Coptic Boharic New Testament	ϯⲙⲉⲧⲣⲉⲙⲛ̀ⲭⲏⲙⲓ	Coptic Boharic	ϯⲙⲉⲧⲣⲉⲙⲛ̀ⲭⲏⲙⲓ	2281472
Holy-Bible---Coptic---Coptic-NT---Standard-Edition.sqlite	Coptic New Testament	ⲧⲙⲛ̄ⲧⲣⲙ̄ⲛ̄ⲕⲏⲙⲉ	Coptic	ⲧⲙⲛ̄ⲧⲣⲙ̄ⲛ̄ⲕⲏⲙⲉ	2457600
Holy-Bible---Coptic---Sahidic-Bible---Standard-Edition.sqlite	Coptic Sahidic NT: Askeland, Schulz	ⲧⲙⲛ̄ⲧⲣⲙ̄ⲛ̄ⲕⲏⲙⲉ	Coptic	ⲧⲙⲛ̄ⲧⲣⲙ̄ⲛ̄ⲕⲏⲙⲉ	2101248
Holy-Bible---Coptic---Sahidic-Coptic-Horner---Standard-Edition.sqlite	Coptic Sahidic NT: Horner	ⲧⲙⲛ̄ⲧⲣⲙ̄ⲛ̄ⲕⲏⲙⲉ	Coptic	ⲧⲙⲛ̄ⲧⲣⲙ̄ⲛ̄ⲕⲏⲙⲉ	2215936
Holy-Bible---Croatian---Croatian-Bible---Standard-Edition.sqlite	Croatian Bible	Hrvatski Biblija	Croatian	Hrvatski	3928064
Holy-Bible---Croatian---Croatian-Open-Bible---Standard-Edition.sqlite	Croatian Open Bible	Open Knjiga O Kristu	Croatian	Hrvatski	995328
Holy-Bible---Cung---Chung-Bible---Standard-Edition.sqlite	Chung Bible	Kiŋwakti ki Nyɔ Miŋkaiŋ Mifiaŋ	Cung	Chung	1531904
Holy-Bible---Czech---Czech-Bible-Kralicka---Standard-Edition.sqlite	Czech Bible Kralicka 1613	Czech Bible Kralicka 1613	Czech	Čeština	4427776
Holy-Bible---Czech---Kralicka---Standard-Edition.sqlite	Czech Kralická Bible 1613	Bible Kralická 1613	Czech	Čeština	4444160
Holy-Bible---Czech---Living-Bible---Standard-Edition.sqlite	Czech Living New Testament	Open Slovo Na Cestu	Czech	Čeština	1048576
Holy-Bible---Danish---Danish-1871-1907---Standard-Edition.sqlite	Danish Bible OT1871 / NT1907	Dansk Bibel	Danish	Dansk	4448256
Holy-Bible---Danish---Danish-1931-1907---Standard-Edition.sqlite	Danish Bible OT1931 / NT1907	Dansk Bibel	Danish	Dansk	4206592
Holy-Bible---Danish---Danish-Bible---Standard-Edition.sqlite	Danish Bible	Dansk Bibel	Danish	Dansk	4190208
Holy-Bible---Dawro---Dawuro-Bible---Standard-Edition.sqlite	Dawuro Bible, Ethiopian (Latin)	Geeshsha Mas'aafaa	Dawro	Dawro	5222400
Holy-Bible---Desiya---Desiya-Bible---Standard-Edition.sqlite	Desiya New Testament	ସତିଅର୍‌ ବାଟ୍‌	Desiya	ଦେଶିଆ	3411968
Holy-Bible---Dhanki---Dhanki-Devanagari-Bible---Standard-Edition.sqlite	Dhanki Devanagari Bible	परमेश्वरन सत्य वचन	Dhanki	Dhanki	4878336
Holy-Bible---Dholuo---Dholuo-Bible---Standard-Edition.sqlite	Dholuo Bible	Moting’o Loko Manyien	Dholuo	Dholuo	4325376
Holy-Bible---Dombe---Dombe-Bible---Standard-Edition.sqlite	Dombe Bible	Dombe Bible	Dombe	Dombe	1097728
Holy-Bible---Dongxiang---Donxian-Bible---Standard-Edition.sqlite	Dongxiang Santa Bible	Hudani Kielien	Dongxiang	Santa	991232
Holy-Bible---Dutch---Canisiusvertaling---Standard-Edition.sqlite	Dutch Petrus Canisius Translation	Nederlandse Petrus Canisiusvertaling Bijbel	Dutch	Nederlandse	4587520
Holy-Bible---Dutch---Leuvense-Bible---Standard-Edition.sqlite	Leuvense Bible	Leuvense Bijbel	Dutch	Nederlandse	5279744
Holy-Bible---Dutch---Schrift---Standard-Edition.sqlite	Dutch Holy Bible	De Heilige Schrift 1917	Dutch	Nederlandse	4898816
Holy-Bible---Dutch---Statenvertaling---Standard-Edition.sqlite	Dutch States Translation	Nederlandse Statenvertaling Bijbel	Dutch	Nederlandse	4902912
Holy-Bible---Duya---Duya-Bible---Standard-Edition.sqlite	Idun Duya Bible	Ibibemuwe-Num Iyiki Ifa Ru Dũya	Idun	Dũya	1249280
Holy-Bible---Ekajuk---Ekajuk-Bible---Standard-Edition.sqlite	Kajuk Bible	Ekajuk Bible	Kajuk	Ekajuk	2473984
Holy-Bible---English---A-Conservative-Version---Standard-Edition.sqlite	A Conservative Version	A Conservative Version	English	English	4657152
Holy-Bible---English---Aionian-Bible---Standard-Edition.sqlite	Aionian Bible	Aionian Bible	English	English	4595712
Holy-Bible---English---American-Standard-Version-1901---Standard-Edition.sqlite	American Standard Version 1901	American Standard Version 1901	English	English	4730880
Holy-Bible---English---Anderson-Bible---Standard-Edition.sqlite	Anderson New Testament 1864	Anderson New Testament 1864	English	English	1093632
Holy-Bible---English---Berean-Standard---Standard-Edition.sqlite	Berean Standard Bible	Berean Standard Bible	English	English	4435968
Holy-Bible---English---Bible-in-Basic-English---Standard-Edition.sqlite	Bible in Basic English	Bible in Basic English	English	English	4743168
Holy-Bible---English---Brenton-English-Septuagint---Standard-Edition.sqlite	Brenton English Septuagint	Brenton English Septuagint	English	English	3633152
Holy-Bible---English---British-English-Septuagint-2012---Standard-Edition.sqlite	British English Septuagint 2012	British English Septuagint 2012	English	English	3633152
Holy-Bible---English---Catholic-Public-Domain---Standard-Edition.sqlite	Catholic Public Domain Version	Catholic Public Domain Version	English	English	4907008
Holy-Bible---English---Darby-Translation---Standard-Edition.sqlite	Darby Translation	Darby Translation	English	English	4673536
Holy-Bible---English---Douay-Rheims-1899---Standard-Edition.sqlite	Douay-Rheims 1899	Douay-Rheims 1899	English	English	4628480
Holy-Bible---English---Family-35-NT---Standard-Edition.sqlite	Family 35 New Testament	Family 35 New Testament	English	English	1101824
Holy-Bible---English---Free-Bible-Version---Standard-Edition.sqlite	Free Bible Version	Free Bible Version	English	English	4550656
Holy-Bible---English---Geneva-Bible---Standard-Edition.sqlite	Geneva Bible	Geneva Bible	English	English	4755456
Holy-Bible---English---Godbey-Bible---Standard-Edition.sqlite	Godbey New Testament	Godbey New Testament	English	English	1081344
Holy-Bible---English---Gods-Living-Word---Standard-Edition.sqlite	God's Living Word	God's Living Word	English	English	151552
Holy-Bible---English---Haweis-Bible---Standard-Edition.sqlite	Haweis New Testament	Haweis New Testament	English	English	1122304
Holy-Bible---English---Jewish-Bible---Standard-Edition.sqlite	Jewish Bible in English	Jewish Bible in English	English	English	3641344
Holy-Bible---English---King-James-Version---Standard-Edition.sqlite	King James Version, Annotated	King James Version, Annotated	English	English	4759552
Holy-Bible---English---King-James-Version-American---Standard-Edition.sqlite	King James Version, American	King James Version, American	English	English	4661248
Holy-Bible---English---King-James-Version-Cambridge---Standard-Edition.sqlite	King James Version, Purified	King James Version, Purified	English	English	4710400
Holy-Bible---English---King-James-Version-Restored-Name---Standard-Edition.sqlite	King James Version, Restored	King James Version, Restored	English	English	4694016
Holy-Bible---English---King-James-Version-Revised---Standard-Edition.sqlite	King James Version, Revised	King James Version, Revised	English	English	4689920
Holy-Bible---English---King-James-Version-Updated---Standard-Edition.sqlite	King James Version, Updated	King James Version, Updated	English	English	4726784
Holy-Bible---English---LXX2012-U-S-English---Standard-Edition.sqlite	LXX: Septuagint, English 2012	LXX: Septuagint, English 2012	English	English	3624960
Holy-Bible---English---Leeser-Tanakh---Standard-Edition.sqlite	Leeser Tanakh Old Testament	Leeser Tanakh Old Testament	English	English	3772416
Holy-Bible---English---Literal-Standard---Standard-Edition.sqlite	Literal Standard Version	Literal Standard Version	English	English	4681728
Holy-Bible---English---Living-Oracles-NT---Standard-Edition.sqlite	Living Oracles NT	Living Oracles NT	English	English	1073152
Holy-Bible---English---Majority-Standard-Bible---Standard-Edition.sqlite	Majority Standard Bible	Majority Standard Bible	English	English	4448256
Holy-Bible---English---Montgomery-NT---Standard-Edition.sqlite	Montgomery New Testament	Montgomery New Testament	English	English	1097728
Holy-Bible---English---New-Heart-Aramaic---Standard-Edition.sqlite	New Heart English Bible, Aramaic	New Heart English Bible, Aramaic	English	English	4616192
Holy-Bible---English---New-Heart-Jehovah---Standard-Edition.sqlite	New Heart English Bible, Jehovah	New Heart English Bible, Jehovah	English	English	4603904
Holy-Bible---English---New-Heart-Jesus-Messiah---Standard-Edition.sqlite	New Heart English Bible, Messiah	New Heart English Bible, Messiah	English	English	4612096
Holy-Bible---English---New-Heart-Messianic---Standard-Edition.sqlite	New Heart English Bible, Yeshua	New Heart English Bible, Yeshua	English	English	4616192
Holy-Bible---English---New-Heart-Standard---Standard-Edition.sqlite	New Heart English Bible, Standard	New Heart English Bible, Standard	English	English	4612096
Holy-Bible---English---New-Heart-YHWH---Standard-Edition.sqlite	New Heart English Bible, YHWH	New Heart English Bible, YHWH	English	English	4583424
Holy-Bible---English---Noyes---Standard-Edition.sqlite	Noyes Bible	Noyes Bible	English	English	2551808
Holy-Bible---English---One-Unity-Resource-Bible---Standard-Edition.sqlite	One Unity Resource Bible	One Unity Resource Bible	English	English	2191360
Holy-Bible---English---Open-English-Bible-Commonwealth---Standard-Edition.sqlite	Open English Bible, Commonwealth	Open English Bible, Commonwealth	English	English	1925120
Holy-Bible---English---Open-English-Bible-US---Standard-Edition.sqlite	Open English Bible, US	Open English Bible, US	English	English	1925120
Holy-Bible---English---Orthodox-Jewish-Bible---Standard-Edition.sqlite	The Orthodox Jewish Bible	Tanakh and B'rit Chadasha	English	English	5107712
Holy-Bible---English---Plain-English-Version---Standard-Edition.sqlite	Aboriginal Plain English Version	Aboriginal Plain English Version	English	English	1683456
Holy-Bible---English---Revised-Version---Standard-Edition.sqlite	Revised Version 1895	Revised Version 1895	English	English	4734976
Holy-Bible---English---Rotherham-Bible---Standard-Edition.sqlite	Rotherham Emphasized Bible	Rotherham Emphasized Bible	English	English	5005312
Holy-Bible---English---STEPBible-Amalgamant---Standard-Edition.sqlite	STEPBible, Amalgamant	STEPBible, Amalgamant	English	English	5046272
Holy-Bible---English---STEPBible-Concordant---Standard-Edition.sqlite	STEPBible, Concordant	STEPBible, Concordant	English	English	5394432
Holy-Bible---English---Syriac-Peshitta-Etheridge---Standard-Edition.sqlite	Syriac Peshitta Etheridge	Syriac Peshitta Etheridge	English	English	1110016
Holy-Bible---English---Syriac-Peshitta-Murdock---Standard-Edition.sqlite	Syriac Peshitta Murdock	Syriac Peshitta Murdock	English	English	1110016
Holy-Bible---English---Text-Critical---Standard-Edition.sqlite	Boyd Text-Critical English NT	Boyd Text-Critical English NT	English	English	1105920
Holy-Bible---English---Trans-Trans---Standard-Edition.sqlite	Translation for Translators	Translation for Translators	English	English	6377472
Holy-Bible---English---Twentieth-Century-NT---Standard-Edition.sqlite	Twentieth Century New Testament	Twentieth Century New Testament	English	English	1175552
Holy-Bible---English---Tyndale-Bible---Standard-Edition.sqlite	Tyndale Genesis, New Testament	Tyndale Genesis, New Testament	English	English	1974272
Holy-Bible---English---Unlocked-Literal-Bible---Standard-Edition.sqlite	Unlocked Literal Bible	Unlocked Literal Bible	English	English	4657152
Holy-Bible---English---Webster-Bible---Standard-Edition.sqlite	Webster Bible	Webster Bible	English	English	4718592
Holy-Bible---English---Webster-Bible-Revised---Standard-Edition.sqlite	Webster Version, Revised	Webster Version, Revised	English	English	4681728
Holy-Bible---English---Weymouth-NT---Standard-Edition.sqlite	Weymouth New Testament	Weymouth New Testament	English	English	1179648
Holy-Bible---English---World-English-Bible---Standard-Edition.sqlite	World English Bible	World English Bible	English	English	4583424
Holy-Bible---English---World-English-Bible-British-Edition---Standard-Edition.sqlite	World English Bible, British	World English Bible, British	English	English	4603904
Holy-Bible---English---World-English-Bible-Updated---Standard-Edition.sqlite	World English Bible Updated	World English Bible Updated	English	English	4599808
Holy-Bible---English---World-Messianic-Bible---Standard-Edition.sqlite	World Messianic Bible	World Messianic Bible	English	English	4603904
Holy-Bible---English---World-Messianic-Bible-British-Edition---Standard-Edition.sqlite	World Messianic Bible, British	World Messianic Bible, British	English	English	4608000
Holy-Bible---English---Worsley-Bible---Standard-Edition.sqlite	John Worsley New Testament	John Worsley New Testament	English	English	1089536
Holy-Bible---English---Wycliffe-Bible---Standard-Edition.sqlite	Wycliffe Bible	Wycliffe Bible	English	English	4734976
Holy-Bible---English---Youngs-Literal-Translation---Standard-Edition.sqlite	Young's Literal Translation	Young's Literal Translation	English	English	4739072
Holy-Bible---Esperanto---Esperanto-Bible---Standard-Edition.sqlite	Esperanto London Bible	Esperanto London Bible	Esperanto	Esperanto	4403200
Holy-Bible---Estonian---Contemporary---Standard-Edition.sqlite	Estonian Modern Bible	Pühakiri Kaasaegses Eesti Keeles	Estonian	Eesti	1044480
Holy-Bible---Estonian---For-All---Standard-Edition.sqlite	Estonian Bible	Piibel Kõigile	Estonian	Eesti	569344
Holy-Bible---Etulo---Etulo-Bible---Standard-Edition.sqlite	Etulo Bible	Utur Bible	Etulo	Utur	1179648
Holy-Bible---Ewe---Word-of-Life---Standard-Edition.sqlite	Éwé Bible	Biblia Agbenya La	Ewe	Eʋegbe	4685824
Holy-Bible---Falam---Falam-Chin-Bible---Standard-Edition.sqlite	Falam Chin Bible	Thukam Thar Lente Ṭon	Chin, Falam	Lai	114688
Holy-Bible---Finnish---Finnish-Bible---Standard-Edition.sqlite	Finnish Bible 1776	Finnish Bible 1776	Finnish	Suomen Kieli	4845568
Holy-Bible---Finnish---Finnish-Pyha-Raamattu---Standard-Edition.sqlite	Finnish Pyha Raamattu 1933/1938	Finnish Pyha Raamattu 1933/1938	Finnish	Suomen Kieli	4788224
Holy-Bible---Finnish---Open-Living-News---Standard-Edition.sqlite	Finnish Open Living News	Suomi Avoin Elävä Uutinen	Finnish	Suomen Kieli	1204224
Holy-Bible---Flemish---Flemish-De-Jonge-Bible---Standard-Edition.sqlite	New Testament, Nicolaas De Jonge	Het Vlaams Nieuwe Testament	Flemish	Vlaams	1134592
Holy-Bible---French---Bonnet-Bovet-Bible---Standard-Edition.sqlite	Annotated Bible, Bonnet and Bovet	La Bible Annotée de Bonnet et Bovet	French	Français	4935680
Holy-Bible---French---Free-for-the-World---Standard-Edition.sqlite	French Free Holy Bible for the World	Sainte Bible Libre Pour le Monde	French	Français	4796416
Holy-Bible---French---French-Crampon-Bible---Standard-Edition.sqlite	Augustin Crampon Bible	La Bible Augustin Crampon	French	Français	4919296
Holy-Bible---French---French-Crampon-Bible-New---Standard-Edition.sqlite	New Augustin Crampon Bible	Sainte Bible néo-Crampon Libre	French	Français	4911104
Holy-Bible---French---French-Darby-Bible---Standard-Edition.sqlite	French John Nelson Darby	Française John Nelson Darby	French	Français	4997120
Holy-Bible---French---French-Khan-Bible---Standard-Edition.sqlite	Zadoc Khan Bible	La Bible de Zadoc Khan	French	Français	3772416
Holy-Bible---French---French-LXX---Standard-Edition.sqlite	Translation of the LXX by P. GIGUET	Traduction de la LXX par P. GIGUET	French	Français	3719168
Holy-Bible---French---French-LXX-TheoTex---Standard-Edition.sqlite	LXX by P. GIGUET, TheoTex	Traduction de la LXX par P. GIGUET	French	Français	3768320
Holy-Bible---French---French-Louis-Segond-1910-Bible---Standard-Edition.sqlite	Louis Segond French Bible 1910	Louis Segond French Bible 1910	French	Français	4886528
Holy-Bible---French---French-Martin---Standard-Edition.sqlite	French Martin Bible	Bible Française Martin	French	Français	5120000
Holy-Bible---French---French-Oltramare-Bible---Standard-Edition.sqlite	New Testament, Oltramare	Nouveau Testament, Oltramare	French	Français	1196032
Holy-Bible---French---French-Ostervald-Bible---Standard-Edition.sqlite	Ostervald French Bible	Ostervald French Bible	French	Français	4866048
Holy-Bible---French---French-Perret-Gentil-Rilliet---Standard-Edition.sqlite	Perret-Gentil and Rilliet Bible	Bible Perret-Gentil et Rilliet	French	Français	4878336
Holy-Bible---French---French-Stapfer-Bible---Standard-Edition.sqlite	Stapher New Testament	Nouveau Testament de Stapfer	French	Français	1187840
Holy-Bible---French---French-Synodale-Bible---Standard-Edition.sqlite	Synodal New Testament and Psalms	Nouveau Testament et Psaumes, Synodale	French	Français	1478656
Holy-Bible---French---Geneva-Bible---Standard-Edition.sqlite	French Geneva Bible	Le Bible de Genève	French	Français	1208320
Holy-Bible---French---Vulgate-Glaire---Standard-Edition.sqlite	Glaire French Vulgate	French Vulgate Glaire	French	Français	5042176
Holy-Bible---Gamit---Gamit-Bible---Standard-Edition.sqlite	Gamit Bible	ગામીત નોવો કરાર	Gamit	Gamit	3133440
Holy-Bible---Gamo---Gamo-Bible---Standard-Edition.sqlite	Gamo Bible (Ethiopic)	ጌሻ ማጻፋ	Gamo	Gamotso	6189056
Holy-Bible---Gamo---Gamo-Bible-Latin---Standard-Edition.sqlite	Gamo Bible (Latin)	Geeshsha Mexaafa	Gamo	Gamotso	4579328
Holy-Bible---Gamotso---Gamo---Standard-Edition.sqlite	Gamo New Testament	Gamo Geesha Maxxafa	Gamotso	Gamotso	1073152
Holy-Bible---Gata---Gata-Didayi-Bible---Standard-Edition.sqlite	Gata Didayi Bible	ସତ୍‌ ଗାଲି	Gta Asa, Didayi	ଡିଡାୟୀ	3584000
Holy-Bible---Gayil---Gayl-Bible---Standard-Edition.sqlite	Goyil Bible	ክለ ጫቃ	Gayil	Gayil	1916928
Holy-Bible---Geji---Geji-Bible---Standard-Edition.sqlite	Geji Bible	Bùù Bible	Geji	Bùù	978944
Holy-Bible---German---German-Albrecht---Standard-Edition.sqlite	Albrecht New Testament and Psalms	Deutsche Neues Testament, Psalmen	German	Deutsch	1499136
Holy-Bible---German---German-Elberfelder-1871---Standard-Edition.sqlite	Elberfelder German Bible 1871	Deutsche Bibel, Elberfelder	German	Deutsch	5206016
Holy-Bible---German---German-Elberfelder-1905---Standard-Edition.sqlite	Elberfelder German Bible 1905	Deutsche Bibel, Elberfelder	German	Deutsch	4907008
Holy-Bible---German---German-Katholiche-Riessler---Standard-Edition.sqlite	Catholic Bible, Paul Riessler	Katholische Bibel, Paul Riessler	German	Deutsch	4599808
Holy-Bible---German---German-Kautzsch-Weizsacker---Standard-Edition.sqlite	Kautzsch Weizsäcker German Bible	Deutsche Bibel, Kautzsch und Weizsäcker	German	Deutsch	4898816
Holy-Bible---German---German-Luther-Bible-1545---Standard-Edition.sqlite	Luther German Bible 1545	Deutsche Bibel, Luther	German	Deutsch	4542464
Holy-Bible---German---German-Luther-Bible-1912---Standard-Edition.sqlite	Luther German Bible 1912	Deutsche Bibel, Luther	German	Deutsch	4657152
Holy-Bible---German---German-Menge---Standard-Edition.sqlite	Menge German Bible	Deutsche Bibel	German	Deutsch	5337088
Holy-Bible---German---German-Reinhardt-Bible---Standard-Edition.sqlite	The Gospels by Ludwig Reinhardt	Die Evangelien, Reinhardt	German	Deutsch	536576
Holy-Bible---German---German-Schlachter---Standard-Edition.sqlite	Schlachter German Bible	Deutsche Bibel	German	Deutsch	4804608
Holy-Bible---German---German-Tafel-Bible---Standard-Edition.sqlite	Tafel German Bible	Deutsche Bibel, Tafel	German	Deutsch	4096000
Holy-Bible---German---Open-Bible---Standard-Edition.sqlite	Open Bible, Study Version	Offene Bibel, Studienfassung	German	Deutsch	1421312
Holy-Bible---German---Zurich-Bible---Standard-Edition.sqlite	German Zurich Bible	Deutsche Zürcher Bibel	German	Deutsch	4784128
Holy-Bible---Ghanongga---Kubokota-Adapt-Bible---Standard-Edition.sqlite	Ghanongga Kubokota Adapt Bible	Ghanongga Kubokota Adapt Bible	Ghanongga	Ghanongga	1609728
Holy-Bible---Gikuyu---Kikuyu---Standard-Edition.sqlite	Kikuyu Bible	Kiugo Gĩtheru Kĩa Ngai Kĩhingũre	Gikuyu	Kikuyu	5529600
Holy-Bible---Glavda---Glavda-Bible---Standard-Edition.sqlite	Glavda Bible	Glavda Bible	Glavda	Galavda	724992
Holy-Bible---Gofa---Gofa-Bible---Standard-Edition.sqlite	Gofa New Testament	Gofa New Testament	Gofa	Goofa	1081344
Holy-Bible---Gofa---Gofa-Bible-Ethiopian---Standard-Edition.sqlite	Gofa Bible (Ethiopic)	ጌሻ ማፃፋ	Gofa	Goofa	5832704
Holy-Bible---Gofa---Gofa-Bible-Latin---Standard-Edition.sqlite	Gofa Bible (Latin)	Gofa Bible (Latin)	Gofa	Goofa	4128768
Holy-Bible---Gourma---Gourma-Bible---Standard-Edition.sqlite	Gourma Bible	Bible Gourma du Burkina Faso	Gourma	Gourmanchéma	1134592
Holy-Bible---Gourmantche---Gourmantche-Bible---Standard-Edition.sqlite	Gourmantche Bible	Bible Gourmantche du Togo	Gourmantche	Gourmanchéma	1073152
Holy-Bible---Gowlan---Gowlan-Bible---Standard-Edition.sqlite	Gowlan Bible	परमेश्वर को पवित्र वचन	Gowlan	Gowlan	2465792
Holy-Bible---Gowli---Gawli-Bible---Standard-Edition.sqlite	Gawli Bible	ದೆವಾಚಿ ಖರಿ ಕಬರ್	Gowli	Gowli	2945024
Holy-Bible---Greek---Greek-Antoniades---Standard-Edition.sqlite	Antoniades Patriarchal Edition	H Καινή Διαθήκη	Greek, Koine	Ελληνική	1703936
Holy-Bible---Greek---Greek-Byzantine---Standard-Edition.sqlite	Greek NT Byzantine	H Καινή Διαθήκη	Greek, Koine	Ελληνική	1867776
Holy-Bible---Greek---Greek-Byzantine-Majority---Standard-Edition.sqlite	Greek NT Byzantine / Majority Text	H Καινή Διαθήκη	Greek, Byzantine	Ελληνική	1699840
Holy-Bible---Greek---Greek-LXX-Septuagint---Standard-Edition.sqlite	Greek Septuagint LXX	H μετάφρασις τῶν Ἑβδομήκοντα	Greek, Koine	Ελληνική	6172672
Holy-Bible---Greek---Greek-Majority-Text---Standard-Edition.sqlite	Greek Majority Text NT	H Καινή Διαθήκη	Greek, Koine	Ελληνική	1699840
Holy-Bible---Greek---Greek-Modern-Kathareuousa---Standard-Edition.sqlite	Neophytos Vamvas Modern Greek	H Καινή Διαθήκη, Καθαρεύουσα	Greek, Kathareuousa	Ελληνική	8392704
Holy-Bible---Greek---Greek-Nestle---Standard-Edition.sqlite	Greek NT Nestle 1904	H Καινή Διαθήκη	Greek, Koine	Ελληνική	1839104
Holy-Bible---Greek---Greek-Pickering-Family-35---Standard-Edition.sqlite	Greek Pickering Family 35	H Καινή Διαθήκη	Greek, Koine	Ελληνική	1699840
Holy-Bible---Greek---Greek-SBL---Standard-Edition.sqlite	Greek NT SBL	H Καινή Διαθήκη	Greek, Koine	Ελληνική	1859584
Holy-Bible---Greek---Greek-STEPBible---Standard-Edition.sqlite	Greek NT STEP Bible	H Καινή Διαθήκη	Greek, Koine	Ελληνική	1998848
Holy-Bible---Greek---Greek-Scrivener---Standard-Edition.sqlite	Greek NT Scrivener	H Καινή Διαθήκη	Greek, Koine	Ελληνική	1703936
Holy-Bible---Greek---Greek-Statistical-Restoration---Standard-Edition.sqlite	Greek NT Statistical Restoration	H Καινή Διαθήκη	Greek, Koine	Ελληνική	1855488
Holy-Bible---Greek---Greek-Stephanus---Standard-Edition.sqlite	Greek NT Stephanus	H Καινή Διαθήκη	Greek, Koine	Ελληνική	1703936
Holy-Bible---Greek---Greek-TR-Stephanus-Scrivener---Standard-Edition.sqlite	Greek NT Textus Receptus Scrivener	H Καινή Διαθήκη	Greek, Koine	Ελληνική	1703936
Holy-Bible---Greek---Greek-Textus-Receptus---Standard-Edition.sqlite	Greek NT Textus Receptus	H Καινή Διαθήκη	Greek, Koine	Ελληνική	1712128
Holy-Bible---Greek---Greek-Textus-Receptus-Boyd---Standard-Edition.sqlite	Greek NT Textus Receptus Boyd	Η Καινή Διαθήκη	Greek, Koine	Ελληνική	1875968
Holy-Bible---Greek---Greek-Textus-Receptus-Elzevir---Standard-Edition.sqlite	Greek NT Textus Receptus Elzevir	H Καινή Διαθήκη	Greek, Koine	Ελληνική	1703936
Holy-Bible---Greek---Greek-Tischendorf---Standard-Edition.sqlite	Tischendorf Greek New Testament	H Καινή Διαθήκη	Greek, Koine	Ελληνική	1843200
Holy-Bible---Greek---Greek-Tregelles---Standard-Edition.sqlite	Greek NT Tregelles	H Καινή Διαθήκη	Greek, Koine	Ελληνική	1855488
Holy-Bible---Greek---Greek-Westcott-Hort---Standard-Edition.sqlite	Greek NT Westcott / Hort	H Καινή Διαθήκη	Greek, Koine	Ελληνική	1712128
Holy-Bible---Greek---Text-Critical---Standard-Edition.sqlite	Greek NT Text-Critical	H Καινή Διαθήκη	Greek, Koine	Ελληνική	1867776
Holy-Bible---Guduf-Gava---Guduf-Gava-Bible---Standard-Edition.sqlite	Guduf-Gava Bible	Gava Bible	Guduf-Gava	Guduf-Gava	294912
Holy-Bible---Gujarati---Gujarati-Bible---Standard-Edition.sqlite	Gujarati Bible	ગુજરાતી બાઇબલ	Gujarati	ગુજરાતી	10592256
Holy-Bible---Gujii---Guji-Oromo-Bible---Standard-Edition.sqlite	Guji Oromo Bible	Kitaaba Woyyuu	Gujii Oromo	Gujii Oromo	5025792
Holy-Bible---Haitian---Haitian-Creole-Bible---Standard-Edition.sqlite	Haitian Creole Bible	Kreyòl Ayisyen Bible	Haitian Creole	Kreyòl Ayisyen	4919296
Holy-Bible---Haitian---Haitian-Creole-Smith---Standard-Edition.sqlite	Smith Haitian Creole Bible	Bib Sen An	Haitian Creole	Kreyòl Ayisyen	4464640
Holy-Bible---Halbi---Halbi-Bible---Standard-Edition.sqlite	Halbi Bible	परमेस्वर को सच्चो वचन ख जाननू	Halbi	हलबी	2469888
Holy-Bible---Haryanvi---Haryanvi-Bible---Standard-Edition.sqlite	Haryanvi Bible	हरियाणवी बाइबिल	Haryanvi	हरियाणवी‎	2887680
Holy-Bible---Hausa---Contemporary---Standard-Edition.sqlite	Hausa Contemporary Bible	Littafi Mai Tsarki, Don Kowa	Hausa	Hausa	4493312
Holy-Bible---Hausa---Hausa-Bible---Standard-Edition.sqlite	Hausa New Testament	Littafi Mai Tsarki	Hausa	Hausa	1069056
Holy-Bible---Havu---Havu-Bible---Standard-Edition.sqlite	Havu Bible	Kihavu Bible	Havu	Kihavu	344064
Holy-Bible---Hawaiian---Hawaiian-Bible-1868---Standard-Edition.sqlite	Hawaiian Bible 1868	Baibala Hemolele	Hawaiian	Ōlelo Hawai'i	5025792
Holy-Bible---Hebrew---Hebrew-Aleppo-Codex---Standard-Edition.sqlite	Hebrew Aleppo Codex	כתבי הקודש	Hebrew	עברית	3121152
Holy-Bible---Hebrew---Hebrew-Aleppo-Miqra-Mesorah---Standard-Edition.sqlite	Miqra `al pi ha-Mesorah	מקרא על פי המסורה	Hebrew	עברית	5447680
Holy-Bible---Hebrew---Hebrew-Masoretic-OT---Standard-Edition.sqlite	Hebrew Masoretic Old Testament	כתבי הקודש	Hebrew	עברית	5996544
Holy-Bible---Hebrew---Hebrew-STEPBible---Standard-Edition.sqlite	Hebrew STEP Old Testament	כתבי הקודש	Hebrew	עברית	5963776
Holy-Bible---Hebrew---Hebrew-Westminster-Leningrad---Standard-Edition.sqlite	Westminster Leningrad Codex OT	כתבי הקודש	Hebrew	עברית	5951488
Holy-Bible---Hebrew---Hebrew-Westminster-Leningrad-Kimball---Standard-Edition.sqlite	Westminster Leningrad Cdx Kimball	כתבי הקודש	Hebrew	עברית	5435392
Holy-Bible---Hebrew---Living-Bible---Standard-Edition.sqlite	Hebrew Living New Testament	הברית החדשה/הדרך זכויות פתוחות	Hebrew	עברית	1445888
Holy-Bible---Hebrew---Modern-Hebrew-Bible---Standard-Edition.sqlite	Modern Hebrew Bible	תנ ך עברי מודרני	Hebrew	עברית	4276224
Holy-Bible---Hebrew---Salkinson-Hebrew-Bible---Standard-Edition.sqlite	Salkinson Hebrew Bible	הברית החדשה של סלקינסון	Hebrew	עברית	1953792
Holy-Bible---Hebrew---Westminster-Leningrad-Philadelphia---Standard-Edition.sqlite	Westminster Leningrad Cdx Phila	כתבי הקודש	Hebrew	עברית	5951488
Holy-Bible---Hindi---Contemporary---Standard-Edition.sqlite	Hindi Contemporary Version Bible	हिंदी समकालीन संस्करण-स्वतंत्र उपलब्धि	Hindi	हिन्दी	11415552
Holy-Bible---Hindi---Hindi-Bible---Standard-Edition.sqlite	Hindi Bible	पवित्र बाइबिल	Hindi	हिन्दी	10436608
Holy-Bible---Hona---Hwana-Bible---Standard-Edition.sqlite	Hwana Bible	Hona Bible	Hwana	Hona	1265664
Holy-Bible---Hre---Hre-Bible---Standard-Edition.sqlite	Hre Bible	Hset Hadròeh	Hre	Hset	1224704
Holy-Bible---Hruso---Hrusso-Angka-Bible---Standard-Edition.sqlite	Hruso Bible	Aka Bible	Hruso	Aka	172032
Holy-Bible---Hungarian---Hungarian-Jewish-Bible---Standard-Edition.sqlite	The Israeli-Hungarian Bible	Az Izraelita-Magyar Biblia	Hungarian	Magyar Nyelv	3452928
Holy-Bible---Hungarian---Hungarian-Karoli---Standard-Edition.sqlite	Revised Hungarian Bible 1908	Revideált Károli Biblia 1908	Hungarian	Magyar Nyelv	4751360
Holy-Bible---Hungarian---Magyar-Bible---Standard-Edition.sqlite	Hungarian Open New Testament	Nyitott Újszövetség	Hungarian	Magyar Nyelv	1130496
Holy-Bible---Icelandic---Open-Living-Word---Standard-Edition.sqlite	Icelandic Open Living Word	Opna Lifandi Orð	Icelandic	Íslenska	1556480
Holy-Bible---Igbo---Igbo-Bible---Standard-Edition.sqlite	The Igbo Holy Bible for Everyone	Baịbụlụ Nsọ n’Igbo Ndị Ugbu	Igbo	Igbo	5656576
Holy-Bible---Ikizu---Ikizu-Bible---Standard-Edition.sqlite	Ikizu Bible	Ʉbhʉragɨ Ubhuhya Mʉkɨgambʉ chi Ikikiizʉ	Ikizu	Kiikiizo	1470464
Holy-Bible---Ilocano---Ilocano-Bible---Standard-Edition.sqlite	Ilocano Bible	Ti Biblia	Ilocano	Ilocano	5419008
Holy-Bible---Ilonggo---Hiligaynon-Free-Bible---Standard-Edition.sqlite	Ilonggo Free Bible	Libre Ang Pulong Sang Dios	Ilonggo	Binisayâ	5345280
Holy-Bible---Indonesian---Bahasa-Indonesia-Sehari-hari---Standard-Edition.sqlite	Everyday Indonesian Bible	Bahasa Indonesia Sehari-hari	Indonesian	Bahasa Indonesia	5013504
Holy-Bible---Indonesian---For-All---Standard-Edition.sqlite	Indonesian Bible for All	Alkitab Gratis untuk Semua	Indonesian	Bahasa Indonesia	1372160
Holy-Bible---Indonesian---New-Indonesian-Translation---Standard-Edition.sqlite	Indonesian New Translation	Terjemahan Baru	Indonesian	Bahasa Indonesia	5275648
Holy-Bible---Indonesian---Simple---Standard-Edition.sqlite	Simple Indonesian Bible, 3rd Edition	Alkitab Sederhana Indonesia	Indonesian	Bahasa Indonesia	4128768
Holy-Bible---Irish---Odomhnuill-Modern---Standard-Edition.sqlite	Irish O'Domhnuill Modernized	Irish O'Domhnuill Modernized	Irish	Irish	192512
Holy-Bible---Isanzu---Isanzu-Bible---Standard-Edition.sqlite	Isanzu Bible	Kiisanzu Bible	Isanzu	Kiisanzu	1118208
Holy-Bible---Italian---Conferenza-Episcopale-Italiana---Standard-Edition.sqlite	Italian Catholic Church Bible	Conferenza Episcopale Italiana	Italian	Italiano	4456448
Holy-Bible---Italian---Italian-Giovanni-Diodati-Bible---Standard-Edition.sqlite	Diodati Italian Bible 1649	Diodati Italiano Bibbia	Italian	Italiano	4894720
Holy-Bible---Italian---Italian-Riveduta-Bible---Standard-Edition.sqlite	Riveduta Italian Bible 1927	Riveduta Italiano Bibbia	Italian	Italiano	4751360
Holy-Bible---Janji---Janji-Bible---Standard-Edition.sqlite	Janji Bible	Janji Bible	Janji	Ajanji	1028096
Holy-Bible---Japanese---Japanese-Bungo-yaku---Standard-Edition.sqlite	Japanese Bungo-yaku / Taisho-kaiyaku	大正改訳「新約聖書」	Japanese	日本語	4841472
Holy-Bible---Japanese---Japanese-Electronic-Network-Bible---Standard-Edition.sqlite	Japanese Electronic Network Bible	日本の電子ネットワーク聖書	Japanese	日本語	1056768
Holy-Bible---Japanese---Japanese-Kougo-yaku---Standard-Edition.sqlite	Japanese Kougo-yaku, Colloquial	口語訳「聖書」	Japanese	日本語	5931008
Holy-Bible---Japanese---Japanese-Meiji-yaku---Standard-Edition.sqlite	Japanese Meiji-yaku 1953	明治元訳「舊約聖書」	Japanese	日本語	1626112
Holy-Bible---Japanese---Japanese-Raguet-yaku---Standard-Edition.sqlite	Japanese Raguet-yaku 1910	ラゲ訳「我主イエズスキリストの新約聖書」	Japanese	日本語	1191936
Holy-Bible---Japanese---New-Japanese-New-Testament---Standard-Edition.sqlite	Japanese New Testament 1965	新改訳新約聖書	Japanese	日本語	1552384
Holy-Bible---Jumjum---Jumjum-Bible---Standard-Edition.sqlite	Jumjum Bible	Meeŋka Jooŋ	Jumjum	Jumjum	425984
Holy-Bible---Juray---Juray-Bible---Standard-Edition.sqlite	Juray Bible	ଆଜାଡ଼ି ତଙରନ୍‌	Juray	Juray	3936256
Holy-Bible---Kamano---Kamano-Kafe---Standard-Edition.sqlite	Kamano-Kafe Bible	Anumzamofo Ruotage Avontafere	Kamano	Kamano-Kafe	6017024
Holy-Bible---Kannada---Indian-Revised-Version---Standard-Edition.sqlite	Kannada Indian Revised Version	ಇಂಡಿಯನ್ ರಿವೈಜ್ಡ್ ವರ್ಸನ್	Kannada	ಕನ್ನಡ	11591680
Holy-Bible---Kannada---Open-Contemporary---Standard-Edition.sqlite	Kanada Open Contemporary Bible	ಉಚಿತ ಕನ್ನಡ ಸಮಕಾಲಿಕ ಭಾಷಾಂತರ	Kannada	ಕನ್ನಡ	11726848
Holy-Bible---Kannada---Siddi-Bible---Standard-Edition.sqlite	Siddi Bible	ದೆವಾಚಿ ಖರಿ ಖಬರ್	Kannada	ಕನ್ನಡ	3502080
Holy-Bible---Kapin---Kapin-Bible---Standard-Edition.sqlite	Kapin Bible	Kapin Bible	Kapin	Kapin	843776
Holy-Bible---Kara---Kara-Bible---Standard-Edition.sqlite	Kara Bible	Kikara Bible	Kara	Kikara	1179648
Holy-Bible---Kiche---Totonicapan---Standard-Edition.sqlite	K’iche’ of Totonicapan NT	Ri Kꞌakꞌ Testamento Pa Tzijobꞌal Kꞌicheꞌ	K'iche'	Qach’abel	1429504
Holy-Bible---Kinga---Mahanji-Bible---Standard-Edition.sqlite	Kinga Bible	Mahanji Bible	Kinga	Mahanji	1142784
Holy-Bible---Kisi---Kisi-Bible---Standard-Edition.sqlite	Kisi Bible	Kese Bible	Kisi	Kese	1208320
Holy-Bible---Kituba---Kituba-Bible---Standard-Edition.sqlite	Kituba Bible	Mambu ya Nzambi	Kituba	Monokutuba	5672960
Holy-Bible---Kizalamo---Zaramo-Kizalamo-Bible---Standard-Edition.sqlite	Kizalamo Bible	Bibilia ya Kizalamo	Kizalamo	Zaramo	1597440
Holy-Bible---Koda---Koda-Bible---Standard-Edition.sqlite	Koda Bible	কড়া অনুবাদ	Koda	কোডা	1585152
Holy-Bible---Kolami-Southeastern---Kolami-Bible---Standard-Edition.sqlite	Southeastern Kolami Bible	కొత్త కరార్	Kolami, Southeastern	కొలామి	2867200
Holy-Bible---Konda-Dora---Konda-Porja-Bible---Standard-Edition.sqlite	Konda-Dhora Bible	ମାପୁରୁଦି ସତ୍‌ ବାକ୍ୟ	Konda-Dhora	କୋଣ୍ଡା	3567616
Holy-Bible---Korean---Korean-1910---Standard-Edition.sqlite	Korean 1910 Bible	개역성경	Korean	한국어	5009408
Holy-Bible---Korean---Korean-RV---Standard-Edition.sqlite	Korean Revised Version	개역성경	Korean	한국어	5062656
Holy-Bible---Korean---Korean-Revised-Version---Standard-Edition.sqlite	Korean Revised Bible	개역성경	Korean	한국어	5009408
Holy-Bible---Kosraean---Kosraean-Bible---Standard-Edition.sqlite	Kosraean Bible	Baibel Mutal ke Kas Kusaie	Kosraean	Kusaiean	4620288
Holy-Bible---Koya---Koya-Bible---Standard-Edition.sqlite	Koya Bible	ପୁନାଦ୍ ଆର୍ର୍	Koya	କୋୟା	3641344
Holy-Bible---Kuhane---Kuhane-Bible---Standard-Edition.sqlite	Kuhane Bible	Chikuahane Bible	Kuhane	Chikuahane	1093632
Holy-Bible---Kurama---Kurama-Akurumi-Bible---Standard-Edition.sqlite	Kurama Akurumi Bible	T'kurmi Bible	Kurama	T'kurmi	135168
Holy-Bible---Kurdish---Sorani-Bible---Standard-Edition.sqlite	Kurdish Sorani Bible	وەشانی بێبەرامبەری کوردیی سۆرانیی ستاندەر	Kurdish, Central	كوردی سۆرانی	7004160
Holy-Bible---Kutu---Kutu-Bible---Standard-Edition.sqlite	Kutu Bible	Lagano da Sambi kwa Wanhu Wose	Kutu	Kutu	1142784
Holy-Bible---Kuturmi---Kuturmi-Bible---Standard-Edition.sqlite	Kuturmi Bible	Ibiro-Ikryo Bible	Kuturmi	Ibiro-Ikryo	180224
Holy-Bible---Kuvi---Kuvi-Bible---Standard-Edition.sqlite	New Testament in Kuvi	ପୁଃନି ମେ଼ରା	Kuvi	କୁଭି, କୁୱି	3190784
Holy-Bible---Latin---Clementine-Vulgate-1598---Standard-Edition.sqlite	Clementine Vulgate 1598	Bibbia Vulgata Clementina	Latin	Latine	4071424
Holy-Bible---Latin---Clementine-Vulgate-Conte---Standard-Edition.sqlite	Clementine Vulgate, Conte	Bibbia Vulgata Clementina	Latin	Latine	4067328
Holy-Bible---Latin---Clementine-Vulgate-Hetzenauer---Standard-Edition.sqlite	Clementine Vulgate, Hetzenauer	Bibbia Vulgata Clementina	Latin	Latine	4067328
Holy-Bible---Latin---Clementine-Vulgate-Tweedale---Standard-Edition.sqlite	Clementine Vulgate, Tweedale	Bibbia Vulgata Clementina	Latin	Latine	4067328
Holy-Bible---Latin---Vulgata-Sistina---Standard-Edition.sqlite	Sistina Vulgate Bible	Bibbia Vulgata Sistina	Latin	Latine	4075520
Holy-Bible---Latin---Vulgate-Jerome---Standard-Edition.sqlite	Jerome Vulgate Bible	Bibbia Vulgata Jerome	Latin	Latine	3915776
Holy-Bible---Latvian---Latvian-Gluck-Bible---Standard-Edition.sqlite	Latvian Glück Bible 8th edition	Latviešu Glück Bībele	Latvian	Latviešu	4521984
Holy-Bible---Lingala---Lingala-Bible---Standard-Edition.sqlite	Lingala Bible	Mokanda na Bomoi	Lingala	Lingála	5144576
Holy-Bible---Lithuanian---Believers-Heritage---Standard-Edition.sqlite	Lithuanian Believers Heritage	Tikinčiųjų Paveldo Vertimas	Lithuanian	Lietuvių	356352
Holy-Bible---Lithuanian---Open-Lithuanian-Bible---Standard-Edition.sqlite	Open Lithuanian Scriptures	Naudojimo Teisės Atviros	Lithuanian	Lietuvių	307200
Holy-Bible---Lodhi---Lodhi-Bible---Standard-Edition.sqlite	Lodhi New Testament	परमेश्वर को सच्चो वचन	Lodhi	लोधी	4878336
Holy-Bible---Luganda---Luganda-Bible---Standard-Edition.sqlite	Luganda Bible	Bayibuli Entukuvu	Luganda	Luganda	4820992
Holy-Bible---Lungga---Lungga-Bible---Standard-Edition.sqlite	Lungga Bible	Luqa Bible	Lungga	Luqa	1880064
Holy-Bible---Luyana---Luyana-Bible---Standard-Edition.sqlite	Luyana Bible	Luyi Bible	Luyana	Luyi	1167360
Holy-Bible---Mahasu-Pahari---Baghlayani-Bible---Standard-Edition.sqlite	Mahasu Pahari Baghlayani Bible	बघल्याणी नवां विधान	Mahasu Pahari	बघल्याणी	2715648
Holy-Bible---Makhuwa-Meetto---Makua-Bible---Standard-Edition.sqlite	Makhuwa-Meetto Bible	Makua Bible	Makhuwa-Meetto	Makua	1282048
Holy-Bible---Malagasy---Malagasy-Bible---Standard-Edition.sqlite	Malagasy Bible 1865	Soratra Masina	Malagasy	Malagasy	5165056
Holy-Bible---Malagasy---Tandroy-Mahafaly-Bible---Standard-Edition.sqlite	Malagasy Tandroy-Mahafaly Bible	Saontsin’ Añahare, Madagascar	Malagasy, Tandroy-Mahafaly	Tandroy	4681728
Holy-Bible---Malayalam---1910-Contemporary---Standard-Edition.sqlite	Malayalam Bible 1910 Modern	മലയാളം ബൈബിള്‍ 1910 Modern	Malayalam	മലയാളം	12087296
Holy-Bible---Malayalam---Contemporary---Standard-Edition.sqlite	Malayalam Contemporary Bible	സമകാലിക മലയാളവിവർത്തനം	Malayalam	മലയാളം	13373440
Holy-Bible---Malayalam---Malayalam-Bible---Standard-Edition.sqlite	Malayalam Indian Revised Bible	മലയാളം ബൈബിള്‍	Malayalam	മലയാളം	12410880
Holy-Bible---Malayalam---Malayalam-Bible-1910---Standard-Edition.sqlite	Malayalam Bible 1910	മലയാളം ബൈബിള്‍ 1910	Malayalam	മലയാളം	12075008
Holy-Bible---Male---Maale-Bible---Standard-Edition.sqlite	Maale Bible (Ethiopic)	ጌኤዦ ማፃኣፖ	Male	Maale	7290880
Holy-Bible---Manipuri---Meitei-Bible---Standard-Edition.sqlite	Manipuri Bible	Meitei Bible	Manipuri	Meitei	1400832
Holy-Bible---Maori---Maori-Bible---Standard-Edition.sqlite	Maori Bible	Te Paipera Tapu	Māori	Māori	5029888
Holy-Bible---Marathi---Marathi-Bible---Standard-Edition.sqlite	Marathi Indian Revised Bible	राठी बायबल	Marathi	मराठी	11501568
Holy-Bible---Marathi---Marathi-Indian-Bible---Standard-Edition.sqlite	Marathi Contemporary Bible	मराठी समकालीन स्वतंत्र संस्करण	Marathi	मराठी	11550720
Holy-Bible---Marghi-South---Marghi-South-Bible---Standard-Edition.sqlite	Marghi South Bible	Ndǝshiguˈyar Foɗǝu Ənga Thlǝr Camaˈyar	Marghi South	Marghi South	1007616
Holy-Bible---Matengo---Amatengu-Bible---Standard-Edition.sqlite	Matengo Bible	Amatengu Bible	Matengo	Matengo	1204224
Holy-Bible---Matumbi---Matumbi-Bible---Standard-Edition.sqlite	Matumbi Kimatuumbi Bible	Injili ya Yesu	Matumbi	Kimatuumbi	811008
Holy-Bible---Mbe---Mbe-Bible---Standard-Edition.sqlite	Mbe Bible	M̀bè Mbembe Okohm	Mbe	M̀bè	1675264
Holy-Bible---Mbula-Bwazza---Mbula-Bwazza-Bible---Standard-Edition.sqlite	Mbula-Bwazza Bible	Ɓwázà Bible	Mbula-Bwazza	Ɓwázà	3174400
Holy-Bible---Melo---Melo-Bible---Standard-Edition.sqlite	Melo Ethiopic Bible	ኦሮꬅ ጫቆ	Melo	Malo	1449984
Holy-Bible---Mori-Atas---Mori-Atas-Bible---Standard-Edition.sqlite	Mori Atas Bible	Alkitab Tambee	Mori Atas	Upper Mori	217088
Holy-Bible---Mpoto---Mpoto-Bible---Standard-Edition.sqlite	Mpoto Bible	Chimpoto	Mpoto	Mpoto	1347584
Holy-Bible---Mum---Mum-Bible---Standard-Edition.sqlite	Mum Bible	Kuyu Avi Matyu Yɨhimbɨvɨrami	Mum	Katiati	266240
Holy-Bible---Munda---Munda-Bible---Standard-Edition.sqlite	Munda New Testament	ପାର୍‌ମେଶ୍ୱାର୍‌ଆଃ ଜୀନିଦ୍‌ ବାଚାନ୍‌	Munda	ମୁଣ୍ଡାରୀ	3665920
Holy-Bible---Mwaghavul---Mwaghavul-Bible---Standard-Edition.sqlite	Mwaghavul Sura Bible	Manji Yiljep	Mwaghavul	Sura	741376
Holy-Bible---Mwera---Mwera-Bible---Standard-Edition.sqlite	Mwera Bible	Malagano ga Ambi	Mwera	Mwera	1286144
Holy-Bible---Myanmar---Burmese-Common-Bible---Standard-Edition.sqlite	Burmese Common Language Bible	ခေတ်သုံးမြန်မာသမ္မာကျမ်း	Myanmar Burmese	မြန်မာဘာသာ	19025920
Holy-Bible---Myanmar---Burmese-Judson---Standard-Edition.sqlite	Myanmar Burmese Judson Text	မြန်မာယုဒသန်သမ္မာကျမ်း	Myanmar Burmese	မြန်မာဘာသာ	13344768
Holy-Bible---Myanmar---Myanmar-Burmese-Judson---Standard-Edition.sqlite	Myanmar Burmese Judson Bible	မြန်မာယုဒသန်သမ္မာကျမ်း	Myanmar Burmese	မြန်မာဘာသာ	12922880
Holy-Bible---Naga-Pidgin---Nagamese-Bible---Standard-Edition.sqlite	Nagamese Bible	Indian Standard Version Nagamese	Naga, Pidgin	Nagamiz	1282048
Holy-Bible---Naga-Tutsa---Tutsa-Naga-Bible---Standard-Edition.sqlite	Tutsa Naga Bible	Esa Leedap Ena Banlam	Naga, Tutsa	Totcha	1323008
Holy-Bible---Ncane---Ncane-Bible---Standard-Edition.sqlite	Ncane Bible	Nchane Bible	Ncane	Nchane	1495040
Holy-Bible---Ndebele---Accessible-Bible---Standard-Edition.sqlite	Ndebele Accessible Bible	Ibhayibhili Elifinyelelekayo	Ndebele	Ndebele	4538368
Holy-Bible---Ndebele---Ndebele-Bible---Standard-Edition.sqlite	Ndebele Bible	Ndebele Bible	Ndebele	Ndebele	4390912
Holy-Bible---Ndendeule---Ndendeule-Bible---Standard-Edition.sqlite	Ndendeule Bible	Ndendeule Bible	Ndendeule	Ndendeule	1335296
Holy-Bible---Ndengereko---Ndengereko-Bible---Standard-Edition.sqlite	Ndengereko Bible	Kindengereko Bible	Ndengereko	Kindengereko	1073152
Holy-Bible---Ndonde-Hamba---Ndonde-Hamba-Bible---Standard-Edition.sqlite	Ndonde Hamba Bible	Ndondehamba	Ndonde Hamba	Ndondehamba	196608
Holy-Bible---Ndwewe---Ndwewe-Bible---Standard-Edition.sqlite	Ndwewe Bible	Ruvuma Bible	Ndwewe	Ndwewe	1368064
Holy-Bible---Nend---Mark---Standard-Edition.sqlite	Mark in Nend	MAK Yakŋ Ohɨrand Ya Imbɨr Makɨv Mpamar	Nend	Nend	172032
Holy-Bible---Nepali---Nepali-Bible---Standard-Edition.sqlite	Nepali Bible	पवित्र बाइबल	Nepali	नेपाली	11702272
Holy-Bible---Nepali---Nepali-Contemporary---Standard-Edition.sqlite	Nepali Contemporary Bible	नेपाली समकालीन सर्वसुलभ संस्करण	Nepali	नेपाली	11649024
Holy-Bible---Ngoni---Ngoni-Bible---Standard-Edition.sqlite	Ngoni New Testament	Ngoni New Testament	Ngoni	Chingoni	1216512
Holy-Bible---Nkangala---Nkangala-Bible---Standard-Edition.sqlite	Nkangala Bible	Nkangala Bible	Nkangala	Nkangala	1040384
Holy-Bible---Norwegian---Living-Bible---Standard-Edition.sqlite	Norwegian Living New Testament	Open En Levende Bok	Norwegian Bokmal	Norsk Bokmål	1286144
Holy-Bible---Norwegian---Norwegian-Bible---Standard-Edition.sqlite	Norwegian Bible	Norsk Bibel	Norwegian Bokmal	Norsk Bokmål	4321280
Holy-Bible---Norwegian---Norwegian-Student-Bible---Standard-Edition.sqlite	Norwegian Student Bible	Fyre Car, Studentmållagsbibelen	Norwegian Nynorsk	Norsk Nynorsk	4341760
Holy-Bible---Oriya---Oriya-Bible---Standard-Edition.sqlite	Oriya Bible	ଓଡିଆ ବାଇବେଲ	Oriya	ଓଡ଼ିଆ	11849728
Holy-Bible---Oromo---New-World---Standard-Edition.sqlite	New Oromo Contemporary Version	Hiikkaa Ammayyaa Banamaa Haaraa	Oromo, West Central	Afaan Oromoo	4976640
Holy-Bible---Oromo---West-Central-Oromo-Bible---Standard-Edition.sqlite	West Central Oromo Bible	ሂካ አመያ በነማ ሃራ, ሎቆደ ዽኣ	Oromo, West Central	Afaan Oromoo	6324224
Holy-Bible---Oyda---Oyda-Bible-Latin---Standard-Edition.sqlite	Oyda Bible (Latin)	Kille Caaqo	Oyda	Oyda	1073152
Holy-Bible---Oyda---Oyde-Bible-Ethiopic---Standard-Edition.sqlite	Oyda Bible (Ethiopic)	ክለ ጫቆ	Oyda	Oyda	1445888
Holy-Bible---Padoe---Padoe-Bible---Standard-Edition.sqlite	Padoe Bible	Akitab Padoe	Padoe	Padoe	200704
Holy-Bible---Palaung-Shwe---Shwe-Palaung-Bible---Standard-Edition.sqlite	Shwe Palaung Bible	ပလောင်ဘာသာ	Palaung, Shwe	ပလောင်ဘာသာ	299008
Holy-Bible---Panjabi---Punjabi-Bible---Standard-Edition.sqlite	Punjabi Bible	ਪੰਜਾਬੀ ਬਾਈਬਲ	Panjabi, Eastern	ਪੰਜਾਬੀ	10792960
Holy-Bible---Pengo---Pengo-Bible---Standard-Edition.sqlite	Pengo Bible	ସତ୍‌ ବଚନ୍‌	Pengo	Pengu	3362816
Holy-Bible---Persian---Old-Persion-Version-Bible---Standard-Edition.sqlite	Old Persion Version Bible	ترجمه قدیم	Persian	فارسی	6356992
Holy-Bible---Persian---Open-Contemporary---Standard-Edition.sqlite	Open Persian Contemporary Bible	فارسی	Persian	فارسی	6881280
Holy-Bible---Pogolo---Pogoro-Bible---Standard-Edition.sqlite	Pogoro New Testament	Lipatanu Lya Syayi, Wantu Woseri	Pogolo	Pogolo	1253376
Holy-Bible---Pohnpeian---Pohnpeian-NT-Psalms-New-Alphabet---Standard-Edition.sqlite	Pohnpeian NT, Psalms: New Alpha	Kadede Kap Psam Akan	Pohnpeian	Pohnpeian	1228800
Holy-Bible---Pohnpeian---Pohnpeian-NT-Psalms-Old-Alphabet---Standard-Edition.sqlite	Pohnpeian NT, Psalms: Old Alpha	Kadede Kap Pjam Akan	Pohnpeian	Pohnpeian	1204224
Holy-Bible---Polci---Polci-Bible---Standard-Edition.sqlite	Polci Bible	Zul Pəlci Bible	Polci	Pəlci	942080
Holy-Bible---Polish---Open-Access-Word-of-Life---Standard-Edition.sqlite	Polish Open Access Word of Life	Słowo Życia, Otwarty Dostęp	Polish	Polskie	1138688
Holy-Bible---Polish---Polish-Gdansk---Standard-Edition.sqlite	Polish Gdansk Bible 1881	Święta Biblia	Polish	Polskie	4562944
Holy-Bible---Polish---Polish-Updated-Gdansk---Standard-Edition.sqlite	Polish Updated Gdansk Bible	Święta Biblia	Polish	Polskie	4468736
Holy-Bible---Portuguese---Almeida-Bible-1911---Standard-Edition.sqlite	Portuguese Bible 1911	Ferreira de Almeida Bíblia	Portuguese	Língua Portuguesa	4493312
Holy-Bible---Portuguese---Almeida-NewOrthography---Standard-Edition.sqlite	Portuguese Bible 1911, New Spelling	Almeida Bíblia, Ortografia Nova	Portuguese	Língua Portuguesa	4476928
Holy-Bible---Portuguese---Biblia-Livre---Standard-Edition.sqlite	Free Portuguese Bible	Bíblia Livre Portuguesa	Portuguese	Língua Portuguesa	4448256
Holy-Bible---Portuguese---Free-for-All---Standard-Edition.sqlite	Portuguese Free Bible for All	Biblia Livre Para Todos	Portuguese	Língua Portuguesa	1232896
Holy-Bible---Portuguese---New-Open-Access---Standard-Edition.sqlite	New Open Access Bible	Bíblia Nova Versão de Acesso Livre	Portuguese	Língua Portuguesa	4628480
Holy-Bible---Portuguese---Open-New-Bible---Standard-Edition.sqlite	Portuguese Open New Living Bible	Open Nova Bíblia Viva	Portuguese	Língua Portuguesa	5025792
Holy-Bible---Portuguese---Portuguese-Trans-Trans---Standard-Edition.sqlite	Portuguese Bible for Translators	Tradução para Tradutores	Portuguese	Língua Portuguesa	1978368
Holy-Bible---Portuguese---World-Portuguese-Bible---Standard-Edition.sqlite	World Portuguese Bible	Bíblia Portuguesa Mundial	Portuguese	Língua Portuguesa	4608000
Holy-Bible---Potawatomi---Potawatomi-Bible---Standard-Edition.sqlite	Potawatomi Bible	Potawatomi Bible	Potawami	Potawami	315392
Holy-Bible---Powari---Powari-Bible---Standard-Edition.sqlite	Powari Bible	सत मारग पर चलन वारो किताब	Powari	Powari	1769472
Holy-Bible---Rakhine---Rakhine-Bible---Standard-Edition.sqlite	Rakhine Bible	ဓမ္မသစ်ကျမ်း ရခိုင်ဘာသာစကား	Rakhine	ရခိုင်ဘာသာ	3899392
Holy-Bible---Rangi---Rangi-Bible---Standard-Edition.sqlite	Rangi Bible	Kɨlaangi	Rangi	Kɨlaangi	1458176
Holy-Bible---Reli---Reli-Bible---Standard-Edition.sqlite	Reli Bible	సొత్తొ పురువురొ పవిత్రొ కొత	Reli	Reli	1323008
Holy-Bible---Rohingya---Kitabul-Mukaddos-Bible---Standard-Edition.sqlite	Rohingya Kitabul Mukaddos	Ruáingga Injil Córif	Rohingya	Ruáingga	1355776
Holy-Bible---Rohingya---Rohingya-Bible---Standard-Edition.sqlite	Rohingya Bible	Ruáingga Bible	Rohingya	Ruáingga	851968
Holy-Bible---Romani---Balkans-Arli-Bible---Standard-Edition.sqlite	Romani Balkans Arli Bible	Balkaniko Romanes Arli Bible	Romani, Balkan	Balkaniko Romanes	1142784
Holy-Bible---Romani---Eastern-Vlakh---Standard-Edition.sqlite	Eastern Vlakh Romani	Библия пэ влахицко романи шыб	Romani Vlax, Eastern	Eastern Romani	888832
Holy-Bible---Romani-Vlax---Arli-Luke---Standard-Edition.sqlite	Arli Luke	Arli Luka	Romani Vlax, Arli	Arli Romani	176128
Holy-Bible---Romani-Vlax---Chergash-Luke---Standard-Edition.sqlite	Chergash Bible	Romani Čergarsko čhib Srbija	Romani Vlax, Chergash	Chergash Romani	1175552
Holy-Bible---Romani-Vlax---Gurbet-Luke---Standard-Edition.sqlite	Gurbet Bible	Gurbetsko dijalekt Srbija	Romani Vlax, Gurbet	Gurbet Romani	1142784
Holy-Bible---Romani-Vlax---Lovaric-Bible---Standard-Edition.sqlite	Romani Lovari Bible	Библия пэ ловарицко романы щиб	Romani Vlax, Lovari	Lovari Romani	389120
Holy-Bible---Romani-Vlax---Servi-Bible---Standard-Edition.sqlite	Servi Romani Bible	Библия пы сэрвицко ромско чиб	Romani Vlax, Servi	Servi Romani	880640
Holy-Bible---Romanian---BTF-Bible---Standard-Edition.sqlite	Romanian Faithful Translation	Biblia Traducerea Fidela	Romanian	Română	4874240
Holy-Bible---Romanian---Bayash-Luke---Standard-Edition.sqlite	Bayash Luke	Luka	Romanian	Bayash	188416
Holy-Bible---Romanian---Cyrillic---Standard-Edition.sqlite	Romanian Bible (Cyrillic)	Библия Думитру Корнилеску 1924	Romanian	Română	7618560
Holy-Bible---Romanian---Free-Bible---Standard-Edition.sqlite	Romanian Free Holy Bible	Liber Sfanta Biblie	Romanian	Română	1142784
Holy-Bible---Romanian---Ludari-Luke---Standard-Edition.sqlite	Ludari Luke	Ludari Luka	Romanian	Ludari	188416
Holy-Bible---Rote-Dela---Rote-Dela-Bible---Standard-Edition.sqlite	Rote Dela Bible	Rote Dela Alkitab	Rote Dela	Dela–Oenale	1974272
Holy-Bible---Russian---Russian-Synodal-Translation---Standard-Edition.sqlite	Russian Synodal Translation	Синодальный перевод	Russian	русский	6762496
Holy-Bible---Saafi-Saafi---Saafi-Saafi-Bible---Standard-Edition.sqlite	Safene Bible	Saafi-Saafi Bible	Safene	Saafi-Saafi	1527808
Holy-Bible---Safwa---Safwa-Bible---Standard-Edition.sqlite	Safwa Bible	Biblia Takatifu	Safwa	Kisafwa	1036288
Holy-Bible---Sakachep---Sakachep-Bible---Standard-Edition.sqlite	Sakachep Bible	Pathien Lekhabu Inthieng Chongtung Thar	Sakachep	Sakechep	1249280
Holy-Bible---Sanga---Sanga-Bible---Standard-Edition.sqlite	Sanga Bible	Isanga Bible	Sanga	Isanga	335872
Holy-Bible---Sankaran-Maninka---Alla-la-Kitabu-Seniman---Standard-Edition.sqlite	Sankaran Maninka Bible	Alla la Kitabu Seniman	Sankaran Maninka	Sankaran Malinke	1400832
Holy-Bible---Sanskrit---Assamese-Script---Standard-Edition.sqlite	Sanskrit New Testament, Assamese	অসমীয়া	Sanskrit	অসমীয়া	2555904
Holy-Bible---Sanskrit---Bengali-Script---Standard-Edition.sqlite	Sanskrit New Testament, Bengali	বাংলা	Sanskrit	বাংলা	2555904
Holy-Bible---Sanskrit---Burmese-Script---Standard-Edition.sqlite	Sanskrit New Testament, Burmese	မြန်မာဘာသာ	Sanskrit	မြန်မာဘာသာ	2506752
Holy-Bible---Sanskrit---Cologne-Script---Standard-Edition.sqlite	Sanskrit New Testament, Cologne	satyavEdaH	Sanskrit	satyavEdaH	1077248
Holy-Bible---Sanskrit---Devanagari-Script---Standard-Edition.sqlite	Sanskrit New Testament, Devanagari	देवनागरी	Sanskrit	देवनागरी	2600960
Holy-Bible---Sanskrit---Gujarati-Script---Standard-Edition.sqlite	Sanskrit New Testament, Gujarati	ગુજરાતી	Sanskrit	ગુજરાતી	2588672
Holy-Bible---Sanskrit---Harvard-Kyoto-Script---Standard-Edition.sqlite	Sanskrit NT, Harvard-Kyoto	Sanskrit NT, Harvard-Kyoto	Sanskrit	Harvard-Kyoto	1077248
Holy-Bible---Sanskrit---IAST-Script---Standard-Edition.sqlite	Sanskrit New Testament, IAST	Sanskrit New Testament, IAST	Sanskrit	IAST	1290240
Holy-Bible---Sanskrit---ISO-Script---Standard-Edition.sqlite	Sanskrit New Testament, ISO	Sanskrit New Testament, ISO	Sanskrit	ISO	1327104
Holy-Bible---Sanskrit---ITRANS-Script---Standard-Edition.sqlite	Sanskrit New Testament, ITRANS	Sanskrit New Testament, ITRANS	Sanskrit	ITRANS	1126400
Holy-Bible---Sanskrit---Kannada-Script---Standard-Edition.sqlite	Sanskrit New Testament, Kannada	ಕನ್ನಡ	Sanskrit	ಕನ್ನಡ	2588672
Holy-Bible---Sanskrit---Khmer-Script---Standard-Edition.sqlite	Sanskrit New Testament, Khmer	អក្សរខ្មែរ	Sanskrit	អក្សរខ្មែរ	2605056
Holy-Bible---Sanskrit---Malayalam-Script---Standard-Edition.sqlite	Sanskrit New Testament, Malayalam	മലയാളം	Sanskrit	മലയാളം	2539520
Holy-Bible---Sanskrit---Oriya-Script---Standard-Edition.sqlite	Sanskrit New Testament, Oriya	ଓଡ଼ିଆ	Sanskrit	ଓଡ଼ିଆ	2588672
Holy-Bible---Sanskrit---Punjabi-Script---Standard-Edition.sqlite	Sanskrit New Testament, Punjabi	ਪੰਜਾਬੀ	Sanskrit	ਪੰਜਾਬੀ	2637824
Holy-Bible---Sanskrit---Sinhala-Script---Standard-Edition.sqlite	Sanskrit New Testament, Sinhala	සිංහල	Sanskrit	සිංහල	2703360
Holy-Bible---Sanskrit---Tamil-Script---Standard-Edition.sqlite	Sanskrit New Testament, Tamil	தமிழ்	Sanskrit	தமிழ்	2949120
Holy-Bible---Sanskrit---Telugu-Script---Standard-Edition.sqlite	Sanskrit New Testament, Telugu	తెలుగు	Sanskrit	తెలుగు	2588672
Holy-Bible---Sanskrit---Thai-Script---Standard-Edition.sqlite	Sanskrit New Testament, Thai	วิกิพีเดียภาษาไทย	Sanskrit	วิกิพีเดียภาษาไทย	2609152
Holy-Bible---Sanskrit---Tibetan-Script---Standard-Edition.sqlite	Sanskrit New Testament, Tibetan	ལྷ་སའི་སྐད་	Sanskrit	ལྷ་སའི་སྐད་	2351104
Holy-Bible---Sanskrit---Urdu-Script---Standard-Edition.sqlite	Sanskrit New Testament, Urdu	اردو	Sanskrit	اردو	2228224
Holy-Bible---Sanskrit---Velthuis-Script---Standard-Edition.sqlite	Sanskrit New Testament, Velthuis	Sanskrit New Testament, Velthuis	Sanskrit	Velthuis	1294336
Holy-Bible---Sari---Sari-Bible---Standard-Edition.sqlite	Saari Bible	Nsari Bible	Saari	Nsari	1495040
Holy-Bible---Satawalese---Satawalese-Bible---Standard-Edition.sqlite	Satawalese Bible	Pwapwior we e Santus	Satawalese	Satawalese	626688
Holy-Bible---Scots-Gaelic---Scots-Gaelic-Gospel-Mark---Standard-Edition.sqlite	Scots Gaelic Gospel of Mark	Gàidhlig Soisgeul	Scots Gaelic	Gàidhlig	114688
Holy-Bible---Serbian---Karadzic-Danicic-Latin-Script---Standard-Edition.sqlite	Serbian Bible, Karadzic/Danicic, Latin	Sveta Pismo	Serbian	Srpski	3809280
Holy-Bible---Serbian---Serbian-Ekavski-Bible---Standard-Edition.sqlite	Serbian Bible, Karadzic/Danicic	Сербиан Библе, Даничић Караџић	Serbian	Cрпски	6279168
Holy-Bible---Serbian---Serbian-ONSP-Cyrillic---Standard-Edition.sqlite	New Serbian Open Bible (cyrillic)	Нови српски превод, слободна	Serbian	Cрпски	6701056
Holy-Bible---Serbian---Serbian-ONST-Latin---Standard-Edition.sqlite	New Serbian Open Bible (latin)	Novi Srpski Prevod, Slobodna	Serbian	Srpski	4050944
Holy-Bible---Setswana---Open-Tswana-Living---Standard-Edition.sqlite	Open Tswana Living New Testament	La Botshelo Kgolagano e Ntsha	Setswana	Setswana	1359872
Holy-Bible---Sgaw-Karen---Mason-Bible---Standard-Edition.sqlite	S'gaw Karen Mason Bible	S'gaw Karen Mason Bible	S'gaw Karen	S'gaw Karen	11874304
Holy-Bible---Shi---Mashi-Bible---Standard-Edition.sqlite	Shi Mashi Bible	Bibliya Ntagatifu Omu Mashi	Shi	Mashi	4861952
Holy-Bible---Sholaga---Sholaga-Bible---Standard-Edition.sqlite	Sholaga Bible	ಕ್ಹುದಾನಿ ಕ್ಹರಿನಿ ವಾಕ್ಯಾ	Sholaga	Soliga	2826240
Holy-Bible---Shona---Rakasununguka---Standard-Edition.sqlite	Shona Free Holy Bible	Bhaibheri MuChiShona Chanhasi	Shona	chiShona	4517888
Holy-Bible---Shona---Shona-Bible---Standard-Edition.sqlite	Shona Bible	Bhaibheri	Shona	chiShona	1024000
Holy-Bible---SlavonicChurch---Church-Slavonic-Elizabeth---Standard-Edition.sqlite	Church Slavonic Elizabeth Bible	Библия церковно-славянском языке	Slavonic, Church	церковно-славянском	6406144
Holy-Bible---Slovak---Slovak-Bible---Standard-Edition.sqlite	Slovak Bible for Everyone	Nádej pre Každého	Slovak	Slovák	1081344
Holy-Bible---Slovene---Slovene-Savli-Bible---Standard-Edition.sqlite	Slovene King James Bible 1769	Slovenščina Sveto pismo Kralja Jakoba	Slovene	Slovenščina	4456448
Holy-Bible---Slovene---Slovene-Stritarja-NT---Standard-Edition.sqlite	Slovene New Testament and Psalms, Stritar	Slovenščina Novi Testament in Psalmi, Stritarja	Slovene	Slovenščina	1196032
Holy-Bible---Soli---Soli-Bible---Standard-Edition.sqlite	Soli Bible	Soli Bible	Soli	Chisoli	1232896
Holy-Bible---Somali---Somali-Bible---Standard-Edition.sqlite	Somali Bible	Kitaabka Quduuska Ah	Somali	Somali	5169152
Holy-Bible---Somau-Karia---Somau-Karia-Bible---Standard-Edition.sqlite	Somau Karia Bible	Xoiteupo Kuna	Somau Karia	Somau Garia	557056
Holy-Bible---Spanish---Biblia-Platense-Straubinger---Standard-Edition.sqlite	Spanish Platense Bible	La Biblia Platense	Spanish	Español	4575232
Holy-Bible---Spanish---Free-Bible---Standard-Edition.sqlite	Spanish Free Bible Version	Biblia Libre	Spanish	Español	4763648
Holy-Bible---Spanish---Free-for-the-World---Standard-Edition.sqlite	Spanish Free Bible for the World	Santa Biblia Libre para el Mundo	Spanish	Español	4562944
Holy-Bible---Spanish---Gods-Word-for-You---Standard-Edition.sqlite	Spanish God's Word for You	Palabra de Dios para Ti	Spanish	Español	4358144
Holy-Bible---Spanish---Reina-Valera-1865---Standard-Edition.sqlite	Spanish Reina Valera Bible 1865	Español Santa Biblia	Spanish	Español	4472832
Holy-Bible---Spanish---Reina-Valera-1909---Standard-Edition.sqlite	Spanish Reina Valera Bible 1909	Español Santa Biblia	Spanish	Español	4501504
Holy-Bible---Spanish---Reina-Valera-NT-1858---Standard-Edition.sqlite	Spanish Reina Valera NT 1858	Español Santa Biblia	Spanish	Español	1077248
Holy-Bible---Spanish---Sagradas-Escrituras-1569---Standard-Edition.sqlite	Spanish Bible 1569	Sagradas Escrituras, Antigua	Spanish	Español	4497408
Holy-Bible---Spanish---Sencillo-Bible---Standard-Edition.sqlite	Spanish Sencillo Bible	La Biblia en Español Sencillo	Spanish	Español	4734976
Holy-Bible---Spanish---Spanish-New-Open-Bible---Standard-Edition.sqlite	New Spanish Open Bible	Open Nueva Biblia	Spanish	Español	4567040
Holy-Bible---Swahili---Contemporary---Standard-Edition.sqlite	Swahili Contemporary Version	Biblia Takatifu Wazi, Kiswahili	Swahili	Kiswahili	4517888
Holy-Bible---Swahili---New-Swahili-Bible---Standard-Edition.sqlite	New Swahili Bible	Biblia Takatifu Mpya	Swahili	Kiswahili	4550656
Holy-Bible---Swahili---Swahili-Bible---Standard-Edition.sqlite	Swahili Bible	Biblia Takatifu	Swahili	Kiswahili	1089536
Holy-Bible---Swahili---Swahili-Open-Bible---Standard-Edition.sqlite	Swahili Open Bible	Wazi Neno Maandiko Matakatifu	Swahili	Kiswahili	4567040
Holy-Bible---Swedish---Swedish-Bible---Standard-Edition.sqlite	Swedish Bible	Svensk Bibel	Swedish	Svensk	4825088
Holy-Bible---Swedish---Swedish-Bible-1703---Standard-Edition.sqlite	Swedish Bible 1703	Svensk Bibel 1703	Swedish	Svensk	3268608
Holy-Bible---Swedish---Swedish-Bible-1873---Standard-Edition.sqlite	Swedish Bible 1873	Svensk Bibel	Swedish	Svensk	4505600
Holy-Bible---Swedish---Swedish-Bible-1917---Standard-Edition.sqlite	Swedish Bible Runeberg	Svensk Bibel	Swedish	Svensk	4849664
Holy-Bible---Taabwa---Kitaabua-Bible---Standard-Edition.sqlite	Kitaabua Taabwa Bible	Ichitaabwa Bible	Taabwa	Ichitaabwa	757760
Holy-Bible---Tagakaulo---Tagakaulo-Bible---Standard-Edition.sqlite	Kalagan Bible	Tagakaulo Bible	Kalagan	Tagakaulo	1658880
Holy-Bible---Tagalog---Tagalog-Bible-1905---Standard-Edition.sqlite	Tagalog Holy Bible	Tagalog Ang Biblia	Tagalog	Tagalog	5468160
Holy-Bible---Tagalog---Tagalog-Bible-Unlocked---Standard-Edition.sqlite	Tagalog Unlocked Holy Bible	Banal na Bibliya	Tagalog	Tagalog	5562368
Holy-Bible---Tagin---Tagin-First-Bible---Standard-Edition.sqlite	Tagin Bible, Good News	ANWNV GAMLV	Tagin	Tagin	1331200
Holy-Bible---Tamil---Open-Contemporary---Standard-Edition.sqlite	Tamil Open Contemporary Bible	திறந்தநிலை தமிழ் சமகால	Tamil	தமிழ்	14798848
Holy-Bible---Tamil---Tamil-Bible---Standard-Edition.sqlite	Tamil Bible	தமிழ் பைபிள்	Tamil	தமிழ்	13860864
Holy-Bible---Tarok---Tarok-Nigeria-Bible---Standard-Edition.sqlite	Nigerian Tarok Bible	iTárók Bible	Tarok	iTárók	2023424
Holy-Bible---Tavoyan---Tavoyan-Bible---Standard-Edition.sqlite	Tavoyan Bible	ဓမ္မသစ်ကျမ်း ထားဝယ်ဘာသာစကား	Tavoyan	ထားဝယ်စကား	3870720
Holy-Bible---Teke-Tyee---Teke-Tyee-Bible---Standard-Edition.sqlite	Teke-Tyee Bible	Teke Sud-Ouest	Teke-Tyee	Teke-Tyee	1253376
Holy-Bible---Telugu---Telugu-Bible---Standard-Edition.sqlite	Telugu Bible	తెలుగు బైబిల్	Telugu	తెలుగు	11268096
Holy-Bible---Telugu---Telugu-Open-Contemporary---Standard-Edition.sqlite	Telugu Open Contemporary Bible	ఉచిత తెలుగు సమకాలీన అనువాదం	Telugu	తెలుగు	11132928
Holy-Bible---Tharu-Rana---Rana-Tharu-Bible---Standard-Edition.sqlite	Rana Tharu Bible	परमेस्वर को सच्चो वचन	Tharu, Rana	राना थारू	2584576
Holy-Bible---Thur---Leb-Thur-Bible---Standard-Edition.sqlite	Thur Bible	Leb-Thur	Thur	Thur	1474560
Holy-Bible---Tichurong---Tichurong-Bible---Standard-Edition.sqlite	Tichurong Bible	तिचुरोङ क्येला सारबा करारयि किताबतेबा	Tichurong	Tichurong	667648
Holy-Bible---Tongan---Revised-West-Version---Standard-Edition.sqlite	Tongan Bible, Revised West	Tongan Bible, Revised West	Tongan	Tongan	5914624
Holy-Bible---Tsakhur---Tsakhur-Bible---Standard-Edition.sqlite	Tsakhur Azerbaijani Bible	Ts‘əxna miz	Tsakhur	Ts‘əxna miz	1126400
Holy-Bible---Tsikimba---Tsikimba-Bible---Standard-Edition.sqlite	Kimba Bible	Tsikimba Bible	Kimba	Tsikimba	237568
Holy-Bible---Tsishingini---Tsishingini-Bible---Standard-Edition.sqlite	Shingini Bible	Tsishingini Bible	Shingini	Tsishingini	389120
Holy-Bible---Turkish---Open-Basic-Turkish---Standard-Edition.sqlite	Turkish Open License Basic Bible	Türkçe Açık Lisans Temel İncil	Turkish	Türkçe	1196032
Holy-Bible---Twi---Akuapem-Twi-Bible---Standard-Edition.sqlite	Akuapem Twi Bible	Akuapem Twi Nkwa Asɛm	Twi	Akuapem Twi	4276224
Holy-Bible---Twi---Asante-Twi-WASNA---Standard-Edition.sqlite	Asante Twi Bible	Asante Twi Nkwa Asɛm	Twi	Asante Twi	4485120
Holy-Bible---Ukrainian---New-Translation---Standard-Edition.sqlite	New Ukranian Translation	Новий Переклад Українською	Ukrainian	Український	2011136
Holy-Bible---Ukrainian---Ukrainian-Freedom-Bible---Standard-Edition.sqlite	Ukrainian Freedom Bible	Біблія свободи	Ukrainian	Український	6709248
Holy-Bible---Ukrainian---Ukrainian-NT---Standard-Edition.sqlite	Ukrainian Kulish New Testament	Український Новий Заповіт	Ukrainian	Український	1495040
Holy-Bible---Ukrainian---Ukrainian-Ogienko---Standard-Edition.sqlite	Ukrainian Bible, Ivan Ogienko	Українська Біблія, Івана Огієнка	Ukrainian	Український	7049216
Holy-Bible---Urdu---Urdu-Bible---Standard-Edition.sqlite	Urdu Bible, Devanagari	उर्दू बाइबिल, देवनागरी	Urdu	उर्दू	10502144
Holy-Bible---Urdu---Urdu-Free-Contemporary---Standard-Edition.sqlite	Urdu Open Contemporary Bible	آزادانہ اردو ہم عصر ترجمہ	Urdu	اردو	8290304
Holy-Bible---Ut-Ma-in---Ut-Ma-in-Bible---Standard-Edition.sqlite	Fakia Bible	Ut-Ma’in Bible	Fakai	Ut-Ma'in	1085440
Holy-Bible---Uyghur---Uyghur-Bible-Arabic---Standard-Edition.sqlite	Uyghur Bible (arabic script)	مۇقېددېس كالام (يەنگى يېزىق)	Uyghur	Uyghur tili	9129984
Holy-Bible---Uyghur---Uyghur-Bible-Cyrillic---Standard-Edition.sqlite	Uyghur Bible (cyrillic script)	Муқеддес Калам (кирил йезиқ)	Uyghur	Uyghur tili	8691712
Holy-Bible---Uyghur---Uyghur-Bible-Latin---Standard-Edition.sqlite	Uyghur Bible (latin script)	Muqeddes Kalam (latin yéziq)	Uyghur	Uyghur tili	5304320
Holy-Bible---Uyghur---Uyghur-Bible-Pinyin---Standard-Edition.sqlite	Uyghur Bible (pinyin script)	Muⱪeddes Kalam (yǝngi yeziⱪ)	Uyghur	Uyghur tili	5726208
Holy-Bible---Vaagri-Booli---Vaagri-Booli-Bible---Standard-Edition.sqlite	Vaagri Booli Bible	ದೇವ್ನಿ ಖ್ಹಾಚಿ ವಚನ್	Vaagri Booli	Hakkipikki	3063808
Holy-Bible---Vaghri---Vaghri-Bible---Standard-Edition.sqlite	Vaghri Bible	పవిత్ర్ బైబిల్‍	Vaghri	Bavri	2805760
Holy-Bible---Vidunda---Vidunda-Bible---Standard-Edition.sqlite	Vidunda Bible	Chividunda Bible	Vidunda	Chividunda	3534848
Holy-Bible---Vietnamese---Contemporary---Standard-Edition.sqlite	Vietnamese Contemporary Bible	Kinh Thánh Tiếng Việt Hiện Đại	Vietnamese	tiếng Việt	5382144
Holy-Bible---Vietnamese---Vietnamese-Bible---Standard-Edition.sqlite	Vietnamese Bible	Kinh Thánh Tiếng Việt	Vietnamese	tiếng Việt	5738496
Holy-Bible---Vietnamese---Vietnamese-Bible-1934---Standard-Edition.sqlite	Vietnamese Bible 1934	Kinh Thánh Tiếng Việt 1934	Vietnamese	tiếng Việt	5726208
Holy-Bible---Vwanji---Vwanji-Bible---Standard-Edition.sqlite	Vwanji Bible	Kivwanji Bible	Vwanji	Kivwanji	1216512
Holy-Bible---Waddar---Waddar-Bible---Standard-Edition.sqlite	Waddar Bible	वडार	Waddar	Vadari	1335296
Holy-Bible---Waja---Waja-Bible---Standard-Edition.sqlite	Waja Bible	Wɪyáà Bible	Waja	Wɪyáà	315392
Holy-Bible---Wolio---Kitabi-Momangkilona-Bible---Standard-Edition.sqlite	Buton Wolio Bible	Kitabi Momangkilona Wolio	Wolio	Buton	2158592
Holy-Bible---Yaka---Ivatan-Bible---Standard-Edition.sqlite	Yaka Bible	Ivatan Bible	Yaka	Ivatan	1261568
Holy-Bible---Yaka---Yaka-Bible---Standard-Edition.sqlite	Yaka Bible	Iyaka Bible	Yaka	Iyaka	1081344
Holy-Bible---Yalunka---Yalunka-Bible---Standard-Edition.sqlite	Yalunka Bible	Kisin Kiraan Kitabuna	Yalunka	Jalonke	4669440
Holy-Bible---Yamap---Yamap-Bible---Standard-Edition.sqlite	Yamap Bible	Yamap Bible	Yamap	Yamap	536576
Holy-Bible---Yansi---Yansi-Bible---Standard-Edition.sqlite	Yansi Bible	Eyansi Bible	Yansi	Eyansi	1261568
Holy-Bible---Yemsa---Yemsa-Bible-Ethiopic---Standard-Edition.sqlite	Yemsa Bible (Ethiopic)	ጋዶ ቴያ	Yemsa	Yemsa	1679360
Holy-Bible---Yemsa---Yemsa-Bible-Latin---Standard-Edition.sqlite	Yemsa Bible (Latin)	Gaddo Teyya	Yemsa	Yemsa	1138688
Holy-Bible---Yiddish-Eastern---Eastern-Yiddish-Bible---Standard-Edition.sqlite	Eastern Yiddish Bible	דער יידישער ברית חדשה	Yiddish, Eastern	עברית	2011136
Holy-Bible---Yipunu---Punu-Bible---Standard-Edition.sqlite	Yipunu Punu Bible	Mbembu Nzambi o Ipunu	Punu	Yipunu	339968
Holy-Bible---Yombe---Yombe-Bible---Standard-Edition.sqlite	Open Yombe Bible	Open Nguizani Yimona ayi Minkunga	Yombe	Kiyombi	1449984
Holy-Bible---Yoruba---Yoruba-Bible---Standard-Edition.sqlite	Yoruba Bible	Bíbélì Mímọ́ ní Èdè Yorùbá Òde-Òní	Yoruba	Yorùbá	5951488
Holy-Bible---Zapotec-Loxicha---Loxicha-Zapotec-Bible---Standard-Edition.sqlite	Loxicha Zapotec Bible	Zapoteco de Loxicha	Zapotec, Loxicha	Loxicha Zapotec	1306624
Holy-Bible---Zaramo---Kizalamo-Bible---Standard-Edition.sqlite	Zaramo Bible	Lagano da Lsambi Yesu Kilisto	Zaramo	Zaramo	1183744
Holy-Bible---Zinza---Zinza-Bible---Standard-Edition.sqlite	Zinza Bible	Endagano Eénsha omu Chiziinza	Zinza	Ecizinza	1560576
