Holy-Bible---Abureni---Abureni-Bible---Standard-Edition.json	Abureni Bible	Abureni Bible	Abureni	Abureni	842696
Holy-Bible---Ahirani---Ahirani-Bible---Standard-Edition.json	Ahirani Bible	प्रेम संदेश	Ahirani	अहिराणी‎	4636835
Holy-Bible---Ajiya---Ajiya-Bible---Standard-Edition.json	Ajiya Bible	Ajigha Bible	Ajiya	Ajiya	511263
Holy-Bible---Alaba-Kabeena---Alaba-Kabeena-Bible---Standard-Edition.json	Alaba-K’abeena Bible	ሃዕሮ ወኣድ መጻፈ	Alaba-K'abeena	Alaba-K'abeena	1512796
Holy-Bible---Amo---Amo-Bible---Standard-Edition.json	Amo Bible	Amo Bible	Amo	Timap	1028278
Holy-Bible---Apal---Apali-Bible---Standard-Edition.json	Apali Bible	Asɨ dɨ Manasɨŋ	Apal	Apalɨ	3233245
Holy-Bible---Arabic---Arabic-Van-Dyck-Bible---Standard-Edition.json	Arabic Van Dyck Bible	الكتاب المقدس باللغة العربية، فان دايك	Arabic	العربية	7833984
Holy-Bible---Arabic---New-Arabic-Bible---Standard-Edition.json	New Arabic Version	كتاب الحياة	Arabic	العربية	8378954
Holy-Bible---Aramaic---Syriac-Peshitta---Standard-Edition.json	Aramaic Peshitta New Testament	ܦܫܝܛܬܐ	Aramaic	ܦܫܝܛܬܐ	1130822
Holy-Bible---Arapaho---Arapaho-Luke---Standard-Edition.json	Arapaho Luke	Hethadenee waunauyaunee vadan Luke Vanenāna	Arapaho	Arapaho	167477
Holy-Bible---Armenian---Armenian-Bible-Eastern---Standard-Edition.json	Eastern Armenian Bible	Արեւելահայերեն Աստվածաշունչ	Armenian, Eastern	Արեւելահայերեն	1365489
Holy-Bible---Armenian---Armenian-Bible-Western---Standard-Edition.json	Western Armenian New Testament 1853	Արեւմտահայերեն Աստվածաշունչ	Armenian, Western	Արեւմտահայերեն	1650523
Holy-Bible---Aruamu---Aruamu-Bible---Standard-Edition.json	Aruamu Bible	Godɨn Eghaghanim	Aruamu	Mikarew-Ariaw	6516452
Holy-Bible---Arumanisht---Aromanian-Bible---Standard-Edition.json	Aromanian Bible	Biblija tu limba Rrãmãnã	Aromanian	Armãneashti	295515
Holy-Bible---Assamese---Assamese-Bible---Standard-Edition.json	Assamese Bible	অসমীয়া বাইবেল	Assamese, Standard	অসমীয়া	10814339
Holy-Bible---Ayta-Ambala---Ayta-Ambala-Bible---Standard-Edition.json	Ayta Ambala Bible	Ayta Ambala Bible	Ayta, Ambala	Ambala Ayta	170660
Holy-Bible---Azerbaijani---Azerbaijani-Bible---Standard-Edition.json	Azerbaijani Bible	Azərbaycan dilində Müqəddəs Kitab	Azerbaijani, South	Azeri	4512068
Holy-Bible---Baga-Sitemu---Baga-Sitemu-Bible---Standard-Edition.json	Baga Sitemu Bible	Kitabu ka Kanu	Baga Sitemu	Barka Sitemu	1692078
Holy-Bible---Baiso---Basio-Bible---Standard-Edition.json	Baiso Bible	አማቶ ኦኡሱብ	Baiso	Bayso	1495341
Holy-Bible---Bangwinji---Bangwinji-Bible---Standard-Edition.json	Bangwinji Bible	Bangwinji Bible	Bangwinji	Bangunji	837969
Holy-Bible---Bareli-Palya---Palya-Bareli-Bible---Standard-Edition.json	Palya Bareli Bible	भगवान ना खरला बोल	Bareli, Palya	Bareli, Palya	341687
Holy-Bible---Basa-Gurmana---Basa-Gurmana-Bible---Standard-Edition.json	Basa-Gurmana Bible	Kɔrɔmba	Basa-Gurmana	Kɔrɔmba	148873
Holy-Bible---Basque---Basque-NT---Standard-Edition.json	Navarro-Labourdin Basque New Testament	Euskal Biblia	Basque	Euskara	1116712
Holy-Bible---Beami---Bedamuni-Bible---Standard-Edition.json	Bedamuni Bible	Gode Ea Sia: Ida:Iwane Gala	Beami	Bedamuni	5303428
Holy-Bible---Beaver---Beaver-Mark---Standard-Edition.json	Beaver Mark	Ootech Oochu Takehniya Tinkles St. Mark	Beaver	Dane Zaa	92369
Holy-Bible---Bekwel---Bekwel-Bible---Standard-Edition.json	Bekwel Bible	Bekwil Bible	Bekwel	Bekwil	1455980
Holy-Bible---Bengali---Bengali-Bible---Standard-Edition.json	Bengali Bible, India	বাংলা বাইবেল, ভারত	Bengali	বাংলা	10259759
Holy-Bible---Bengali---Contemporary---Standard-Edition.json	Open Bengali Contemporary Bible	মুক্তভাবে বাংলা সমকালীন সংস্করণের	Bengali	বাংলা	10796518
Holy-Bible---Bhadrawahi---Bhadrawahi-Bible---Standard-Edition.json	Bhadrawahi Bible	भड्लाई बाइबिल	Bhadrawahi	भद्रवाही‎	2764257
Holy-Bible---Bhattiyali---Bhattiyali-Bible---Standard-Edition.json	Bhattiyali Bible	भटियाली नोआ नियम	Bhattiyali	भटियाली‎	2960309
Holy-Bible---Bhilali---Bhilali-Bible---Standard-Edition.json	Bhilali Bible	भगवानेन छाचला बुल	Bhilali	Bhilali	2843515
Holy-Bible---Blackfoot---Matthew---Standard-Edition.json	Blackfoot Matthew	Ŏkhs' I Tsĭn Ik Sĭn Ni Matthew Ot Sĭn Ai Pi	Blackfoot	Siksiká	152803
Holy-Bible---Bodo-Parja---BOPO-Bible---Standard-Edition.json	Bodo Parja: BOPO Bible	ସଃର୍ଗାର୍‌ ବାଟ୍‌ ନଃଉଁଆ ନିଅମ୍‌	Bodo Parja	ବଡ଼ ପରଜା	3180425
Holy-Bible---Boga---Boga-Bible---Standard-Edition.json	Boga Bible	Boka Bible	Boga	Boka	311000
Holy-Bible---Bondei---Bondei-Bible---Standard-Edition.json	Bondei Bible	Bondei Bible	Bondei	Bondei	490294
Holy-Bible---Borna---Borna-Latin-Bible---Standard-Edition.json	Borna Bible Latin Version	Handr Taara	Borna	Borni	1066241
Holy-Bible---Breton---Breton-Gospels---Standard-Edition.json	Breton Gospels	an Bibl	Breton	Brezhoneg	485590
Holy-Bible---Bu---Bauchi-Bu-Bible---Standard-Edition.json	Bu Bauchi Bible	Geji Bauchi Bible	Bu	Geji	233902
Holy-Bible---Bu---Bu-Bible---Standard-Edition.json	Bu Bible	Jida Bible	Bu	Jida	893810
Holy-Bible---Bugun---Bugun-Bible---Standard-Edition.json	Bugun Bible	Iwo Surua Mua Wie Pha Bible	Bugun	Khowa	1322245
Holy-Bible---Bulgarian---Bulgarian-Bible---Standard-Edition.json	Bulgarian Bible	Българска Библия	Bulgarian	Българска	6812491
Holy-Bible---Bwile---Bwile-Bible---Standard-Edition.json	Bwile Bible	Bwile Bible	Bwile	Bwile	154704
Holy-Bible---Calo---Calo-Bible---Standard-Edition.json	Calo Gospel of Luke	Evangelio Español Romaní de Lucas	Calo	Romaní	155491
Holy-Bible---Cebuano---Cebuano-Bible---Standard-Edition.json	Cebuano Bible	Balaan nga Bibliya	Cebuano	Cebuano	5354048
Holy-Bible---Cebuano---Cebuano-Open-Bible---Standard-Edition.json	Cebuano Open Bible	Ang Pulong sa Dios	Cebuano	Cebuano	4978505
Holy-Bible---Cebuano---Cebuano-Philippine---Standard-Edition.json	Cebuano Bible, Revelation	Cebuano Ang Biblia, Pinadayag	Cebuano	Cebuano	5449747
Holy-Bible---Chamorro---Chamorro-Gospels-Acts-and-Psalms---Standard-Edition.json	Chamorro Gospels, Acts, Psalms	Y Cuatro Ebangelio Sija Yan Y Checho Y Apostoles Yan Y Salmo Sija	Chamorro	Chamorro	885408
Holy-Bible---Cherokee---Cherokee-New-Testament---Standard-Edition.json	Cherokee New Testament 1860	ᏣᎳᎩ ᎦᏬᏂᎯᏍᏗ	Cherokee	ᏣᎳᎩ ᎦᏬᏂᎯᏍᏗ	1732825
Holy-Bible---Chhattisgarhi---Chhattisgarhi-Bible---Standard-Edition.json	Chhattisgarhi Bible	सुतंतर समकालीन छत्तीसगढ़ी अनुवाद	Chhattisgarhi	छत्तीसगढ़ी	9977950
Holy-Bible---Chichewa---Chichewa-Bible---Standard-Edition.json	Chichewa Bible	Tsekulani Mawu a Mulungu	Chichewa	Chichewa	4600464
Holy-Bible---Chin-Daai---Daai-Chin-Bible---Standard-Edition.json	Daai Chin Bible	Dai Cangcim Kthai	Chin, Daai	Daai	1126514
Holy-Bible---Chin-Eastern-Khumi---Asang-Khongca-Bible---Standard-Edition.json	Eastern Khumi Chin Bible	Asang Khongca Bible	Chin, Eastern Khumi	Asaang Khongca	4926362
Holy-Bible---Chin-Matu---Matupi-Chin-2019---Standard-Edition.json	Matupi Chin Standard Bible 2019	Baibal Olcim	Chin, Matu	Matupi Chin	4440487
Holy-Bible---Chin-Matu---Matupi-Chin-Bible---Standard-Edition.json	Matupi Chin Standard Bible	Baibal Olcim	Chin, Matu	Matupi Chin	4439582
Holy-Bible---Chin-Matu---Tuivang-Matu-Chin-Bible---Standard-Edition.json	Tuivang Matu Chin Bible	Tuivang Holy Bible	Chin, Matu	Tuivang	1569517
Holy-Bible---Chin-Siyin---Siyin-Chin-Bible---Standard-Edition.json	Siyin Chin Bible	Tinaung Takluem	Chin, Siyin	Siyin Chin	1121323
Holy-Bible---Chin-Thado---Chongthu-Bible---Standard-Edition.json	Chongthu Bible	Pathen Lekhabu Theng	Chin, Thado	Chongthu	4998687
Holy-Bible---Chin-Thaiphum---Thai-Phum-Bible---Standard-Edition.json	Thai Phum Holy Bible	Thai Phum Holy Bible	Chin, Thaiphum	Thai Phum	4612394
Holy-Bible---Chinese---Chinese-Easy-to-Read---Standard-Edition.json	Free Easy to Read Bible	免费的易读圣经	Chinese	汉语	954046
Holy-Bible---Chinese---Chinese-Sigao-Bible---Standard-Edition.json	Sīgāo Běn, Bible	思高本 聖經：思高聖經學會譯釋	Chinese	漢語	3772648
Holy-Bible---Chinese---Chinese-Union-Version-Simplified---Standard-Edition.json	Chinese Union Version Simplified	新标点和合本	Chinese	汉语	3594575
Holy-Bible---Chinese---Chinese-Union-Version-Traditional---Standard-Edition.json	Chinese Union Version Traditional	新標點和合本	Chinese	漢語	3604258
Holy-Bible---Chinese---Mandarin-Bible-Simplified---Standard-Edition.json	Mandarin Open Bible (Simplified)	圣经当代译本开放资源	Chinese	汉语	3522234
Holy-Bible---Chinese---Mandarin-Bible-Traditional---Standard-Edition.json	Mandarin Open Bible (Traditional)	聖經，當代譯本開放資源	Chinese	汉语	3522301
Holy-Bible---Chiyawo---Yao---Standard-Edition.json	Yao New Testament	Lilangano lya Sambano	Ciyawo	Ciyawo	1281342
Holy-Bible---Cishingini---Cishingini-Bible---Standard-Edition.json	Cishingini Shingini Bible	Cishingini Shingini Bible	Cishingini Shingini	Cishingini Shingini	3375006
Holy-Bible---Coptic---Coptic-Boharic-NT---Standard-Edition.json	Coptic Boharic New Testament	ϯⲙⲉⲧⲣⲉⲙⲛ̀ⲭⲏⲙⲓ	Coptic Boharic	ϯⲙⲉⲧⲣⲉⲙⲛ̀ⲭⲏⲙⲓ	2157218
Holy-Bible---Coptic---Coptic-NT---Standard-Edition.json	Coptic New Testament	ⲧⲙⲛ̄ⲧⲣⲙ̄ⲛ̄ⲕⲏⲙⲉ	Coptic	ⲧⲙⲛ̄ⲧⲣⲙ̄ⲛ̄ⲕⲏⲙⲉ	2322186
Holy-Bible---Coptic---Sahidic-Bible---Standard-Edition.json	Coptic Sahidic NT: Askeland, Schulz	ⲧⲙⲛ̄ⲧⲣⲙ̄ⲛ̄ⲕⲏⲙⲉ	Coptic	ⲧⲙⲛ̄ⲧⲣⲙ̄ⲛ̄ⲕⲏⲙⲉ	1993894
Holy-Bible---Coptic---Sahidic-Coptic-Horner---Standard-Edition.json	Coptic Sahidic NT: Horner	ⲧⲙⲛ̄ⲧⲣⲙ̄ⲛ̄ⲕⲏⲙⲉ	Coptic	ⲧⲙⲛ̄ⲧⲣⲙ̄ⲛ̄ⲕⲏⲙⲉ	2098254
Holy-Bible---Croatian---Croatian-Bible---Standard-Edition.json	Croatian Bible	Hrvatski Biblija	Croatian	Hrvatski	3785801
Holy-Bible---Croatian---Croatian-Open-Bible---Standard-Edition.json	Croatian Open Bible	Open Knjiga O Kristu	Croatian	Hrvatski	954134
Holy-Bible---Cung---Chung-Bible---Standard-Edition.json	Chung Bible	Kiŋwakti ki Nyɔ Miŋkaiŋ Mifiaŋ	Cung	Chung	1462067
Holy-Bible---Czech---Czech-Bible-Kralicka---Standard-Edition.json	Czech Bible Kralicka 1613	Czech Bible Kralicka 1613	Czech	Čeština	4258835
Holy-Bible---Czech---Kralicka---Standard-Edition.json	Czech Kralická Bible 1613	Bible Kralická 1613	Czech	Čeština	4273243
Holy-Bible---Czech---Living-Bible---Standard-Edition.json	Czech Living New Testament	Open Slovo Na Cestu	Czech	Čeština	1000372
Holy-Bible---Danish---Danish-1871-1907---Standard-Edition.json	Danish Bible OT1871 / NT1907	Dansk Bibel	Danish	Dansk	4276486
Holy-Bible---Danish---Danish-1931-1907---Standard-Edition.json	Danish Bible OT1931 / NT1907	Dansk Bibel	Danish	Dansk	4047729
Holy-Bible---Danish---Danish-Bible---Standard-Edition.json	Danish Bible	Dansk Bibel	Danish	Dansk	4041416
Holy-Bible---Dawro---Dawuro-Bible---Standard-Edition.json	Dawuro Bible, Ethiopian (Latin)	Geeshsha Mas'aafaa	Dawro	Dawro	5019890
Holy-Bible---Desiya---Desiya-Bible---Standard-Edition.json	Desiya New Testament	ସତିଅର୍‌ ବାଟ୍‌	Desiya	ଦେଶିଆ	3175633
Holy-Bible---Dhanki---Dhanki-Devanagari-Bible---Standard-Edition.json	Dhanki Devanagari Bible	परमेश्वरन सत्य वचन	Dhanki	Dhanki	4603610
Holy-Bible---Dholuo---Dholuo-Bible---Standard-Edition.json	Dholuo Bible	Moting’o Loko Manyien	Dholuo	Dholuo	4160580
Holy-Bible---Dombe---Dombe-Bible---Standard-Edition.json	Dombe Bible	Dombe Bible	Dombe	Dombe	1050961
Holy-Bible---Dongxiang---Donxian-Bible---Standard-Edition.json	Dongxiang Santa Bible	Hudani Kielien	Dongxiang	Santa	951917
Holy-Bible---Dutch---Canisiusvertaling---Standard-Edition.json	Dutch Petrus Canisius Translation	Nederlandse Petrus Canisiusvertaling Bijbel	Dutch	Nederlandse	4406885
Holy-Bible---Dutch---Leuvense-Bible---Standard-Edition.json	Leuvense Bible	Leuvense Bijbel	Dutch	Nederlandse	5064221
Holy-Bible---Dutch---Schrift---Standard-Edition.json	Dutch Holy Bible	De Heilige Schrift 1917	Dutch	Nederlandse	4705139
Holy-Bible---Dutch---Statenvertaling---Standard-Edition.json	Dutch States Translation	Nederlandse Statenvertaling Bijbel	Dutch	Nederlandse	4707991
Holy-Bible---Duya---Duya-Bible---Standard-Edition.json	Idun Duya Bible	Ibibemuwe-Num Iyiki Ifa Ru Dũya	Idun	Dũya	1195316
Holy-Bible---Ekajuk---Ekajuk-Bible---Standard-Edition.json	Kajuk Bible	Ekajuk Bible	Kajuk	Ekajuk	2374856
Holy-Bible---English---A-Conservative-Version---Standard-Edition.json	A Conservative Version	A Conservative Version	English	English	4476310
Holy-Bible---English---Aionian-Bible---Standard-Edition.json	Aionian Bible	Aionian Bible	English	English	4417119
Holy-Bible---English---American-Standard-Version-1901---Standard-Edition.json	American Standard Version 1901	American Standard Version 1901	English	English	4542769
Holy-Bible---English---Anderson-Bible---Standard-Edition.json	Anderson New Testament 1864	Anderson New Testament 1864	English	English	1047832
Holy-Bible---English---Berean-Standard---Standard-Edition.json	Berean Standard Bible	Berean Standard Bible	English	English	4266421
Holy-Bible---English---Bible-in-Basic-English---Standard-Edition.json	Bible in Basic English	Bible in Basic English	English	English	4558411
Holy-Bible---English---Brenton-English-Septuagint---Standard-Edition.json	Brenton English Septuagint	Brenton English Septuagint	English	English	3486245
Holy-Bible---English---British-English-Septuagint-2012---Standard-Edition.json	British English Septuagint 2012	British English Septuagint 2012	English	English	3484265
Holy-Bible---English---Catholic-Public-Domain---Standard-Edition.json	Catholic Public Domain Version	Catholic Public Domain Version	English	English	4712522
Holy-Bible---English---Darby-Translation---Standard-Edition.json	Darby Translation	Darby Translation	English	English	4491745
Holy-Bible---English---Douay-Rheims-1899---Standard-Edition.json	Douay-Rheims 1899	Douay-Rheims 1899	English	English	4449533
Holy-Bible---English---Family-35-NT---Standard-Edition.json	Family 35 New Testament	Family 35 New Testament	English	English	1054180
Holy-Bible---English---Free-Bible-Version---Standard-Edition.json	Free Bible Version	Free Bible Version	English	English	4373618
Holy-Bible---English---Geneva-Bible---Standard-Edition.json	Geneva Bible	Geneva Bible	English	English	4568074
Holy-Bible---English---Godbey-Bible---Standard-Edition.json	Godbey New Testament	Godbey New Testament	English	English	1035940
Holy-Bible---English---Gods-Living-Word---Standard-Edition.json	God's Living Word	God's Living Word	English	English	128992
Holy-Bible---English---Haweis-Bible---Standard-Edition.json	Haweis New Testament	Haweis New Testament	English	English	1072969
Holy-Bible---English---Jewish-Bible---Standard-Edition.json	Jewish Bible in English	Jewish Bible in English	English	English	3497737
Holy-Bible---English---King-James-Version---Standard-Edition.json	King James Version, Annotated	King James Version, Annotated	English	English	4573616
Holy-Bible---English---King-James-Version-American---Standard-Edition.json	King James Version, American	King James Version, American	English	English	4480229
Holy-Bible---English---King-James-Version-Cambridge---Standard-Edition.json	King James Version, Purified	King James Version, Purified	English	English	4526410
Holy-Bible---English---King-James-Version-Restored-Name---Standard-Edition.json	King James Version, Restored	King James Version, Restored	English	English	4515197
Holy-Bible---English---King-James-Version-Revised---Standard-Edition.json	King James Version, Revised	King James Version, Revised	English	English	4504602
Holy-Bible---English---King-James-Version-Updated---Standard-Edition.json	King James Version, Updated	King James Version, Updated	English	English	4544288
Holy-Bible---English---LXX2012-U-S-English---Standard-Edition.json	LXX: Septuagint, English 2012	LXX: Septuagint, English 2012	English	English	3481814
Holy-Bible---English---Leeser-Tanakh---Standard-Edition.json	Leeser Tanakh Old Testament	Leeser Tanakh Old Testament	English	English	3619932
Holy-Bible---English---Literal-Standard---Standard-Edition.json	Literal Standard Version	Literal Standard Version	English	English	4496511
Holy-Bible---English---Living-Oracles-NT---Standard-Edition.json	Living Oracles NT	Living Oracles NT	English	English	1029562
Holy-Bible---English---Majority-Standard-Bible---Standard-Edition.json	Majority Standard Bible	Majority Standard Bible	English	English	4274909
Holy-Bible---English---Montgomery-NT---Standard-Edition.json	Montgomery New Testament	Montgomery New Testament	English	English	1059034
Holy-Bible---English---New-Heart-Aramaic---Standard-Edition.json	New Heart English Bible, Aramaic	New Heart English Bible, Aramaic	English	English	4448339
Holy-Bible---English---New-Heart-Jehovah---Standard-Edition.json	New Heart English Bible, Jehovah	New Heart English Bible, Jehovah	English	English	4439573
Holy-Bible---English---New-Heart-Jesus-Messiah---Standard-Edition.json	New Heart English Bible, Messiah	New Heart English Bible, Messiah	English	English	4446049
Holy-Bible---English---New-Heart-Messianic---Standard-Edition.json	New Heart English Bible, Yeshua	New Heart English Bible, Yeshua	English	English	4447625
Holy-Bible---English---New-Heart-Standard---Standard-Edition.json	New Heart English Bible, Standard	New Heart English Bible, Standard	English	English	4444965
Holy-Bible---English---New-Heart-YHWH---Standard-Edition.json	New Heart English Bible, YHWH	New Heart English Bible, YHWH	English	English	4419411
Holy-Bible---English---Noyes---Standard-Edition.json	Noyes Bible	Noyes Bible	English	English	2453254
Holy-Bible---English---One-Unity-Resource-Bible---Standard-Edition.json	One Unity Resource Bible	One Unity Resource Bible	English	English	2102425
Holy-Bible---English---Open-English-Bible-Commonwealth---Standard-Edition.json	Open English Bible, Commonwealth	Open English Bible, Commonwealth	English	English	1857626
Holy-Bible---English---Open-English-Bible-US---Standard-Edition.json	Open English Bible, US	Open English Bible, US	English	English	1857252
Holy-Bible---English---Orthodox-Jewish-Bible---Standard-Edition.json	The Orthodox Jewish Bible	Tanakh and B'rit Chadasha	English	English	4906817
Holy-Bible---English---Plain-English-Version---Standard-Edition.json	Aboriginal Plain English Version	Aboriginal Plain English Version	English	English	1598292
Holy-Bible---English---Revised-Version---Standard-Edition.json	Revised Version 1895	Revised Version 1895	English	English	4546266
Holy-Bible---English---Rotherham-Bible---Standard-Edition.json	Rotherham Emphasized Bible	Rotherham Emphasized Bible	English	English	4801456
Holy-Bible---English---STEPBible-Amalgamant---Standard-Edition.json	STEPBible, Amalgamant	STEPBible, Amalgamant	English	English	4846183
Holy-Bible---English---STEPBible-Concordant---Standard-Edition.json	STEPBible, Concordant	STEPBible, Concordant	English	English	5172589
Holy-Bible---English---Syriac-Peshitta-Etheridge---Standard-Edition.json	Syriac Peshitta Etheridge	Syriac Peshitta Etheridge	English	English	1064994
Holy-Bible---English---Syriac-Peshitta-Murdock---Standard-Edition.json	Syriac Peshitta Murdock	Syriac Peshitta Murdock	English	English	1063276
Holy-Bible---English---Text-Critical---Standard-Edition.json	Boyd Text-Critical English NT	Boyd Text-Critical English NT	English	English	1061021
Holy-Bible---English---Trans-Trans---Standard-Edition.json	Translation for Translators	Translation for Translators	English	English	6085786
Holy-Bible---English---Twentieth-Century-NT---Standard-Edition.json	Twentieth Century New Testament	Twentieth Century New Testament	English	English	1124138
Holy-Bible---English---Tyndale-Bible---Standard-Edition.json	Tyndale Genesis, New Testament	Tyndale Genesis, New Testament	English	English	1904711
Holy-Bible---English---Unlocked-Literal-Bible---Standard-Edition.json	Unlocked Literal Bible	Unlocked Literal Bible	English	English	4476189
Holy-Bible---English---Webster-Bible---Standard-Edition.json	Webster Bible	Webster Bible	English	English	4537773
Holy-Bible---English---Webster-Bible-Revised---Standard-Edition.json	Webster Version, Revised	Webster Version, Revised	English	English	4500500
Holy-Bible---English---Weymouth-NT---Standard-Edition.json	Weymouth New Testament	Weymouth New Testament	English	English	1136290
Holy-Bible---English---World-English-Bible---Standard-Edition.json	World English Bible	World English Bible	English	English	4409301
Holy-Bible---English---World-English-Bible-British-Edition---Standard-Edition.json	World English Bible, British	World English Bible, British	English	English	4425356
Holy-Bible---English---World-English-Bible-Updated---Standard-Edition.json	World English Bible Updated	World English Bible Updated	English	English	4420276
Holy-Bible---English---World-Messianic-Bible---Standard-Edition.json	World Messianic Bible	World Messianic Bible	English	English	4423554
Holy-Bible---English---World-Messianic-Bible-British-Edition---Standard-Edition.json	World Messianic Bible, British	World Messianic Bible, British	English	English	4428657
Holy-Bible---English---Worsley-Bible---Standard-Edition.json	John Worsley New Testament	John Worsley New Testament	English	English	1043228
Holy-Bible---English---Wycliffe-Bible---Standard-Edition.json	Wycliffe Bible	Wycliffe Bible	English	English	4552091
Holy-Bible---English---Youngs-Literal-Translation---Standard-Edition.json	Young's Literal Translation	Young's Literal Translation	English	English	4556711
Holy-Bible---Esperanto---Esperanto-Bible---Standard-Edition.json	Esperanto London Bible	Esperanto London Bible	Esperanto	Esperanto	4236431
Holy-Bible---Estonian---Contemporary---Standard-Edition.json	Estonian Modern Bible	Pühakiri Kaasaegses Eesti Keeles	Estonian	Eesti	1000522
Holy-Bible---Estonian---For-All---Standard-Edition.json	Estonian Bible	Piibel Kõigile	Estonian	Eesti	536692
Holy-Bible---Etulo---Etulo-Bible---Standard-Edition.json	Etulo Bible	Utur Bible	Etulo	Utur	1128363
Holy-Bible---Ewe---Word-of-Life---Standard-Edition.json	Éwé Bible	Biblia Agbenya La	Ewe	Eʋegbe	4506006
Holy-Bible---Falam---Falam-Chin-Bible---Standard-Edition.json	Falam Chin Bible	Thukam Thar Lente Ṭon	Chin, Falam	Lai	96287
Holy-Bible---Finnish---Finnish-Bible---Standard-Edition.json	Finnish Bible 1776	Finnish Bible 1776	Finnish	Suomen Kieli	4656780
Holy-Bible---Finnish---Finnish-Pyha-Raamattu---Standard-Edition.json	Finnish Pyha Raamattu 1933/1938	Finnish Pyha Raamattu 1933/1938	Finnish	Suomen Kieli	4613085
Holy-Bible---Finnish---Open-Living-News---Standard-Edition.json	Finnish Open Living News	Suomi Avoin Elävä Uutinen	Finnish	Suomen Kieli	1151941
Holy-Bible---Flemish---Flemish-De-Jonge-Bible---Standard-Edition.json	New Testament, Nicolaas De Jonge	Het Vlaams Nieuwe Testament	Flemish	Vlaams	1087207
Holy-Bible---French---Bonnet-Bovet-Bible---Standard-Edition.json	Annotated Bible, Bonnet and Bovet	La Bible Annotée de Bonnet et Bovet	French	Français	4741141
Holy-Bible---French---Free-for-the-World---Standard-Edition.json	French Free Holy Bible for the World	Sainte Bible Libre Pour le Monde	French	Français	4608640
Holy-Bible---French---French-Crampon-Bible---Standard-Edition.json	Augustin Crampon Bible	La Bible Augustin Crampon	French	Français	4723202
Holy-Bible---French---French-Crampon-Bible-New---Standard-Edition.json	New Augustin Crampon Bible	Sainte Bible néo-Crampon Libre	French	Français	4717453
Holy-Bible---French---French-Darby-Bible---Standard-Edition.json	French John Nelson Darby	Française John Nelson Darby	French	Français	4797030
Holy-Bible---French---French-Khan-Bible---Standard-Edition.json	Zadoc Khan Bible	La Bible de Zadoc Khan	French	Français	3632459
Holy-Bible---French---French-LXX---Standard-Edition.json	Translation of the LXX by P. GIGUET	Traduction de la LXX par P. GIGUET	French	Français	3569661
Holy-Bible---French---French-LXX-TheoTex---Standard-Edition.json	LXX by P. GIGUET, TheoTex	Traduction de la LXX par P. GIGUET	French	Français	3613635
Holy-Bible---French---French-Louis-Segond-1910-Bible---Standard-Edition.json	Louis Segond French Bible 1910	Louis Segond French Bible 1910	French	Français	4696265
Holy-Bible---French---French-Martin---Standard-Edition.json	French Martin Bible	Bible Française Martin	French	Français	4912059
Holy-Bible---French---French-Oltramare-Bible---Standard-Edition.json	New Testament, Oltramare	Nouveau Testament, Oltramare	French	Français	1143064
Holy-Bible---French---French-Ostervald-Bible---Standard-Edition.json	Ostervald French Bible	Ostervald French Bible	French	Français	4675001
Holy-Bible---French---French-Perret-Gentil-Rilliet---Standard-Edition.json	Perret-Gentil and Rilliet Bible	Bible Perret-Gentil et Rilliet	French	Français	4683236
Holy-Bible---French---French-Stapfer-Bible---Standard-Edition.json	Stapher New Testament	Nouveau Testament de Stapfer	French	Français	1135730
Holy-Bible---French---French-Synodale-Bible---Standard-Edition.json	Synodal New Testament and Psalms	Nouveau Testament et Psaumes, Synodale	French	Français	1420889
Holy-Bible---French---Geneva-Bible---Standard-Edition.json	French Geneva Bible	Le Bible de Genève	French	Français	1155610
Holy-Bible---French---Vulgate-Glaire---Standard-Edition.json	Glaire French Vulgate	French Vulgate Glaire	French	Français	4840329
Holy-Bible---Gamit---Gamit-Bible---Standard-Edition.json	Gamit Bible	ગામીત નોવો કરાર	Gamit	Gamit	2921855
Holy-Bible---Gamo---Gamo-Bible---Standard-Edition.json	Gamo Bible (Ethiopic)	ጌሻ ማጻፋ	Gamo	Gamotso	5919816
Holy-Bible---Gamo---Gamo-Bible-Latin---Standard-Edition.json	Gamo Bible (Latin)	Geeshsha Mexaafa	Gamo	Gamotso	4405468
Holy-Bible---Gamotso---Gamo---Standard-Edition.json	Gamo New Testament	Gamo Geesha Maxxafa	Gamotso	Gamotso	1027689
Holy-Bible---Gata---Gata-Didayi-Bible---Standard-Edition.json	Gata Didayi Bible	ସତ୍‌ ଗାଲି	Gta Asa, Didayi	ଡିଡାୟୀ	3336310
Holy-Bible---Gayil---Gayl-Bible---Standard-Edition.json	Goyil Bible	ክለ ጫቃ	Gayil	Gayil	1825982
Holy-Bible---Geji---Geji-Bible---Standard-Edition.json	Geji Bible	Bùù Bible	Geji	Bùù	932335
Holy-Bible---German---German-Albrecht---Standard-Edition.json	Albrecht New Testament and Psalms	Deutsche Neues Testament, Psalmen	German	Deutsch	1441673
Holy-Bible---German---German-Elberfelder-1871---Standard-Edition.json	Elberfelder German Bible 1871	Deutsche Bibel, Elberfelder	German	Deutsch	4995531
Holy-Bible---German---German-Elberfelder-1905---Standard-Edition.json	Elberfelder German Bible 1905	Deutsche Bibel, Elberfelder	German	Deutsch	4714092
Holy-Bible---German---German-Katholiche-Riessler---Standard-Edition.json	Catholic Bible, Paul Riessler	Katholische Bibel, Paul Riessler	German	Deutsch	4434779
Holy-Bible---German---German-Kautzsch-Weizsacker---Standard-Edition.json	Kautzsch Weizsäcker German Bible	Deutsche Bibel, Kautzsch und Weizsäcker	German	Deutsch	4704653
Holy-Bible---German---German-Luther-Bible-1545---Standard-Edition.json	Luther German Bible 1545	Deutsche Bibel, Luther	German	Deutsch	4365581
Holy-Bible---German---German-Luther-Bible-1912---Standard-Edition.json	Luther German Bible 1912	Deutsche Bibel, Luther	German	Deutsch	4474599
Holy-Bible---German---German-Menge---Standard-Edition.json	Menge German Bible	Deutsche Bibel	German	Deutsch	5117091
Holy-Bible---German---German-Reinhardt-Bible---Standard-Edition.json	The Gospels by Ludwig Reinhardt	Die Evangelien, Reinhardt	German	Deutsch	505494
Holy-Bible---German---German-Schlachter---Standard-Edition.json	Schlachter German Bible	Deutsche Bibel	German	Deutsch	4616680
Holy-Bible---German---German-Tafel-Bible---Standard-Edition.json	Tafel German Bible	Deutsche Bibel, Tafel	German	Deutsch	3933193
Holy-Bible---German---Open-Bible---Standard-Edition.json	Open Bible, Study Version	Offene Bibel, Studienfassung	German	Deutsch	1362354
Holy-Bible---German---Zurich-Bible---Standard-Edition.json	German Zurich Bible	Deutsche Zürcher Bibel	German	Deutsch	4599043
Holy-Bible---Ghanongga---Kubokota-Adapt-Bible---Standard-Edition.json	Ghanongga Kubokota Adapt Bible	Ghanongga Kubokota Adapt Bible	Ghanongga	Ghanongga	1535651
Holy-Bible---Gikuyu---Kikuyu---Standard-Edition.json	Kikuyu Bible	Kiugo Gĩtheru Kĩa Ngai Kĩhingũre	Gikuyu	Kikuyu	5299706
Holy-Bible---Glavda---Glavda-Bible---Standard-Edition.json	Glavda Bible	Glavda Bible	Glavda	Galavda	684916
Holy-Bible---Gofa---Gofa-Bible---Standard-Edition.json	Gofa New Testament	Gofa New Testament	Gofa	Goofa	1033178
Holy-Bible---Gofa---Gofa-Bible-Ethiopian---Standard-Edition.json	Gofa Bible (Ethiopic)	ጌሻ ማፃፋ	Gofa	Goofa	5587416
Holy-Bible---Gofa---Gofa-Bible-Latin---Standard-Edition.json	Gofa Bible (Latin)	Gofa Bible (Latin)	Gofa	Goofa	3974905
Holy-Bible---Gourma---Gourma-Bible---Standard-Edition.json	Gourma Bible	Bible Gourma du Burkina Faso	Gourma	Gourmanchéma	1085030
Holy-Bible---Gourmantche---Gourmantche-Bible---Standard-Edition.json	Gourmantche Bible	Bible Gourmantche du Togo	Gourmantche	Gourmanchéma	1027649
Holy-Bible---Gowlan---Gowlan-Bible---Standard-Edition.json	Gowlan Bible	परमेश्वर को पवित्र वचन	Gowlan	Gowlan	2325246
Holy-Bible---Gowli---Gawli-Bible---Standard-Edition.json	Gawli Bible	ದೆವಾಚಿ ಖರಿ ಕಬರ್	Gowli	Gowli	2755898
Holy-Bible---Greek---Greek-Antoniades---Standard-Edition.json	Antoniades Patriarchal Edition	H Καινή Διαθήκη	Greek, Koine	Ελληνική	1624851
Holy-Bible---Greek---Greek-Byzantine---Standard-Edition.json	Greek NT Byzantine	H Καινή Διαθήκη	Greek, Koine	Ελληνική	1781985
Holy-Bible---Greek---Greek-Byzantine-Majority---Standard-Edition.json	Greek NT Byzantine / Majority Text	H Καινή Διαθήκη	Greek, Byzantine	Ελληνική	1621957
Holy-Bible---Greek---Greek-LXX-Septuagint---Standard-Edition.json	Greek Septuagint LXX	H μετάφρασις τῶν Ἑβδομήκοντα	Greek, Koine	Ελληνική	5845638
Holy-Bible---Greek---Greek-Majority-Text---Standard-Edition.json	Greek Majority Text NT	H Καινή Διαθήκη	Greek, Koine	Ελληνική	1620615
Holy-Bible---Greek---Greek-Modern-Kathareuousa---Standard-Edition.json	Neophytos Vamvas Modern Greek	H Καινή Διαθήκη, Καθαρεύουσα	Greek, Kathareuousa	Ελληνική	7961731
Holy-Bible---Greek---Greek-Nestle---Standard-Edition.json	Greek NT Nestle 1904	H Καινή Διαθήκη	Greek, Koine	Ελληνική	1752044
Holy-Bible---Greek---Greek-Pickering-Family-35---Standard-Edition.json	Greek Pickering Family 35	H Καινή Διαθήκη	Greek, Koine	Ελληνική	1621649
Holy-Bible---Greek---Greek-SBL---Standard-Edition.json	Greek NT SBL	H Καινή Διαθήκη	Greek, Koine	Ελληνική	1769311
Holy-Bible---Greek---Greek-STEPBible---Standard-Edition.json	Greek NT STEP Bible	H Καινή Διαθήκη	Greek, Koine	Ελληνική	1907133
Holy-Bible---Greek---Greek-Scrivener---Standard-Edition.json	Greek NT Scrivener	H Καινή Διαθήκη	Greek, Koine	Ελληνική	1625351
Holy-Bible---Greek---Greek-Statistical-Restoration---Standard-Edition.json	Greek NT Statistical Restoration	H Καινή Διαθήκη	Greek, Koine	Ελληνική	1768018
Holy-Bible---Greek---Greek-Stephanus---Standard-Edition.json	Greek NT Stephanus	H Καινή Διαθήκη	Greek, Koine	Ελληνική	1626588
Holy-Bible---Greek---Greek-TR-Stephanus-Scrivener---Standard-Edition.json	Greek NT Textus Receptus Scrivener	H Καινή Διαθήκη	Greek, Koine	Ελληνική	1626809
Holy-Bible---Greek---Greek-Textus-Receptus---Standard-Edition.json	Greek NT Textus Receptus	H Καινή Διαθήκη	Greek, Koine	Ελληνική	1632923
Holy-Bible---Greek---Greek-Textus-Receptus-Boyd---Standard-Edition.json	Greek NT Textus Receptus Boyd	Η Καινή Διαθήκη	Greek, Koine	Ελληνική	1787947
Holy-Bible---Greek---Greek-Textus-Receptus-Elzevir---Standard-Edition.json	Greek NT Textus Receptus Elzevir	H Καινή Διαθήκη	Greek, Koine	Ελληνική	1627073
Holy-Bible---Greek---Greek-Tischendorf---Standard-Edition.json	Tischendorf Greek New Testament	H Καινή Διαθήκη	Greek, Koine	Ελληνική	1753588
Holy-Bible---Greek---Greek-Tregelles---Standard-Edition.json	Greek NT Tregelles	H Καινή Διαθήκη	Greek, Koine	Ελληνική	1764731
Holy-Bible---Greek---Greek-Westcott-Hort---Standard-Edition.json	Greek NT Westcott / Hort	H Καινή Διαθήκη	Greek, Koine	Ελληνική	1634917
Holy-Bible---Greek---Text-Critical---Standard-Edition.json	Greek NT Text-Critical	H Καινή Διαθήκη	Greek, Koine	Ελληνική	1779187
Holy-Bible---Guduf-Gava---Guduf-Gava-Bible---Standard-Edition.json	Guduf-Gava Bible	Gava Bible	Guduf-Gava	Guduf-Gava	266685
Holy-Bible---Gujarati---Gujarati-Bible---Standard-Edition.json	Gujarati Bible	ગુજરાતી બાઇબલ	Gujarati	ગુજરાતી	9989560
Holy-Bible---Gujii---Guji-Oromo-Bible---Standard-Edition.json	Guji Oromo Bible	Kitaaba Woyyuu	Gujii Oromo	Gujii Oromo	4828608
Holy-Bible---Haitian---Haitian-Creole-Bible---Standard-Edition.json	Haitian Creole Bible	Kreyòl Ayisyen Bible	Haitian Creole	Kreyòl Ayisyen	4721435
Holy-Bible---Haitian---Haitian-Creole-Smith---Standard-Edition.json	Smith Haitian Creole Bible	Bib Sen An	Haitian Creole	Kreyòl Ayisyen	4292757
Holy-Bible---Halbi---Halbi-Bible---Standard-Edition.json	Halbi Bible	परमेस्वर को सच्चो वचन ख जाननू	Halbi	हलबी	2331638
Holy-Bible---Haryanvi---Haryanvi-Bible---Standard-Edition.json	Haryanvi Bible	हरियाणवी बाइबिल	Haryanvi	हरियाणवी‎	2702121
Holy-Bible---Hausa---Contemporary---Standard-Edition.json	Hausa Contemporary Bible	Littafi Mai Tsarki, Don Kowa	Hausa	Hausa	4316204
Holy-Bible---Hausa---Hausa-Bible---Standard-Edition.json	Hausa New Testament	Littafi Mai Tsarki	Hausa	Hausa	1026119
Holy-Bible---Havu---Havu-Bible---Standard-Edition.json	Havu Bible	Kihavu Bible	Havu	Kihavu	318047
Holy-Bible---Hawaiian---Hawaiian-Bible-1868---Standard-Edition.json	Hawaiian Bible 1868	Baibala Hemolele	Hawaiian	Ōlelo Hawai'i	4822890
Holy-Bible---Hebrew---Hebrew-Aleppo-Codex---Standard-Edition.json	Hebrew Aleppo Codex	כתבי הקודש	Hebrew	עברית	3006052
Holy-Bible---Hebrew---Hebrew-Aleppo-Miqra-Mesorah---Standard-Edition.json	Miqra `al pi ha-Mesorah	מקרא על פי המסורה	Hebrew	עברית	5190171
Holy-Bible---Hebrew---Hebrew-Masoretic-OT---Standard-Edition.json	Hebrew Masoretic Old Testament	כתבי הקודש	Hebrew	עברית	5702078
Holy-Bible---Hebrew---Hebrew-STEPBible---Standard-Edition.json	Hebrew STEP Old Testament	כתבי הקודש	Hebrew	עברית	5675839
Holy-Bible---Hebrew---Hebrew-Westminster-Leningrad---Standard-Edition.json	Westminster Leningrad Codex OT	כתבי הקודש	Hebrew	עברית	5660479
Holy-Bible---Hebrew---Hebrew-Westminster-Leningrad-Kimball---Standard-Edition.json	Westminster Leningrad Cdx Kimball	כתבי הקודש	Hebrew	עברית	5181152
Holy-Bible---Hebrew---Living-Bible---Standard-Edition.json	Hebrew Living New Testament	הברית החדשה/הדרך זכויות פתוחות	Hebrew	עברית	1381610
Holy-Bible---Hebrew---Modern-Hebrew-Bible---Standard-Edition.json	Modern Hebrew Bible	תנ ך עברי מודרני	Hebrew	עברית	4113389
Holy-Bible---Hebrew---Salkinson-Hebrew-Bible---Standard-Edition.json	Salkinson Hebrew Bible	הברית החדשה של סלקינסון	Hebrew	עברית	1859868
Holy-Bible---Hebrew---Westminster-Leningrad-Philadelphia---Standard-Edition.json	Westminster Leningrad Cdx Phila	כתבי הקודש	Hebrew	עברית	5659739
Holy-Bible---Hindi---Contemporary---Standard-Edition.json	Hindi Contemporary Version Bible	हिंदी समकालीन संस्करण-स्वतंत्र उपलब्धि	Hindi	हिन्दी	10742070
Holy-Bible---Hindi---Hindi-Bible---Standard-Edition.json	Hindi Bible	पवित्र बाइबिल	Hindi	हिन्दी	9844328
Holy-Bible---Hona---Hwana-Bible---Standard-Edition.json	Hwana Bible	Hona Bible	Hwana	Hona	1211082
Holy-Bible---Hre---Hre-Bible---Standard-Edition.json	Hre Bible	Hset Hadròeh	Hre	Hset	1170886
Holy-Bible---Hruso---Hrusso-Angka-Bible---Standard-Edition.json	Hruso Bible	Aka Bible	Hruso	Aka	151918
Holy-Bible---Hungarian---Hungarian-Jewish-Bible---Standard-Edition.json	The Israeli-Hungarian Bible	Az Izraelita-Magyar Biblia	Hungarian	Magyar Nyelv	3320361
Holy-Bible---Hungarian---Hungarian-Karoli---Standard-Edition.json	Revised Hungarian Bible 1908	Revideált Károli Biblia 1908	Hungarian	Magyar Nyelv	4565912
Holy-Bible---Hungarian---Magyar-Bible---Standard-Edition.json	Hungarian Open New Testament	Nyitott Újszövetség	Hungarian	Magyar Nyelv	1081381
Holy-Bible---Icelandic---Open-Living-Word---Standard-Edition.json	Icelandic Open Living Word	Opna Lifandi Orð	Icelandic	Íslenska	1492609
Holy-Bible---Igbo---Igbo-Bible---Standard-Edition.json	The Igbo Holy Bible for Everyone	Baịbụlụ Nsọ n’Igbo Ndị Ugbu	Igbo	Igbo	5424474
Holy-Bible---Ikizu---Ikizu-Bible---Standard-Edition.json	Ikizu Bible	Ʉbhʉragɨ Ubhuhya Mʉkɨgambʉ chi Ikikiizʉ	Ikizu	Kiikiizo	1406930
Holy-Bible---Ilocano---Ilocano-Bible---Standard-Edition.json	Ilocano Bible	Ti Biblia	Ilocano	Ilocano	5196480
Holy-Bible---Ilonggo---Hiligaynon-Free-Bible---Standard-Edition.json	Ilonggo Free Bible	Libre Ang Pulong Sang Dios	Ilonggo	Binisayâ	5123949
Holy-Bible---Indonesian---Bahasa-Indonesia-Sehari-hari---Standard-Edition.json	Everyday Indonesian Bible	Bahasa Indonesia Sehari-hari	Indonesian	Bahasa Indonesia	4814088
Holy-Bible---Indonesian---For-All---Standard-Edition.json	Indonesian Bible for All	Alkitab Gratis untuk Semua	Indonesian	Bahasa Indonesia	1308932
Holy-Bible---Indonesian---New-Indonesian-Translation---Standard-Edition.json	Indonesian New Translation	Terjemahan Baru	Indonesian	Bahasa Indonesia	5074458
Holy-Bible---Indonesian---Simple---Standard-Edition.json	Simple Indonesian Bible, 3rd Edition	Alkitab Sederhana Indonesia	Indonesian	Bahasa Indonesia	3947839
Holy-Bible---Irish---Odomhnuill-Modern---Standard-Edition.json	Irish O'Domhnuill Modernized	Irish O'Domhnuill Modernized	Irish	Irish	171458
Holy-Bible---Isanzu---Isanzu-Bible---Standard-Edition.json	Isanzu Bible	Kiisanzu Bible	Isanzu	Kiisanzu	1069262
Holy-Bible---Italian---Conferenza-Episcopale-Italiana---Standard-Edition.json	Italian Catholic Church Bible	Conferenza Episcopale Italiana	Italian	Italiano	4283720
Holy-Bible---Italian---Italian-Giovanni-Diodati-Bible---Standard-Edition.json	Diodati Italian Bible 1649	Diodati Italiano Bibbia	Italian	Italiano	4700847
Holy-Bible---Italian---Italian-Riveduta-Bible---Standard-Edition.json	Riveduta Italian Bible 1927	Riveduta Italiano Bibbia	Italian	Italiano	4566852
Holy-Bible---Janji---Janji-Bible---Standard-Edition.json	Janji Bible	Janji Bible	Janji	Ajanji	985263
Holy-Bible---Japanese---Japanese-Bungo-yaku---Standard-Edition.json	Japanese Bungo-yaku / Taisho-kaiyaku	大正改訳「新約聖書」	Japanese	日本語	4653723
Holy-Bible---Japanese---Japanese-Electronic-Network-Bible---Standard-Edition.json	Japanese Electronic Network Bible	日本の電子ネットワーク聖書	Japanese	日本語	1003347
Holy-Bible---Japanese---Japanese-Kougo-yaku---Standard-Edition.json	Japanese Kougo-yaku, Colloquial	口語訳「聖書」	Japanese	日本語	5683291
Holy-Bible---Japanese---Japanese-Meiji-yaku---Standard-Edition.json	Japanese Meiji-yaku 1953	明治元訳「舊約聖書」	Japanese	日本語	1563252
Holy-Bible---Japanese---Japanese-Raguet-yaku---Standard-Edition.json	Japanese Raguet-yaku 1910	ラゲ訳「我主イエズスキリストの新約聖書」	Japanese	日本語	1143463
Holy-Bible---Japanese---New-Japanese-New-Testament---Standard-Edition.json	Japanese New Testament 1965	新改訳新約聖書	Japanese	日本語	1481406
Holy-Bible---Jumjum---Jumjum-Bible---Standard-Edition.json	Jumjum Bible	Meeŋka Jooŋ	Jumjum	Jumjum	398274
Holy-Bible---Juray---Juray-Bible---Standard-Edition.json	Juray Bible	ଆଜାଡ଼ି ତଙରନ୍‌	Juray	Juray	3631244
Holy-Bible---Kamano---Kamano-Kafe---Standard-Edition.json	Kamano-Kafe Bible	Anumzamofo Ruotage Avontafere	Kamano	Kamano-Kafe	5755479
Holy-Bible---Kannada---Indian-Revised-Version---Standard-Edition.json	Kannada Indian Revised Version	ಇಂಡಿಯನ್ ರಿವೈಜ್ಡ್ ವರ್ಸನ್	Kannada	ಕನ್ನಡ	10876681
Holy-Bible---Kannada---Open-Contemporary---Standard-Edition.json	Kanada Open Contemporary Bible	ಉಚಿತ ಕನ್ನಡ ಸಮಕಾಲಿಕ ಭಾಷಾಂತರ	Kannada	ಕನ್ನಡ	11003721
Holy-Bible---Kannada---Siddi-Bible---Standard-Edition.json	Siddi Bible	ದೆವಾಚಿ ಖರಿ ಖಬರ್	Kannada	ಕನ್ನಡ	3262207
Holy-Bible---Kapin---Kapin-Bible---Standard-Edition.json	Kapin Bible	Kapin Bible	Kapin	Kapin	803815
Holy-Bible---Kara---Kara-Bible---Standard-Edition.json	Kara Bible	Kikara Bible	Kara	Kikara	1128949
Holy-Bible---Kiche---Totonicapan---Standard-Edition.json	K’iche’ of Totonicapan NT	Ri Kꞌakꞌ Testamento Pa Tzijobꞌal Kꞌicheꞌ	K'iche'	Qach’abel	1363706
Holy-Bible---Kinga---Mahanji-Bible---Standard-Edition.json	Kinga Bible	Mahanji Bible	Kinga	Mahanji	1095809
Holy-Bible---Kisi---Kisi-Bible---Standard-Edition.json	Kisi Bible	Kese Bible	Kisi	Kese	1156469
Holy-Bible---Kituba---Kituba-Bible---Standard-Edition.json	Kituba Bible	Mambu ya Nzambi	Kituba	Monokutuba	5438664
Holy-Bible---Kizalamo---Zaramo-Kizalamo-Bible---Standard-Edition.json	Kizalamo Bible	Bibilia ya Kizalamo	Kizalamo	Zaramo	1534167
Holy-Bible---Koda---Koda-Bible---Standard-Edition.json	Koda Bible	কড়া অনুবাদ	Koda	কোডা	1472863
Holy-Bible---Kolami-Southeastern---Kolami-Bible---Standard-Edition.json	Southeastern Kolami Bible	కొత్త కరార్	Kolami, Southeastern	కొలామి	2685309
Holy-Bible---Konda-Dora---Konda-Porja-Bible---Standard-Edition.json	Konda-Dhora Bible	ମାପୁରୁଦି ସତ୍‌ ବାକ୍ୟ	Konda-Dhora	କୋଣ୍ଡା	3312708
Holy-Bible---Korean---Korean-1910---Standard-Edition.json	Korean 1910 Bible	개역성경	Korean	한국어	4811960
Holy-Bible---Korean---Korean-RV---Standard-Edition.json	Korean Revised Version	개역성경	Korean	한국어	4858556
Holy-Bible---Korean---Korean-Revised-Version---Standard-Edition.json	Korean Revised Bible	개역성경	Korean	한국어	4814088
Holy-Bible---Kosraean---Kosraean-Bible---Standard-Edition.json	Kosraean Bible	Baibel Mutal ke Kas Kusaie	Kosraean	Kusaiean	4442935
Holy-Bible---Koya---Koya-Bible---Standard-Edition.json	Koya Bible	ପୁନାଦ୍ ଆର୍ର୍	Koya	କୋୟା	3379850
Holy-Bible---Kuhane---Kuhane-Bible---Standard-Edition.json	Kuhane Bible	Chikuahane Bible	Kuhane	Chikuahane	1044950
Holy-Bible---Kurama---Kurama-Akurumi-Bible---Standard-Edition.json	Kurama Akurumi Bible	T'kurmi Bible	Kurama	T'kurmi	114705
Holy-Bible---Kurdish---Sorani-Bible---Standard-Edition.json	Kurdish Sorani Bible	وەشانی بێبەرامبەری کوردیی سۆرانیی ستاندەر	Kurdish, Central	كوردی سۆرانی	6681089
Holy-Bible---Kutu---Kutu-Bible---Standard-Edition.json	Kutu Bible	Lagano da Sambi kwa Wanhu Wose	Kutu	Kutu	1094855
Holy-Bible---Kuturmi---Kuturmi-Bible---Standard-Edition.json	Kuturmi Bible	Ibiro-Ikryo Bible	Kuturmi	Ibiro-Ikryo	157735
Holy-Bible---Kuvi---Kuvi-Bible---Standard-Edition.json	New Testament in Kuvi	ପୁଃନି ମେ଼ରା	Kuvi	କୁଭି, କୁୱି	2980576
Holy-Bible---Latin---Clementine-Vulgate-1598---Standard-Edition.json	Clementine Vulgate 1598	Bibbia Vulgata Clementina	Latin	Latine	3921155
Holy-Bible---Latin---Clementine-Vulgate-Conte---Standard-Edition.json	Clementine Vulgate, Conte	Bibbia Vulgata Clementina	Latin	Latine	3919069
Holy-Bible---Latin---Clementine-Vulgate-Hetzenauer---Standard-Edition.json	Clementine Vulgate, Hetzenauer	Bibbia Vulgata Clementina	Latin	Latine	3918838
Holy-Bible---Latin---Clementine-Vulgate-Tweedale---Standard-Edition.json	Clementine Vulgate, Tweedale	Bibbia Vulgata Clementina	Latin	Latine	3918451
Holy-Bible---Latin---Vulgata-Sistina---Standard-Edition.json	Sistina Vulgate Bible	Bibbia Vulgata Sistina	Latin	Latine	3922828
Holy-Bible---Latin---Vulgate-Jerome---Standard-Edition.json	Jerome Vulgate Bible	Bibbia Vulgata Jerome	Latin	Latine	3776417
Holy-Bible---Latvian---Latvian-Gluck-Bible---Standard-Edition.json	Latvian Glück Bible 8th edition	Latviešu Glück Bībele	Latvian	Latviešu	4347651
Holy-Bible---Lingala---Lingala-Bible---Standard-Edition.json	Lingala Bible	Mokanda na Bomoi	Lingala	Lingála	4938998
Holy-Bible---Lithuanian---Believers-Heritage---Standard-Edition.json	Lithuanian Believers Heritage	Tikinčiųjų Paveldo Vertimas	Lithuanian	Lietuvių	331645
Holy-Bible---Lithuanian---Open-Lithuanian-Bible---Standard-Edition.json	Open Lithuanian Scriptures	Naudojimo Teisės Atviros	Lithuanian	Lietuvių	282707
Holy-Bible---Lodhi---Lodhi-Bible---Standard-Edition.json	Lodhi New Testament	परमेश्वर को सच्चो वचन	Lodhi	लोधी	4598399
Holy-Bible---Luganda---Luganda-Bible---Standard-Edition.json	Luganda Bible	Bayibuli Entukuvu	Luganda	Luganda	4632780
Holy-Bible---Lungga---Lungga-Bible---Standard-Edition.json	Lungga Bible	Luqa Bible	Lungga	Luqa	1799096
Holy-Bible---Luyana---Luyana-Bible---Standard-Edition.json	Luyana Bible	Luyi Bible	Luyana	Luyi	1117066
Holy-Bible---Mahasu-Pahari---Baghlayani-Bible---Standard-Edition.json	Mahasu Pahari Baghlayani Bible	बघल्याणी नवां विधान	Mahasu Pahari	बघल्याणी	2556964
Holy-Bible---Makhuwa-Meetto---Makua-Bible---Standard-Edition.json	Makhuwa-Meetto Bible	Makua Bible	Makhuwa-Meetto	Makua	1226686
Holy-Bible---Malagasy---Malagasy-Bible---Standard-Edition.json	Malagasy Bible 1865	Soratra Masina	Malagasy	Malagasy	4960636
Holy-Bible---Malagasy---Tandroy-Mahafaly-Bible---Standard-Edition.json	Malagasy Tandroy-Mahafaly Bible	Saontsin’ Añahare, Madagascar	Malagasy, Tandroy-Mahafaly	Tandroy	4497304
Holy-Bible---Malayalam---1910-Contemporary---Standard-Edition.json	Malayalam Bible 1910 Modern	മലയാളം ബൈബിള്‍ 1910 Modern	Malayalam	മലയാളം	11318313
Holy-Bible---Malayalam---Contemporary---Standard-Edition.json	Malayalam Contemporary Bible	സമകാലിക മലയാളവിവർത്തനം	Malayalam	മലയാളം	12461709
Holy-Bible---Malayalam---Malayalam-Bible---Standard-Edition.json	Malayalam Indian Revised Bible	മലയാളം ബൈബിള്‍	Malayalam	മലയാളം	11610087
Holy-Bible---Malayalam---Malayalam-Bible-1910---Standard-Edition.json	Malayalam Bible 1910	മലയാളം ബൈബിള്‍ 1910	Malayalam	മലയാളം	11307781
Holy-Bible---Male---Maale-Bible---Standard-Edition.json	Maale Bible (Ethiopic)	ጌኤዦ ማፃኣፖ	Male	Maale	6947567
Holy-Bible---Manipuri---Meitei-Bible---Standard-Edition.json	Manipuri Bible	Meitei Bible	Manipuri	Meitei	1337184
Holy-Bible---Maori---Maori-Bible---Standard-Edition.json	Maori Bible	Te Paipera Tapu	Māori	Māori	4830365
Holy-Bible---Marathi---Marathi-Bible---Standard-Edition.json	Marathi Indian Revised Bible	राठी बायबल	Marathi	मराठी	10802251
Holy-Bible---Marathi---Marathi-Indian-Bible---Standard-Edition.json	Marathi Contemporary Bible	मराठी समकालीन स्वतंत्र संस्करण	Marathi	मराठी	10844466
Holy-Bible---Marghi-South---Marghi-South-Bible---Standard-Edition.json	Marghi South Bible	Ndǝshiguˈyar Foɗǝu Ənga Thlǝr Camaˈyar	Marghi South	Marghi South	956613
Holy-Bible---Matengo---Amatengu-Bible---Standard-Edition.json	Matengo Bible	Amatengu Bible	Matengo	Matengo	1152751
Holy-Bible---Matumbi---Matumbi-Bible---Standard-Edition.json	Matumbi Kimatuumbi Bible	Injili ya Yesu	Matumbi	Kimatuumbi	770798
Holy-Bible---Mbe---Mbe-Bible---Standard-Edition.json	Mbe Bible	M̀bè Mbembe Okohm	Mbe	M̀bè	1598322
Holy-Bible---Mbula-Bwazza---Mbula-Bwazza-Bible---Standard-Edition.json	Mbula-Bwazza Bible	Ɓwázà Bible	Mbula-Bwazza	Ɓwázà	3040797
Holy-Bible---Melo---Melo-Bible---Standard-Edition.json	Melo Ethiopic Bible	ኦሮꬅ ጫቆ	Melo	Malo	1386063
Holy-Bible---Mori-Atas---Mori-Atas-Bible---Standard-Edition.json	Mori Atas Bible	Alkitab Tambee	Mori Atas	Upper Mori	192442
Holy-Bible---Mpoto---Mpoto-Bible---Standard-Edition.json	Mpoto Bible	Chimpoto	Mpoto	Mpoto	1286458
Holy-Bible---Mum---Mum-Bible---Standard-Edition.json	Mum Bible	Kuyu Avi Matyu Yɨhimbɨvɨrami	Mum	Katiati	236863
Holy-Bible---Munda---Munda-Bible---Standard-Edition.json	Munda New Testament	ପାର୍‌ମେଶ୍ୱାର୍‌ଆଃ ଜୀନିଦ୍‌ ବାଚାନ୍‌	Munda	ମୁଣ୍ଡାରୀ	3404249
Holy-Bible---Mwaghavul---Mwaghavul-Bible---Standard-Edition.json	Mwaghavul Sura Bible	Manji Yiljep	Mwaghavul	Sura	701248
Holy-Bible---Mwera---Mwera-Bible---Standard-Edition.json	Mwera Bible	Malagano ga Ambi	Mwera	Mwera	1229735
Holy-Bible---Myanmar---Burmese-Common-Bible---Standard-Edition.json	Burmese Common Language Bible	ခေတ်သုံးမြန်မာသမ္မာကျမ်း	Myanmar Burmese	မြန်မာဘာသာ	17231112
Holy-Bible---Myanmar---Burmese-Judson---Standard-Edition.json	Myanmar Burmese Judson Text	မြန်မာယုဒသန်သမ္မာကျမ်း	Myanmar Burmese	မြန်မာဘာသာ	12429475
Holy-Bible---Myanmar---Myanmar-Burmese-Judson---Standard-Edition.json	Myanmar Burmese Judson Bible	မြန်မာယုဒသန်သမ္မာကျမ်း	Myanmar Burmese	မြန်မာဘာသာ	12055040
Holy-Bible---Naga-Pidgin---Nagamese-Bible---Standard-Edition.json	Nagamese Bible	Indian Standard Version Nagamese	Naga, Pidgin	Nagamiz	1226159
Holy-Bible---Naga-Tutsa---Tutsa-Naga-Bible---Standard-Edition.json	Tutsa Naga Bible	Esa Leedap Ena Banlam	Naga, Tutsa	Totcha	1266770
Holy-Bible---Ncane---Ncane-Bible---Standard-Edition.json	Ncane Bible	Nchane Bible	Ncane	Nchane	1426561
Holy-Bible---Ndebele---Accessible-Bible---Standard-Edition.json	Ndebele Accessible Bible	Ibhayibhili Elifinyelelekayo	Ndebele	Ndebele	4363767
Holy-Bible---Ndebele---Ndebele-Bible---Standard-Edition.json	Ndebele Bible	Ndebele Bible	Ndebele	Ndebele	4224796
Holy-Bible---Ndendeule---Ndendeule-Bible---Standard-Edition.json	Ndendeule Bible	Ndendeule Bible	Ndendeule	Ndendeule	1273890
Holy-Bible---Ndengereko---Ndengereko-Bible---Standard-Edition.json	Ndengereko Bible	Kindengereko Bible	Ndengereko	Kindengereko	1029199
Holy-Bible---Ndonde-Hamba---Ndonde-Hamba-Bible---Standard-Edition.json	Ndonde Hamba Bible	Ndondehamba	Ndonde Hamba	Ndondehamba	175004
Holy-Bible---Ndwewe---Ndwewe-Bible---Standard-Edition.json	Ndwewe Bible	Ruvuma Bible	Ndwewe	Ndwewe	1305555
Holy-Bible---Nend---Mark---Standard-Edition.json	Mark in Nend	MAK Yakŋ Ohɨrand Ya Imbɨr Makɨv Mpamar	Nend	Nend	148607
Holy-Bible---Nepali---Nepali-Bible---Standard-Edition.json	Nepali Bible	पवित्र बाइबल	Nepali	नेपाली	10989048
Holy-Bible---Nepali---Nepali-Contemporary---Standard-Edition.json	Nepali Contemporary Bible	नेपाली समकालीन सर्वसुलभ संस्करण	Nepali	नेपाली	10934128
Holy-Bible---Ngoni---Ngoni-Bible---Standard-Edition.json	Ngoni New Testament	Ngoni New Testament	Ngoni	Chingoni	1166021
Holy-Bible---Nkangala---Nkangala-Bible---Standard-Edition.json	Nkangala Bible	Nkangala Bible	Nkangala	Nkangala	993902
Holy-Bible---Norwegian---Living-Bible---Standard-Edition.json	Norwegian Living New Testament	Open En Levende Bok	Norwegian Bokmal	Norsk Bokmål	1228899
Holy-Bible---Norwegian---Norwegian-Bible---Standard-Edition.json	Norwegian Bible	Norsk Bibel	Norwegian Bokmal	Norsk Bokmål	4157288
Holy-Bible---Norwegian---Norwegian-Student-Bible---Standard-Edition.json	Norwegian Student Bible	Fyre Car, Studentmållagsbibelen	Norwegian Nynorsk	Norsk Nynorsk	4172292
Holy-Bible---Oriya---Oriya-Bible---Standard-Edition.json	Oriya Bible	ଓଡିଆ ବାଇବେଲ	Oriya	ଓଡ଼ିଆ	11101262
Holy-Bible---Oromo---New-World---Standard-Edition.json	New Oromo Contemporary Version	Hiikkaa Ammayyaa Banamaa Haaraa	Oromo, West Central	Afaan Oromoo	4779620
Holy-Bible---Oromo---West-Central-Oromo-Bible---Standard-Edition.json	West Central Oromo Bible	ሂካ አመያ በነማ ሃራ, ሎቆደ ዽኣ	Oromo, West Central	Afaan Oromoo	6050729
Holy-Bible---Oyda---Oyda-Bible-Latin---Standard-Edition.json	Oyda Bible (Latin)	Kille Caaqo	Oyda	Oyda	1027094
Holy-Bible---Oyda---Oyde-Bible-Ethiopic---Standard-Edition.json	Oyda Bible (Ethiopic)	ክለ ጫቆ	Oyda	Oyda	1381594
Holy-Bible---Padoe---Padoe-Bible---Standard-Edition.json	Padoe Bible	Akitab Padoe	Padoe	Padoe	178467
Holy-Bible---Palaung-Shwe---Shwe-Palaung-Bible---Standard-Edition.json	Shwe Palaung Bible	ပလောင်ဘာသာ	Palaung, Shwe	ပလောင်ဘာသာ	265642
Holy-Bible---Panjabi---Punjabi-Bible---Standard-Edition.json	Punjabi Bible	ਪੰਜਾਬੀ ਬਾਈਬਲ	Panjabi, Eastern	ਪੰਜਾਬੀ	10160797
Holy-Bible---Pengo---Pengo-Bible---Standard-Edition.json	Pengo Bible	ସତ୍‌ ବଚନ୍‌	Pengo	Pengu	3130218
Holy-Bible---Persian---Old-Persion-Version-Bible---Standard-Edition.json	Old Persion Version Bible	ترجمه قدیم	Persian	فارسی	6074105
Holy-Bible---Persian---Open-Contemporary---Standard-Edition.json	Open Persian Contemporary Bible	فارسی	Persian	فارسی	6552450
Holy-Bible---Pogolo---Pogoro-Bible---Standard-Edition.json	Pogoro New Testament	Lipatanu Lya Syayi, Wantu Woseri	Pogolo	Pogolo	1197623
Holy-Bible---Pohnpeian---Pohnpeian-NT-Psalms-New-Alphabet---Standard-Edition.json	Pohnpeian NT, Psalms: New Alpha	Kadede Kap Psam Akan	Pohnpeian	Pohnpeian	1182255
Holy-Bible---Pohnpeian---Pohnpeian-NT-Psalms-Old-Alphabet---Standard-Edition.json	Pohnpeian NT, Psalms: Old Alpha	Kadede Kap Pjam Akan	Pohnpeian	Pohnpeian	1159037
Holy-Bible---Polci---Polci-Bible---Standard-Edition.json	Polci Bible	Zul Pəlci Bible	Polci	Pəlci	896542
Holy-Bible---Polish---Open-Access-Word-of-Life---Standard-Edition.json	Polish Open Access Word of Life	Słowo Życia, Otwarty Dostęp	Polish	Polskie	1091244
Holy-Bible---Polish---Polish-Gdansk---Standard-Edition.json	Polish Gdansk Bible 1881	Święta Biblia	Polish	Polskie	4387551
Holy-Bible---Polish---Polish-Updated-Gdansk---Standard-Edition.json	Polish Updated Gdansk Bible	Święta Biblia	Polish	Polskie	4300846
Holy-Bible---Portuguese---Almeida-Bible-1911---Standard-Edition.json	Portuguese Bible 1911	Ferreira de Almeida Bíblia	Portuguese	Língua Portuguesa	4319574
Holy-Bible---Portuguese---Almeida-NewOrthography---Standard-Edition.json	Portuguese Bible 1911, New Spelling	Almeida Bíblia, Ortografia Nova	Portuguese	Língua Portuguesa	4306274
Holy-Bible---Portuguese---Biblia-Livre---Standard-Edition.json	Free Portuguese Bible	Bíblia Livre Portuguesa	Portuguese	Língua Portuguesa	4277467
Holy-Bible---Portuguese---Free-for-All---Standard-Edition.json	Portuguese Free Bible for All	Biblia Livre Para Todos	Portuguese	Língua Portuguesa	1178564
Holy-Bible---Portuguese---New-Open-Access---Standard-Edition.json	New Open Access Bible	Bíblia Nova Versão de Acesso Livre	Portuguese	Língua Portuguesa	4461341
Holy-Bible---Portuguese---Open-New-Bible---Standard-Edition.json	Portuguese Open New Living Bible	Open Nova Bíblia Viva	Portuguese	Língua Portuguesa	4823309
Holy-Bible---Portuguese---Portuguese-Trans-Trans---Standard-Edition.json	Portuguese Bible for Translators	Tradução para Tradutores	Portuguese	Língua Portuguesa	1875684
Holy-Bible---Portuguese---World-Portuguese-Bible---Standard-Edition.json	World Portuguese Bible	Bíblia Portuguesa Mundial	Portuguese	Língua Portuguesa	4432634
Holy-Bible---Potawatomi---Potawatomi-Bible---Standard-Edition.json	Potawatomi Bible	Potawatomi Bible	Potawami	Potawami	290907
Holy-Bible---Powari---Powari-Bible---Standard-Edition.json	Powari Bible	सत मारग पर चलन वारो किताब	Powari	Powari	1665994
Holy-Bible---Rakhine---Rakhine-Bible---Standard-Edition.json	Rakhine Bible	ဓမ္မသစ်ကျမ်း ရခိုင်ဘာသာစကား	Rakhine	ရခိုင်ဘာသာ	3610579
Holy-Bible---Rangi---Rangi-Bible---Standard-Edition.json	Rangi Bible	Kɨlaangi	Rangi	Kɨlaangi	1394289
Holy-Bible---Reli---Reli-Bible---Standard-Edition.json	Reli Bible	సొత్తొ పురువురొ పవిత్రొ కొత	Reli	Reli	1235786
Holy-Bible---Rohingya---Kitabul-Mukaddos-Bible---Standard-Edition.json	Rohingya Kitabul Mukaddos	Ruáingga Injil Córif	Rohingya	Ruáingga	1298207
Holy-Bible---Rohingya---Rohingya-Bible---Standard-Edition.json	Rohingya Bible	Ruáingga Bible	Rohingya	Ruáingga	817427
Holy-Bible---Romani---Balkans-Arli-Bible---Standard-Edition.json	Romani Balkans Arli Bible	Balkaniko Romanes Arli Bible	Romani, Balkan	Balkaniko Romanes	1094807
Holy-Bible---Romani---Eastern-Vlakh---Standard-Edition.json	Eastern Vlakh Romani	Библия пэ влахицко романи шыб	Romani Vlax, Eastern	Eastern Romani	839027
Holy-Bible---Romani-Vlax---Arli-Luke---Standard-Edition.json	Arli Luke	Arli Luka	Romani Vlax, Arli	Arli Romani	156761
Holy-Bible---Romani-Vlax---Chergash-Luke---Standard-Edition.json	Chergash Bible	Romani Čergarsko čhib Srbija	Romani Vlax, Chergash	Chergash Romani	1123390
Holy-Bible---Romani-Vlax---Gurbet-Luke---Standard-Edition.json	Gurbet Bible	Gurbetsko dijalekt Srbija	Romani Vlax, Gurbet	Gurbet Romani	1091526
Holy-Bible---Romani-Vlax---Lovaric-Bible---Standard-Edition.json	Romani Lovari Bible	Библия пэ ловарицко романы щиб	Romani Vlax, Lovari	Lovari Romani	361495
Holy-Bible---Romani-Vlax---Servi-Bible---Standard-Edition.json	Servi Romani Bible	Библия пы сэрвицко ромско чиб	Romani Vlax, Servi	Servi Romani	830263
Holy-Bible---Romanian---BTF-Bible---Standard-Edition.json	Romanian Faithful Translation	Biblia Traducerea Fidela	Romanian	Română	4675954
Holy-Bible---Romanian---Bayash-Luke---Standard-Edition.json	Bayash Luke	Luka	Romanian	Bayash	167718
Holy-Bible---Romanian---Cyrillic---Standard-Edition.json	Romanian Bible (Cyrillic)	Библия Думитру Корнилеску 1924	Romanian	Română	7255676
Holy-Bible---Romanian---Free-Bible---Standard-Edition.json	Romanian Free Holy Bible	Liber Sfanta Biblie	Romanian	Română	1090986
Holy-Bible---Romanian---Ludari-Luke---Standard-Edition.json	Ludari Luke	Ludari Luka	Romanian	Ludari	167064
Holy-Bible---Rote-Dela---Rote-Dela-Bible---Standard-Edition.json	Rote Dela Bible	Rote Dela Alkitab	Rote Dela	Dela–Oenale	1880701
Holy-Bible---Russian---Russian-Synodal-Translation---Standard-Edition.json	Russian Synodal Translation	Синодальный перевод	Russian	русский	6454515
Holy-Bible---Saafi-Saafi---Saafi-Saafi-Bible---Standard-Edition.json	Safene Bible	Saafi-Saafi Bible	Safene	Saafi-Saafi	1468056
Holy-Bible---Safwa---Safwa-Bible---Standard-Edition.json	Safwa Bible	Biblia Takatifu	Safwa	Kisafwa	991819
Holy-Bible---Sakachep---Sakachep-Bible---Standard-Edition.json	Sakachep Bible	Pathien Lekhabu Inthieng Chongtung Thar	Sakachep	Sakechep	1196514
Holy-Bible---Sanga---Sanga-Bible---Standard-Edition.json	Sanga Bible	Isanga Bible	Sanga	Isanga	310969
Holy-Bible---Sankaran-Maninka---Alla-la-Kitabu-Seniman---Standard-Edition.json	Sankaran Maninka Bible	Alla la Kitabu Seniman	Sankaran Maninka	Sankaran Malinke	1340667
Holy-Bible---Sanskrit---Assamese-Script---Standard-Edition.json	Sanskrit New Testament, Assamese	অসমীয়া	Sanskrit	অসমীয়া	2413981
Holy-Bible---Sanskrit---Bengali-Script---Standard-Edition.json	Sanskrit New Testament, Bengali	বাংলা	Sanskrit	বাংলা	2413967
Holy-Bible---Sanskrit---Burmese-Script---Standard-Edition.json	Sanskrit New Testament, Burmese	မြန်မာဘာသာ	Sanskrit	မြန်မာဘာသာ	2364311
Holy-Bible---Sanskrit---Cologne-Script---Standard-Edition.json	Sanskrit New Testament, Cologne	satyavEdaH	Sanskrit	satyavEdaH	1033620
Holy-Bible---Sanskrit---Devanagari-Script---Standard-Edition.json	Sanskrit New Testament, Devanagari	देवनागरी	Sanskrit	देवनागरी	2452348
Holy-Bible---Sanskrit---Gujarati-Script---Standard-Edition.json	Sanskrit New Testament, Gujarati	ગુજરાતી	Sanskrit	ગુજરાતી	2437783
Holy-Bible---Sanskrit---Harvard-Kyoto-Script---Standard-Edition.json	Sanskrit NT, Harvard-Kyoto	Sanskrit NT, Harvard-Kyoto	Sanskrit	Harvard-Kyoto	1031289
Holy-Bible---Sanskrit---IAST-Script---Standard-Edition.json	Sanskrit New Testament, IAST	Sanskrit New Testament, IAST	Sanskrit	IAST	1235255
Holy-Bible---Sanskrit---ISO-Script---Standard-Edition.json	Sanskrit New Testament, ISO	Sanskrit New Testament, ISO	Sanskrit	ISO	1268629
Holy-Bible---Sanskrit---ITRANS-Script---Standard-Edition.json	Sanskrit New Testament, ITRANS	Sanskrit New Testament, ITRANS	Sanskrit	ITRANS	1079357
Holy-Bible---Sanskrit---Kannada-Script---Standard-Edition.json	Sanskrit New Testament, Kannada	ಕನ್ನಡ	Sanskrit	ಕನ್ನಡ	2437769
Holy-Bible---Sanskrit---Khmer-Script---Standard-Edition.json	Sanskrit New Testament, Khmer	អក្សរខ្មែរ	Sanskrit	អក្សរខ្មែរ	2452477
Holy-Bible---Sanskrit---Malayalam-Script---Standard-Edition.json	Sanskrit New Testament, Malayalam	മലയാളം	Sanskrit	മലയാളം	2395192
Holy-Bible---Sanskrit---Oriya-Script---Standard-Edition.json	Sanskrit New Testament, Oriya	ଓଡ଼ିଆ	Sanskrit	ଓଡ଼ିଆ	2437765
Holy-Bible---Sanskrit---Punjabi-Script---Standard-Edition.json	Sanskrit New Testament, Punjabi	ਪੰਜਾਬੀ	Sanskrit	ਪੰਜਾਬੀ	2484563
Holy-Bible---Sanskrit---Sinhala-Script---Standard-Edition.json	Sanskrit New Testament, Sinhala	සිංහල	Sanskrit	සිංහල	2538904
Holy-Bible---Sanskrit---Tamil-Script---Standard-Edition.json	Sanskrit New Testament, Tamil	தமிழ்	Sanskrit	தமிழ்	2764135
Holy-Bible---Sanskrit---Telugu-Script---Standard-Edition.json	Sanskrit New Testament, Telugu	తెలుగు	Sanskrit	తెలుగు	2437744
Holy-Bible---Sanskrit---Thai-Script---Standard-Edition.json	Sanskrit New Testament, Thai	วิกิพีเดียภาษาไทย	Sanskrit	วิกิพีเดียภาษาไทย	2456283
Holy-Bible---Sanskrit---Tibetan-Script---Standard-Edition.json	Sanskrit New Testament, Tibetan	ལྷ་སའི་སྐད་	Sanskrit	ལྷ་སའི་སྐད་	2216151
Holy-Bible---Sanskrit---Urdu-Script---Standard-Edition.json	Sanskrit New Testament, Urdu	اردو	Sanskrit	اردو	2106130
Holy-Bible---Sanskrit---Velthuis-Script---Standard-Edition.json	Sanskrit New Testament, Velthuis	Sanskrit New Testament, Velthuis	Sanskrit	Velthuis	1247565
Holy-Bible---Sari---Sari-Bible---Standard-Edition.json	Saari Bible	Nsari Bible	Saari	Nsari	1427015
Holy-Bible---Satawalese---Satawalese-Bible---Standard-Edition.json	Satawalese Bible	Pwapwior we e Santus	Satawalese	Satawalese	589135
Holy-Bible---Scots-Gaelic---Scots-Gaelic-Gospel-Mark---Standard-Edition.json	Scots Gaelic Gospel of Mark	Gàidhlig Soisgeul	Scots Gaelic	Gàidhlig	93204
Holy-Bible---Serbian---Karadzic-Danicic-Latin-Script---Standard-Edition.json	Serbian Bible, Karadzic/Danicic, Latin	Sveta Pismo	Serbian	Srpski	3675833
Holy-Bible---Serbian---Serbian-Ekavski-Bible---Standard-Edition.json	Serbian Bible, Karadzic/Danicic	Сербиан Библе, Даничић Караџић	Serbian	Cрпски	6006833
Holy-Bible---Serbian---Serbian-ONSP-Cyrillic---Standard-Edition.json	New Serbian Open Bible (cyrillic)	Нови српски превод, слободна	Serbian	Cрпски	6405752
Holy-Bible---Serbian---Serbian-ONST-Latin---Standard-Edition.json	New Serbian Open Bible (latin)	Novi Srpski Prevod, Slobodna	Serbian	Srpski	3899860
Holy-Bible---Setswana---Open-Tswana-Living---Standard-Edition.json	Open Tswana Living New Testament	La Botshelo Kgolagano e Ntsha	Setswana	Setswana	1300169
Holy-Bible---Sgaw-Karen---Mason-Bible---Standard-Edition.json	S'gaw Karen Mason Bible	S'gaw Karen Mason Bible	S'gaw Karen	S'gaw Karen	11140449
Holy-Bible---Shi---Mashi-Bible---Standard-Edition.json	Shi Mashi Bible	Bibliya Ntagatifu Omu Mashi	Shi	Mashi	4670802
Holy-Bible---Sholaga---Sholaga-Bible---Standard-Edition.json	Sholaga Bible	ಕ್ಹುದಾನಿ ಕ್ಹರಿನಿ ವಾಕ್ಯಾ	Sholaga	Soliga	2655384
Holy-Bible---Shona---Rakasununguka---Standard-Edition.json	Shona Free Holy Bible	Bhaibheri MuChiShona Chanhasi	Shona	chiShona	4343145
Holy-Bible---Shona---Shona-Bible---Standard-Edition.json	Shona Bible	Bhaibheri	Shona	chiShona	980493
Holy-Bible---SlavonicChurch---Church-Slavonic-Elizabeth---Standard-Edition.json	Church Slavonic Elizabeth Bible	Библия церковно-славянском языке	Slavonic, Church	церковно-славянском	6125756
Holy-Bible---Slovak---Slovak-Bible---Standard-Edition.json	Slovak Bible for Everyone	Nádej pre Každého	Slovak	Slovák	1035455
Holy-Bible---Slovene---Slovene-Savli-Bible---Standard-Edition.json	Slovene King James Bible 1769	Slovenščina Sveto pismo Kralja Jakoba	Slovene	Slovenščina	4287235
Holy-Bible---Slovene---Slovene-Stritarja-NT---Standard-Edition.json	Slovene New Testament and Psalms, Stritar	Slovenščina Novi Testament in Psalmi, Stritarja	Slovene	Slovenščina	1152365
Holy-Bible---Soli---Soli-Bible---Standard-Edition.json	Soli Bible	Soli Bible	Soli	Chisoli	1177737
Holy-Bible---Somali---Somali-Bible---Standard-Edition.json	Somali Bible	Kitaabka Quduuska Ah	Somali	Somali	4959012
Holy-Bible---Somau-Karia---Somau-Karia-Bible---Standard-Edition.json	Somau Karia Bible	Xoiteupo Kuna	Somau Karia	Somau Garia	522261
Holy-Bible---Spanish---Biblia-Platense-Straubinger---Standard-Edition.json	Spanish Platense Bible	La Biblia Platense	Spanish	Español	4401755
Holy-Bible---Spanish---Free-Bible---Standard-Edition.json	Spanish Free Bible Version	Biblia Libre	Spanish	Español	4578050
Holy-Bible---Spanish---Free-for-the-World---Standard-Edition.json	Spanish Free Bible for the World	Santa Biblia Libre para el Mundo	Spanish	Español	4388075
Holy-Bible---Spanish---Gods-Word-for-You---Standard-Edition.json	Spanish God's Word for You	Palabra de Dios para Ti	Spanish	Español	4189658
Holy-Bible---Spanish---Reina-Valera-1865---Standard-Edition.json	Spanish Reina Valera Bible 1865	Español Santa Biblia	Spanish	Español	4300705
Holy-Bible---Spanish---Reina-Valera-1909---Standard-Edition.json	Spanish Reina Valera Bible 1909	Español Santa Biblia	Spanish	Español	4328441
Holy-Bible---Spanish---Reina-Valera-NT-1858---Standard-Edition.json	Spanish Reina Valera NT 1858	Español Santa Biblia	Spanish	Español	1029432
Holy-Bible---Spanish---Sagradas-Escrituras-1569---Standard-Edition.json	Spanish Bible 1569	Sagradas Escrituras, Antigua	Spanish	Español	4322477
Holy-Bible---Spanish---Sencillo-Bible---Standard-Edition.json	Spanish Sencillo Bible	La Biblia en Español Sencillo	Spanish	Español	4546880
Holy-Bible---Spanish---Spanish-New-Open-Bible---Standard-Edition.json	New Spanish Open Bible	Open Nueva Biblia	Spanish	Español	4386266
Holy-Bible---Swahili---Contemporary---Standard-Edition.json	Swahili Contemporary Version	Biblia Takatifu Wazi, Kiswahili	Swahili	Kiswahili	4344223
Holy-Bible---Swahili---New-Swahili-Bible---Standard-Edition.json	New Swahili Bible	Biblia Takatifu Mpya	Swahili	Kiswahili	4375124
Holy-Bible---Swahili---Swahili-Bible---Standard-Edition.json	Swahili Bible	Biblia Takatifu	Swahili	Kiswahili	1044725
Holy-Bible---Swahili---Swahili-Open-Bible---Standard-Edition.json	Swahili Open Bible	Wazi Neno Maandiko Matakatifu	Swahili	Kiswahili	4391868
Holy-Bible---Swedish---Swedish-Bible---Standard-Edition.json	Swedish Bible	Svensk Bibel	Swedish	Svensk	4646181
Holy-Bible---Swedish---Swedish-Bible-1703---Standard-Edition.json	Swedish Bible 1703	Svensk Bibel 1703	Swedish	Svensk	3143260
Holy-Bible---Swedish---Swedish-Bible-1873---Standard-Edition.json	Swedish Bible 1873	Svensk Bibel	Swedish	Svensk	4330899
Holy-Bible---Swedish---Swedish-Bible-1917---Standard-Edition.json	Swedish Bible Runeberg	Svensk Bibel	Swedish	Svensk	4657925
Holy-Bible---Taabwa---Kitaabua-Bible---Standard-Edition.json	Kitaabua Taabwa Bible	Ichitaabwa Bible	Taabwa	Ichitaabwa	719203
Holy-Bible---Tagakaulo---Tagakaulo-Bible---Standard-Edition.json	Kalagan Bible	Tagakaulo Bible	Kalagan	Tagakaulo	1579517
Holy-Bible---Tagalog---Tagalog-Bible-1905---Standard-Edition.json	Tagalog Holy Bible	Tagalog Ang Biblia	Tagalog	Tagalog	5245939
Holy-Bible---Tagalog---Tagalog-Bible-Unlocked---Standard-Edition.json	Tagalog Unlocked Holy Bible	Banal na Bibliya	Tagalog	Tagalog	5334175
Holy-Bible---Tagin---Tagin-First-Bible---Standard-Edition.json	Tagin Bible, Good News	ANWNV GAMLV	Tagin	Tagin	1272044
Holy-Bible---Tamil---Open-Contemporary---Standard-Edition.json	Tamil Open Contemporary Bible	திறந்தநிலை தமிழ் சமகால	Tamil	தமிழ்	13701177
Holy-Bible---Tamil---Tamil-Bible---Standard-Edition.json	Tamil Bible	தமிழ் பைபிள்	Tamil	தமிழ்	12897568
Holy-Bible---Tarok---Tarok-Nigeria-Bible---Standard-Edition.json	Nigerian Tarok Bible	iTárók Bible	Tarok	iTárók	1938576
Holy-Bible---Tavoyan---Tavoyan-Bible---Standard-Edition.json	Tavoyan Bible	ဓမ္မသစ်ကျမ်း ထားဝယ်ဘာသာစကား	Tavoyan	ထားဝယ်စကား	3583432
Holy-Bible---Teke-Tyee---Teke-Tyee-Bible---Standard-Edition.json	Teke-Tyee Bible	Teke Sud-Ouest	Teke-Tyee	Teke-Tyee	1199314
Holy-Bible---Telugu---Telugu-Bible---Standard-Edition.json	Telugu Bible	తెలుగు బైబిల్	Telugu	తెలుగు	10578780
Holy-Bible---Telugu---Telugu-Open-Contemporary---Standard-Edition.json	Telugu Open Contemporary Bible	ఉచిత తెలుగు సమకాలీన అనువాదం	Telugu	తెలుగు	10467427
Holy-Bible---Tharu-Rana---Rana-Tharu-Bible---Standard-Edition.json	Rana Tharu Bible	परमेस्वर को सच्चो वचन	Tharu, Rana	राना थारू	2432148
Holy-Bible---Thur---Leb-Thur-Bible---Standard-Edition.json	Thur Bible	Leb-Thur	Thur	Thur	1415190
Holy-Bible---Tichurong---Tichurong-Bible---Standard-Edition.json	Tichurong Bible	तिचुरोङ क्येला सारबा करारयि किताबतेबा	Tichurong	Tichurong	615318
Holy-Bible---Tongan---Revised-West-Version---Standard-Edition.json	Tongan Bible, Revised West	Tongan Bible, Revised West	Tongan	Tongan	5661199
Holy-Bible---Tsakhur---Tsakhur-Bible---Standard-Edition.json	Tsakhur Azerbaijani Bible	Ts‘əxna miz	Tsakhur	Ts‘əxna miz	1077982
Holy-Bible---Tsikimba---Tsikimba-Bible---Standard-Edition.json	Kimba Bible	Tsikimba Bible	Kimba	Tsikimba	212608
Holy-Bible---Tsishingini---Tsishingini-Bible---Standard-Edition.json	Shingini Bible	Tsishingini Bible	Shingini	Tsishingini	358759
Holy-Bible---Turkish---Open-Basic-Turkish---Standard-Edition.json	Turkish Open License Basic Bible	Türkçe Açık Lisans Temel İncil	Turkish	Türkçe	1146810
Holy-Bible---Twi---Akuapem-Twi-Bible---Standard-Edition.json	Akuapem Twi Bible	Akuapem Twi Nkwa Asɛm	Twi	Akuapem Twi	4114916
Holy-Bible---Twi---Asante-Twi-WASNA---Standard-Edition.json	Asante Twi Bible	Asante Twi Nkwa Asɛm	Twi	Asante Twi	4312681
Holy-Bible---Ukrainian---New-Translation---Standard-Edition.json	New Ukranian Translation	Новий Переклад Українською	Ukrainian	Український	1925408
Holy-Bible---Ukrainian---Ukrainian-Freedom-Bible---Standard-Edition.json	Ukrainian Freedom Bible	Біблія свободи	Ukrainian	Український	6407615
Holy-Bible---Ukrainian---Ukrainian-NT---Standard-Edition.json	Ukrainian Kulish New Testament	Український Новий Заповіт	Ukrainian	Український	1430338
Holy-Bible---Ukrainian---Ukrainian-Ogienko---Standard-Edition.json	Ukrainian Bible, Ivan Ogienko	Українська Біблія, Івана Огієнка	Ukrainian	Український	6727888
Holy-Bible---Urdu---Urdu-Bible---Standard-Edition.json	Urdu Bible, Devanagari	उर्दू बाइबिल, देवनागरी	Urdu	उर्दू	9892263
Holy-Bible---Urdu---Urdu-Free-Contemporary---Standard-Edition.json	Urdu Open Contemporary Bible	آزادانہ اردو ہم عصر ترجمہ	Urdu	اردو	7877703
Holy-Bible---Ut-Ma-in---Ut-Ma-in-Bible---Standard-Edition.json	Fakia Bible	Ut-Ma’in Bible	Fakai	Ut-Ma'in	1029713
Holy-Bible---Uyghur---Uyghur-Bible-Arabic---Standard-Edition.json	Uyghur Bible (arabic script)	مۇقېددېس كالام (يەنگى يېزىق)	Uyghur	Uyghur tili	8650809
Holy-Bible---Uyghur---Uyghur-Bible-Cyrillic---Standard-Edition.json	Uyghur Bible (cyrillic script)	Муқеддес Калам (кирил йезиқ)	Uyghur	Uyghur tili	8237938
Holy-Bible---Uyghur---Uyghur-Bible-Latin---Standard-Edition.json	Uyghur Bible (latin script)	Muqeddes Kalam (latin yéziq)	Uyghur	Uyghur tili	5089599
Holy-Bible---Uyghur---Uyghur-Bible-Pinyin---Standard-Edition.json	Uyghur Bible (pinyin script)	Muⱪeddes Kalam (yǝngi yeziⱪ)	Uyghur	Uyghur tili	5486831
Holy-Bible---Vaagri-Booli---Vaagri-Booli-Bible---Standard-Edition.json	Vaagri Booli Bible	ದೇವ್ನಿ ಖ್ಹಾಚಿ ವಚನ್	Vaagri Booli	Hakkipikki	2865451
Holy-Bible---Vaghri---Vaghri-Bible---Standard-Edition.json	Vaghri Bible	పవిత్ర్ బైబిల్‍	Vaghri	Bavri	2632874
Holy-Bible---Vidunda---Vidunda-Bible---Standard-Edition.json	Vidunda Bible	Chividunda Bible	Vidunda	Chividunda	3398132
Holy-Bible---Vietnamese---Contemporary---Standard-Edition.json	Vietnamese Contemporary Bible	Kinh Thánh Tiếng Việt Hiện Đại	Vietnamese	tiếng Việt	5161889
Holy-Bible---Vietnamese---Vietnamese-Bible---Standard-Edition.json	Vietnamese Bible	Kinh Thánh Tiếng Việt	Vietnamese	tiếng Việt	5500118
Holy-Bible---Vietnamese---Vietnamese-Bible-1934---Standard-Edition.json	Vietnamese Bible 1934	Kinh Thánh Tiếng Việt 1934	Vietnamese	tiếng Việt	5487682
Holy-Bible---Vwanji---Vwanji-Bible---Standard-Edition.json	Vwanji Bible	Kivwanji Bible	Vwanji	Kivwanji	1164694
Holy-Bible---Waddar---Waddar-Bible---Standard-Edition.json	Waddar Bible	वडार	Waddar	Vadari	1250040
Holy-Bible---Waja---Waja-Bible---Standard-Edition.json	Waja Bible	Wɪyáà Bible	Waja	Wɪyáà	288981
Holy-Bible---Wolio---Kitabi-Momangkilona-Bible---Standard-Edition.json	Buton Wolio Bible	Kitabi Momangkilona Wolio	Wolio	Buton	2069175
Holy-Bible---Yaka---Ivatan-Bible---Standard-Edition.json	Yaka Bible	Ivatan Bible	Yaka	Ivatan	1209600
Holy-Bible---Yaka---Yaka-Bible---Standard-Edition.json	Yaka Bible	Iyaka Bible	Yaka	Iyaka	1035474
Holy-Bible---Yalunka---Yalunka-Bible---Standard-Edition.json	Yalunka Bible	Kisin Kiraan Kitabuna	Yalunka	Jalonke	4488913
Holy-Bible---Yamap---Yamap-Bible---Standard-Edition.json	Yamap Bible	Yamap Bible	Yamap	Yamap	503601
Holy-Bible---Yansi---Yansi-Bible---Standard-Edition.json	Yansi Bible	Eyansi Bible	Yansi	Eyansi	1207873
Holy-Bible---Yemsa---Yemsa-Bible-Ethiopic---Standard-Edition.json	Yemsa Bible (Ethiopic)	ጋዶ ቴያ	Yemsa	Yemsa	1601135
Holy-Bible---Yemsa---Yemsa-Bible-Latin---Standard-Edition.json	Yemsa Bible (Latin)	Gaddo Teyya	Yemsa	Yemsa	1090947
Holy-Bible---Yiddish-Eastern---Eastern-Yiddish-Bible---Standard-Edition.json	Eastern Yiddish Bible	דער יידישער ברית חדשה	Yiddish, Eastern	עברית	1913779
Holy-Bible---Yipunu---Punu-Bible---Standard-Edition.json	Yipunu Punu Bible	Mbembu Nzambi o Ipunu	Punu	Yipunu	315067
Holy-Bible---Yombe---Yombe-Bible---Standard-Edition.json	Open Yombe Bible	Open Nguizani Yimona ayi Minkunga	Yombe	Kiyombi	1394210
Holy-Bible---Yoruba---Yoruba-Bible---Standard-Edition.json	Yoruba Bible	Bíbélì Mímọ́ ní Èdè Yorùbá Òde-Òní	Yoruba	Yorùbá	5702427
Holy-Bible---Zapotec-Loxicha---Loxicha-Zapotec-Bible---Standard-Edition.json	Loxicha Zapotec Bible	Zapoteco de Loxicha	Zapotec, Loxicha	Loxicha Zapotec	1250531
Holy-Bible---Zaramo---Kizalamo-Bible---Standard-Edition.json	Zaramo Bible	Lagano da Lsambi Yesu Kilisto	Zaramo	Zaramo	1132971
Holy-Bible---Zinza---Zinza-Bible---Standard-Edition.json	Zinza Bible	Endagano Eénsha omu Chiziinza	Zinza	Ecizinza	1487113
