Holy-Bible---Abureni---Abureni-Bible---Standard-Edition.txt	Abureni Bible	Abureni Bible	Abureni	Abureni	806309
Holy-Bible---Ahirani---Ahirani-Bible---Standard-Edition.txt	Ahirani Bible	प्रेम संदेश	Ahirani	अहिराणी‎	4500809
Holy-Bible---Ahirani---Gospels---Standard-Edition.txt	Ahirani Gospels	प्रेम संदेश	Ahirani	अहिराणी‎	488562
Holy-Bible---Ajiya---Ajiya-Bible---Standard-Edition.txt	Ajiya Bible	Ajigha Bible	Ajiya	Ajiya	476270
Holy-Bible---Alaba-Kabeena---Alaba-Kabeena-Bible---Standard-Edition.txt	Alaba-K’abeena Bible	ሃዕሮ ወኣድ መጻፈ	Alaba-K'abeena	Alaba-K'abeena	1438794
Holy-Bible---Amo---Amo-Bible---Standard-Edition.txt	Amo Bible	Amo Bible	Amo	Timap	953944
Holy-Bible---Apal---Apali-Bible---Standard-Edition.txt	Apali Bible	Asɨ dɨ Manasɨŋ	Apal	Apalɨ	3137766
Holy-Bible---Arabic---Arabic-Van-Dyck-Bible---Standard-Edition.txt	Arabic Van Dyck Bible	الكتاب المقدس باللغة العربية، فان دايك	Arabic	العربية	7543134
Holy-Bible---Arabic---New-Arabic-Bible---Standard-Edition.txt	New Arabic Version	كتاب الحياة	Arabic	العربية	8088105
Holy-Bible---Aramaic---Syriac-Peshitta---Standard-Edition.txt	Aramaic Peshitta New Testament	ܦܫܝܛܬܐ	Aramaic	ܦܫܝܛܬܐ	1056443
Holy-Bible---Arapaho---Arapaho-Luke---Standard-Edition.txt	Arapaho Luke	Hethadenee waunauyaunee vadan Luke Vanenāna	Arapaho	Arapaho	156698
Holy-Bible---Armenian---Armenian-Bible-Eastern---Standard-Edition.txt	Eastern Armenian Bible	Արեւելահայերեն Աստվածաշունչ	Armenian, Eastern	Արեւելահայերեն	1305373
Holy-Bible---Armenian---Armenian-Bible-Western---Standard-Edition.txt	Western Armenian New Testament 1853	Արեւմտահայերեն Աստվածաշունչ	Armenian, Western	Արեւմտահայերեն	1576110
Holy-Bible---Aruamu---Aruamu-Bible---Standard-Edition.txt	Aruamu Bible	Godɨn Eghaghanim	Aruamu	Mikarew-Ariaw	6236247
Holy-Bible---Arumanisht---Aromanian-Bible---Standard-Edition.txt	Aromanian Bible	Biblija tu limba Rrãmãnã	Aromanian	Armãneashti	275042
Holy-Bible---Assamese---Assamese-Bible---Standard-Edition.txt	Assamese Bible	অসমীয়া বাইবেল	Assamese, Standard	অসমীয়া	10523615
Holy-Bible---Ayta-Ambala---Ayta-Ambala-Bible---Standard-Edition.txt	Ayta Ambala Bible	Ayta Ambala Bible	Ayta, Ambala	Ambala Ayta	160313
Holy-Bible---Azerbaijani---Azerbaijani-Bible---Standard-Edition.txt	Azerbaijani Bible	Azərbaycan dilində Müqəddəs Kitab	Azerbaijani, South	Azeri	4221622
Holy-Bible---Baga-Sitemu---Baga-Sitemu-Bible---Standard-Edition.txt	Baga Sitemu Bible	Kitabu ka Kanu	Baga Sitemu	Barka Sitemu	1592649
Holy-Bible---Baiso---Basio-Bible---Standard-Edition.txt	Baiso Bible	አማቶ ኦኡሱብ	Baiso	Bayso	1421043
Holy-Bible---Bangwinji---Bangwinji-Bible---Standard-Edition.txt	Bangwinji Bible	Bangwinji Bible	Bangwinji	Bangunji	771097
Holy-Bible---Bareli-Palya---Palya-Bareli-Bible---Standard-Edition.txt	Palya Bareli Bible	भगवान ना खरला बोल	Bareli, Palya	Bareli, Palya	331596
Holy-Bible---Basa-Gurmana---Basa-Gurmana-Bible---Standard-Edition.txt	Basa-Gurmana Bible	Kɔrɔmba	Basa-Gurmana	Kɔrɔmba	138782
Holy-Bible---Basque---Basque-NT---Standard-Edition.txt	Navarro-Labourdin Basque New Testament	Euskal Biblia	Basque	Euskara	1042558
Holy-Bible---Beami---Bedamuni-Bible---Standard-Edition.txt	Bedamuni Bible	Gode Ea Sia: Ida:Iwane Gala	Beami	Bedamuni	5023790
Holy-Bible---Beaver---Beaver-Mark---Standard-Edition.txt	Beaver Mark	Ootech Oochu Takehniya Tinkles St. Mark	Beaver	Dane Zaa	85911
Holy-Bible---Bekwel---Bekwel-Bible---Standard-Edition.txt	Bekwel Bible	Bekwil Bible	Bekwel	Bekwil	1381691
Holy-Bible---Bengali---Bengali-Bible---Standard-Edition.txt	Bengali Bible, India	বাংলা বাইবেল, ভারত	Bengali	বাংলা	9968981
Holy-Bible---Bengali---Contemporary---Standard-Edition.txt	Open Bengali Contemporary Bible	মুক্তভাবে বাংলা সমকালীন সংস্করণের	Bengali	বাংলা	10505678
Holy-Bible---Bhadrawahi---Bhadrawahi-Bible---Standard-Edition.txt	Bhadrawahi Bible	भड्लाई बाइबिल	Bhadrawahi	भद्रवाही‎	2690049
Holy-Bible---Bhattiyali---Bhattiyali-Bible---Standard-Edition.txt	Bhattiyali Bible	भटियाली नोआ नियम	Bhattiyali	भटियाली‎	2886569
Holy-Bible---Bhilali---Bhilali-Bible---Standard-Edition.txt	Bhilali Bible	भगवानेन छाचला बुल	Bhilali	Bhilali	2769154
Holy-Bible---Blackfoot---Matthew---Standard-Edition.txt	Blackfoot Matthew	Ŏkhs' I Tsĭn Ik Sĭn Ni Matthew Ot Sĭn Ai Pi	Blackfoot	Siksiká	142712
Holy-Bible---Bodo-Parja---BOPO-Bible---Standard-Edition.txt	Bodo Parja: BOPO Bible	ସଃର୍ଗାର୍‌ ବାଟ୍‌ ନଃଉଁଆ ନିଅମ୍‌	Bodo Parja	ବଡ଼ ପରଜା	3106046
Holy-Bible---Boga---Boga-Bible---Standard-Edition.txt	Boga Bible	Boka Bible	Boga	Boka	290123
Holy-Bible---Bondei---Bondei-Bible---Standard-Edition.txt	Bondei Bible	Bondei Bible	Bondei	Bondei	455292
Holy-Bible---Borna---Borna-Latin-Bible---Standard-Edition.txt	Borna Bible Latin Version	Handr Taara	Borna	Borni	991970
Holy-Bible---Breton---Breton-Gospels---Standard-Edition.txt	Breton Gospels	an Bibl	Breton	Brezhoneg	450588
Holy-Bible---Bu---Bauchi-Bu-Bible---Standard-Edition.txt	Bu Bauchi Bible	Geji Bauchi Bible	Bu	Geji	217110
Holy-Bible---Bu---Bu-Bible---Standard-Edition.txt	Bu Bible	Jida Bible	Bu	Jida	819484
Holy-Bible---Bugun---Bugun-Bible---Standard-Edition.txt	Bugun Bible	Iwo Surua Mua Wie Pha Bible	Bugun	Khowa	1248288
Holy-Bible---Bulgarian---Bulgarian-Bible---Standard-Edition.txt	Bulgarian Bible	Българска Библия	Bulgarian	Българска	6521308
Holy-Bible---Bwile---Bwile-Bible---Standard-Edition.txt	Bwile Bible	Bwile Bible	Bwile	Bwile	143118
Holy-Bible---Calo---Calo-Bible---Standard-Edition.txt	Calo Gospel of Luke	Evangelio Español Romaní de Lucas	Calo	Romaní	144712
Holy-Bible---Cebuano---Cebuano-Bible---Standard-Edition.txt	Cebuano Bible	Balaan nga Bibliya	Cebuano	Cebuano	5063226
Holy-Bible---Cebuano---Cebuano-Open-Bible---Standard-Edition.txt	Cebuano Open Bible	Ang Pulong sa Dios	Cebuano	Cebuano	4692614
Holy-Bible---Cebuano---Cebuano-Philippine---Standard-Edition.txt	Cebuano Bible, Revelation	Cebuano Ang Biblia, Pinadayag	Cebuano	Cebuano	5155034
Holy-Bible---Chamorro---Chamorro-Gospels-Acts-and-Psalms---Standard-Edition.txt	Chamorro Gospels, Acts, Psalms	Y Cuatro Ebangelio Sija Yan Y Checho Y Apostoles Yan Y Salmo Sija	Chamorro	Chamorro	817698
Holy-Bible---Cherokee---Cherokee-New-Testament---Standard-Edition.txt	Cherokee New Testament 1860	ᏣᎳᎩ ᎦᏬᏂᎯᏍᏗ	Cherokee	ᏣᎳᎩ ᎦᏬᏂᎯᏍᏗ	1658446
Holy-Bible---Chhattisgarhi---Chhattisgarhi-Bible---Standard-Edition.txt	Chhattisgarhi Bible	सुतंतर समकालीन छत्तीसगढ़ी अनुवाद	Chhattisgarhi	छत्तीसगढ़ी	9687100
Holy-Bible---Chichewa---Chichewa-Bible---Standard-Edition.txt	Chichewa Bible	Tsekulani Mawu a Mulungu	Chichewa	Chichewa	4309606
Holy-Bible---Chin-Daai---Daai-Chin-Bible---Standard-Edition.txt	Daai Chin Bible	Dai Cangcim Kthai	Chin, Daai	Daai	1052432
Holy-Bible---Chin-Eastern-Khumi---Asang-Khongca-Bible---Standard-Edition.txt	Eastern Khumi Chin Bible	Asang Khongca Bible	Chin, Eastern Khumi	Asaang Khongca	4635764
Holy-Bible---Chin-Matu---Matupi-Chin-2019---Standard-Edition.txt	Matupi Chin Standard Bible 2019	Baibal Olcim	Chin, Matu	Matupi Chin	4149363
Holy-Bible---Chin-Matu---Matupi-Chin-Bible---Standard-Edition.txt	Matupi Chin Standard Bible	Baibal Olcim	Chin, Matu	Matupi Chin	4147981
Holy-Bible---Chin-Matu---Tuivang-Matu-Chin-Bible---Standard-Edition.txt	Tuivang Matu Chin Bible	Tuivang Holy Bible	Chin, Matu	Tuivang	1463224
Holy-Bible---Chin-Siyin---Siyin-Chin-Bible---Standard-Edition.txt	Siyin Chin Bible	Tinaung Takluem	Chin, Siyin	Siyin Chin	1046945
Holy-Bible---Chin-Thado---Chongthu-Bible---Standard-Edition.txt	Chongthu Bible	Pathen Lekhabu Theng	Chin, Thado	Chongthu	4718504
Holy-Bible---Chin-Thaiphum---Thai-Phum-Bible---Standard-Edition.txt	Thai Phum Holy Bible	Thai Phum Holy Bible	Chin, Thaiphum	Thai Phum	4321536
Holy-Bible---Chinese---Chinese-Easy-to-Read---Standard-Edition.txt	Free Easy to Read Bible	免费的易读圣经	Chinese	汉语	879811
Holy-Bible---Chinese---Chinese-Sigao-Bible---Standard-Edition.txt	Sīgāo Běn, Bible	思高本 聖經：思高聖經學會譯釋	Chinese	漢語	3481807
Holy-Bible---Chinese---Chinese-Union-Version-Simplified---Standard-Edition.txt	Chinese Union Version Simplified	新标点和合本	Chinese	汉语	3304490
Holy-Bible---Chinese---Chinese-Union-Version-Traditional---Standard-Edition.txt	Chinese Union Version Traditional	新標點和合本	Chinese	漢語	3314173
Holy-Bible---Chinese---Mandarin-Bible-Simplified---Standard-Edition.txt	Mandarin Open Bible (Simplified)	圣经当代译本开放资源	Chinese	汉语	3232671
Holy-Bible---Chinese---Mandarin-Bible-Traditional---Standard-Edition.txt	Mandarin Open Bible (Traditional)	聖經，當代譯本開放資源	Chinese	汉语	3232738
Holy-Bible---Chiyawo---Yao---Standard-Edition.txt	Yao New Testament	Lilangano lya Sambano	Ciyawo	Ciyawo	1206963
Holy-Bible---Cishingini---Cishingini-Bible---Standard-Edition.txt	Cishingini Shingini Bible	Cishingini Shingini Bible	Cishingini Shingini	Cishingini Shingini	3195347
Holy-Bible---Coptic---Coptic-Boharic-NT---Standard-Edition.txt	Coptic Boharic New Testament	ϯⲙⲉⲧⲣⲉⲙⲛ̀ⲭⲏⲙⲓ	Coptic Boharic	ϯⲙⲉⲧⲣⲉⲙⲛ̀ⲭⲏⲙⲓ	2082902
Holy-Bible---Coptic---Coptic-NT---Standard-Edition.txt	Coptic New Testament	ⲧⲙⲛ̄ⲧⲣⲙ̄ⲛ̄ⲕⲏⲙⲉ	Coptic	ⲧⲙⲛ̄ⲧⲣⲙ̄ⲛ̄ⲕⲏⲙⲉ	2247915
Holy-Bible---Coptic---Sahidic-Bible---Standard-Edition.txt	Coptic Sahidic NT: Askeland, Schulz	ⲧⲙⲛ̄ⲧⲣⲙ̄ⲛ̄ⲕⲏⲙⲉ	Coptic	ⲧⲙⲛ̄ⲧⲣⲙ̄ⲛ̄ⲕⲏⲙⲉ	1920054
Holy-Bible---Coptic---Sahidic-Coptic-Horner---Standard-Edition.txt	Coptic Sahidic NT: Horner	ⲧⲙⲛ̄ⲧⲣⲙ̄ⲛ̄ⲕⲏⲙⲉ	Coptic	ⲧⲙⲛ̄ⲧⲣⲙ̄ⲛ̄ⲕⲏⲙⲉ	2024341
Holy-Bible---Croatian---Croatian-Bible---Standard-Edition.txt	Croatian Bible	Hrvatski Biblija	Croatian	Hrvatski	3495007
Holy-Bible---Croatian---Croatian-Open-Bible---Standard-Edition.txt	Croatian Open Bible	Open Knjiga O Kristu	Croatian	Hrvatski	879845
Holy-Bible---Cung---Chung-Bible---Standard-Edition.txt	Chung Bible	Kiŋwakti ki Nyɔ Miŋkaiŋ Mifiaŋ	Cung	Chung	1387769
Holy-Bible---Czech---Czech-Bible-Kralicka---Standard-Edition.txt	Czech Bible Kralicka 1613	Czech Bible Kralicka 1613	Czech	Čeština	3967985
Holy-Bible---Czech---Kralicka---Standard-Edition.txt	Czech Kralická Bible 1613	Bible Kralická 1613	Czech	Čeština	3982393
Holy-Bible---Czech---Living-Bible---Standard-Edition.txt	Czech Living New Testament	Open Slovo Na Cestu	Czech	Čeština	930916
Holy-Bible---Danish---Danish-1871-1907---Standard-Edition.txt	Danish Bible OT1871 / NT1907	Dansk Bibel	Danish	Dansk	3985636
Holy-Bible---Danish---Danish-1931-1907---Standard-Edition.txt	Danish Bible OT1931 / NT1907	Dansk Bibel	Danish	Dansk	3756879
Holy-Bible---Danish---Danish-Bible---Standard-Edition.txt	Danish Bible	Dansk Bibel	Danish	Dansk	3739852
Holy-Bible---Dawro---Dawuro-Bible---Standard-Edition.txt	Dawuro Bible, Ethiopian (Latin)	Geeshsha Mas'aafaa	Dawro	Dawro	4725303
Holy-Bible---Desiya---Desiya-Bible---Standard-Edition.txt	Desiya New Testament	ସତିଅର୍‌ ବାଟ୍‌	Desiya	ଦେଶିଆ	3101253
Holy-Bible---Dhanki---Dhanki-Devanagari-Bible---Standard-Edition.txt	Dhanki Devanagari Bible	परमेश्वरन सत्य वचन	Dhanki	Dhanki	4467786
Holy-Bible---Dholuo---Dholuo-Bible---Standard-Edition.txt	Dholuo Bible	Moting’o Loko Manyien	Dholuo	Dholuo	3869722
Holy-Bible---Dombe---Dombe-Bible---Standard-Edition.txt	Dombe Bible	Dombe Bible	Dombe	Dombe	976600
Holy-Bible---Dongxiang---Donxian-Bible---Standard-Edition.txt	Dongxiang Santa Bible	Hudani Kielien	Dongxiang	Santa	874026
Holy-Bible---Dutch---Canisiusvertaling---Standard-Edition.txt	Dutch Petrus Canisius Translation	Nederlandse Petrus Canisiusvertaling Bijbel	Dutch	Nederlandse	4114789
Holy-Bible---Dutch---Leuvense-Bible---Standard-Edition.txt	Leuvense Bible	Leuvense Bijbel	Dutch	Nederlandse	4773586
Holy-Bible---Dutch---Schrift---Standard-Edition.txt	Dutch Holy Bible	De Heilige Schrift 1917	Dutch	Nederlandse	4414289
Holy-Bible---Dutch---Statenvertaling---Standard-Edition.txt	Dutch States Translation	Nederlandse Statenvertaling Bijbel	Dutch	Nederlandse	4417141
Holy-Bible---Duya---Duya-Bible---Standard-Edition.txt	Idun Duya Bible	Ibibemuwe-Num Iyiki Ifa Ru Dũya	Idun	Dũya	1121099
Holy-Bible---Ekajuk---Ekajuk-Bible---Standard-Edition.txt	Kajuk Bible	Ekajuk Bible	Kajuk	Ekajuk	2226240
Holy-Bible---English---A-Conservative-Version---Standard-Edition.txt	A Conservative Version	A Conservative Version	English	English	4185460
Holy-Bible---English---Aionian-Bible---Standard-Edition.txt	Aionian Bible	Aionian Bible	English	English	4126311
Holy-Bible---English---American-Standard-Version-1901---Standard-Edition.txt	American Standard Version 1901	American Standard Version 1901	English	English	4252063
Holy-Bible---English---Anderson-Bible---Standard-Edition.txt	Anderson New Testament 1864	Anderson New Testament 1864	English	English	973462
Holy-Bible---English---Berean-Standard---Standard-Edition.txt	Berean Standard Bible	Berean Standard Bible	English	English	3971588
Holy-Bible---English---Bible-in-Basic-English---Standard-Edition.txt	Bible in Basic English	Bible in Basic English	English	English	4267876
Holy-Bible---English---Brenton-English-Septuagint---Standard-Edition.txt	Brenton English Septuagint	Brenton English Septuagint	English	English	3272050
Holy-Bible---English---British-English-Septuagint-2012---Standard-Edition.txt	British English Septuagint 2012	British English Septuagint 2012	English	English	3270070
Holy-Bible---English---Catholic-Public-Domain---Standard-Edition.txt	Catholic Public Domain Version	Catholic Public Domain Version	English	English	4421726
Holy-Bible---English---Darby-Translation---Standard-Edition.txt	Darby Translation	Darby Translation	English	English	4200922
Holy-Bible---English---Douay-Rheims-1899---Standard-Edition.txt	Douay-Rheims 1899	Douay-Rheims 1899	English	English	4158737
Holy-Bible---English---Family-35-NT---Standard-Edition.txt	Family 35 New Testament	Family 35 New Testament	English	English	979837
Holy-Bible---English---Free-Bible-Version---Standard-Edition.txt	Free Bible Version	Free Bible Version	English	English	4082912
Holy-Bible---English---Geneva-Bible---Standard-Edition.txt	Geneva Bible	Geneva Bible	English	English	4277233
Holy-Bible---English---Godbey-Bible---Standard-Edition.txt	Godbey New Testament	Godbey New Testament	English	English	961952
Holy-Bible---English---Gods-Living-Word---Standard-Edition.txt	God's Living Word	God's Living Word	English	English	119378
Holy-Bible---English---Haweis-Bible---Standard-Edition.txt	Haweis New Testament	Haweis New Testament	English	English	998590
Holy-Bible---English---Jewish-Bible---Standard-Edition.txt	Jewish Bible in English	Jewish Bible in English	English	English	3281056
Holy-Bible---English---King-James-Version---Standard-Edition.txt	King James Version	King James Version	English	English	4282743
Holy-Bible---English---King-James-Version-American---Standard-Edition.txt	King James Version, American	King James Version, American	English	English	4189379
Holy-Bible---English---King-James-Version-Cambridge---Standard-Edition.txt	King James Version, Cambridge	King James Version, Cambridge	English	English	4235562
Holy-Bible---English---King-James-Version-Restored-Name---Standard-Edition.txt	King James Version, Restored	King James Version, Restored	English	English	4224341
Holy-Bible---English---King-James-Version-Revised---Standard-Edition.txt	King James Version, Revised	King James Version, Revised	English	English	4213752
Holy-Bible---English---King-James-Version-Updated---Standard-Edition.txt	King James Version, Updated	King James Version, Updated	English	English	4253430
Holy-Bible---English---LXX2012-U-S-English---Standard-Edition.txt	LXX: Septuagint, English 2012	LXX: Septuagint, English 2012	English	English	3267619
Holy-Bible---English---Leeser-Tanakh---Standard-Edition.txt	Leeser Tanakh Old Testament	Leeser Tanakh Old Testament	English	English	3403269
Holy-Bible---English---Literal-Standard---Standard-Edition.txt	Literal Standard Version	Literal Standard Version	English	English	4205661
Holy-Bible---English---Living-Oracles-NT---Standard-Edition.txt	Living Oracles NT	Living Oracles NT	English	English	954731
Holy-Bible---English---Majority-Standard-Bible---Standard-Edition.txt	Majority Standard Bible	Majority Standard Bible	English	English	3984095
Holy-Bible---English---Montgomery-NT---Standard-Edition.txt	Montgomery New Testament	Montgomery New Testament	English	English	979033
Holy-Bible---English---New-Heart-Aramaic---Standard-Edition.txt	New Heart English Bible, Aramaic	New Heart English Bible, Aramaic	English	English	4143943
Holy-Bible---English---New-Heart-Jehovah---Standard-Edition.txt	New Heart English Bible, Jehovah	New Heart English Bible, Jehovah	English	English	4135182
Holy-Bible---English---New-Heart-Jesus-Messiah---Standard-Edition.txt	New Heart English Bible, Messiah	New Heart English Bible, Messiah	English	English	4141655
Holy-Bible---English---New-Heart-Messianic---Standard-Edition.txt	New Heart English Bible, Yeshua	New Heart English Bible, Yeshua	English	English	4143225
Holy-Bible---English---New-Heart-Standard---Standard-Edition.txt	New Heart English Bible, Standard	New Heart English Bible, Standard	English	English	4140562
Holy-Bible---English---New-Heart-YHWH---Standard-Edition.txt	New Heart English Bible, YHWH	New Heart English Bible, YHWH	English	English	4115011
Holy-Bible---English---Noyes---Standard-Edition.txt	Noyes Bible	Noyes Bible	English	English	2282178
Holy-Bible---English---One-Unity-Resource-Bible---Standard-Edition.txt	One Unity Resource Bible	One Unity Resource Bible	English	English	1969086
Holy-Bible---English---Open-English-Bible-Commonwealth---Standard-Edition.txt	Open English Bible, Commonwealth	Open English Bible, Commonwealth	English	English	1446234
Holy-Bible---English---Open-English-Bible-US---Standard-Edition.txt	Open English Bible, US	Open English Bible, US	English	English	1445884
Holy-Bible---English---Orthodox-Jewish-Bible---Standard-Edition.txt	The Orthodox Jewish Bible	Tanakh and B'rit Chadasha	English	English	4616048
Holy-Bible---English---Revised-Version---Standard-Edition.txt	Revised Version 1895	Revised Version 1895	English	English	4255560
Holy-Bible---English---Rotherham-Bible---Standard-Edition.txt	Rotherham Emphasized Bible	Rotherham Emphasized Bible	English	English	4510616
Holy-Bible---English---STEPBible-Amalgamant---Standard-Edition.txt	STEPBible, Amalgamant	STEPBible, Amalgamant	English	English	4555325
Holy-Bible---English---STEPBible-Concordant---Standard-Edition.txt	STEPBible, Concordant	STEPBible, Concordant	English	English	4881731
Holy-Bible---English---Syriac-Peshitta-Etheridge---Standard-Edition.txt	Syriac Peshitta Etheridge	Syriac Peshitta Etheridge	English	English	990756
Holy-Bible---English---Syriac-Peshitta-Murdock---Standard-Edition.txt	Syriac Peshitta Murdock	Syriac Peshitta Murdock	English	English	988875
Holy-Bible---English---Text-Critical---Standard-Edition.txt	Boyd Text-Critical English NT	Boyd Text-Critical English NT	English	English	986667
Holy-Bible---English---Trans-Trans---Standard-Edition.txt	Translation for Translators	Translation for Translators	English	English	5797704
Holy-Bible---English---Twentieth-Century-NT---Standard-Edition.txt	Twentieth Century New Testament	Twentieth Century New Testament	English	English	1049886
Holy-Bible---English---Tyndale-Bible---Standard-Edition.txt	Tyndale Genesis, New Testament	Tyndale Genesis, New Testament	English	English	1775704
Holy-Bible---English---Unlocked-Literal-Bible---Standard-Edition.txt	Unlocked Literal Bible	Unlocked Literal Bible	English	English	4185483
Holy-Bible---English---Webster-Bible---Standard-Edition.txt	Webster Bible	Webster Bible	English	English	4246923
Holy-Bible---English---Webster-Bible-Revised---Standard-Edition.txt	Webster Version, Revised	Webster Version, Revised	English	English	4209650
Holy-Bible---English---Weymouth-NT---Standard-Edition.txt	Weymouth New Testament	Weymouth New Testament	English	English	1056877
Holy-Bible---English---World-English-Bible---Standard-Edition.txt	World English Bible	World English Bible	English	English	4118493
Holy-Bible---English---World-English-Bible-British-Edition---Standard-Edition.txt	World English Bible, British	World English Bible, British	English	English	4134548
Holy-Bible---English---World-English-Bible-Updated---Standard-Edition.txt	World English Bible Updated	World English Bible Updated	English	English	4129468
Holy-Bible---English---World-Messianic-Bible---Standard-Edition.txt	World Messianic Bible	World Messianic Bible	English	English	4132746
Holy-Bible---English---World-Messianic-Bible-British-Edition---Standard-Edition.txt	World Messianic Bible, British	World Messianic Bible, British	English	English	4137849
Holy-Bible---English---Worsley-Bible---Standard-Edition.txt	John Worsley New Testament	John Worsley New Testament	English	English	968415
Holy-Bible---English---Wycliffe-Bible---Standard-Edition.txt	Wycliffe Bible	Wycliffe Bible	English	English	4261304
Holy-Bible---English---Youngs-Literal-Translation---Standard-Edition.txt	Young's Literal Translation	Young's Literal Translation	English	English	4265861
Holy-Bible---Esperanto---Esperanto-Bible---Standard-Edition.txt	Esperanto London Bible	Esperanto London Bible	Esperanto	Esperanto	3945581
Holy-Bible---Estonian---Contemporary---Standard-Edition.txt	Estonian Modern Bible	Pühakiri Kaasaegses Eesti Keeles	Estonian	Eesti	926143
Holy-Bible---Estonian---For-All---Standard-Edition.txt	Estonian Bible	Piibel Kõigile	Estonian	Eesti	497757
Holy-Bible---Etulo---Etulo-Bible---Standard-Edition.txt	Etulo Bible	Utur Bible	Etulo	Utur	1053984
Holy-Bible---Ewe---Word-of-Life---Standard-Edition.txt	Éwé Bible	Biblia Agbenya La	Ewe	Eʋegbe	4215148
Holy-Bible---Falam---Falam-Chin-Bible---Standard-Edition.txt	Falam Chin Bible	Thukam Thar Lente Ṭon	Chin, Falam	Lai	89874
Holy-Bible---Finnish---Finnish-Bible---Standard-Edition.txt	Finnish Bible 1776	Finnish Bible 1776	Finnish	Suomen Kieli	4365913
Holy-Bible---Finnish---Finnish-Pyha-Raamattu---Standard-Edition.txt	Finnish Pyha Raamattu 1933/1938	Finnish Pyha Raamattu 1933/1938	Finnish	Suomen Kieli	4310980
Holy-Bible---Finnish---Open-Living-News---Standard-Edition.txt	Finnish Open Living News	Suomi Avoin Elävä Uutinen	Finnish	Suomen Kieli	1080351
Holy-Bible---Flemish---Flemish-De-Jonge-Bible---Standard-Edition.txt	New Testament, Nicolaas De Jonge	Het Vlaams Nieuwe Testament	Flemish	Vlaams	1012828
Holy-Bible---French---Bonnet-Bovet-Bible---Standard-Edition.txt	Annotated Bible, Bonnet and Bovet	La Bible Annotée de Bonnet et Bovet	French	Français	4450363
Holy-Bible---French---Free-for-the-World---Standard-Edition.txt	French Free Holy Bible for the World	Sainte Bible Libre Pour le Monde	French	Français	4317246
Holy-Bible---French---French-Crampon-Bible---Standard-Edition.txt	Augustin Crampon Bible	La Bible Augustin Crampon	French	Français	4432346
Holy-Bible---French---French-Crampon-Bible-New---Standard-Edition.txt	New Augustin Crampon Bible	Sainte Bible néo-Crampon Libre	French	Français	4426721
Holy-Bible---French---French-Darby-Bible---Standard-Edition.txt	French John Nelson Darby	Française John Nelson Darby	French	Français	4506209
Holy-Bible---French---French-Khan-Bible---Standard-Edition.txt	Zadoc Khan Bible	La Bible de Zadoc Khan	French	Français	3407647
Holy-Bible---French---French-LXX---Standard-Edition.txt	Translation of the LXX by P. GIGUET	Traduction de la LXX par P. GIGUET	French	Français	3354242
Holy-Bible---French---French-LXX-TheoTex---Standard-Edition.txt	LXX by P. GIGUET, TheoTex	Traduction de la LXX par P. GIGUET	French	Français	3399646
Holy-Bible---French---French-Louis-Segond-1910-Bible---Standard-Edition.txt	Louis Segond French Bible 1910	Louis Segond French Bible 1910	French	Français	4405433
Holy-Bible---French---French-Martin---Standard-Edition.txt	French Martin Bible	Bible Française Martin	French	Français	4621209
Holy-Bible---French---French-Oltramare-Bible---Standard-Edition.txt	New Testament, Oltramare	Nouveau Testament, Oltramare	French	Français	1068703
Holy-Bible---French---French-Ostervald-Bible---Standard-Edition.txt	Ostervald French Bible	Ostervald French Bible	French	Français	4384160
Holy-Bible---French---French-Perret-Gentil-Rilliet---Standard-Edition.txt	Perret-Gentil and Rilliet Bible	Bible Perret-Gentil et Rilliet	French	Français	4392386
Holy-Bible---French---French-Stapfer-Bible---Standard-Edition.txt	Stapher New Testament	Nouveau Testament de Stapfer	French	Français	1061351
Holy-Bible---French---French-Synodale-Bible---Standard-Edition.txt	Synodal New Testament and Psalms	Nouveau Testament et Psaumes, Synodale	French	Français	1323096
Holy-Bible---French---Geneva-Bible---Standard-Edition.txt	French Geneva Bible	Le Bible de Genève	French	Français	1081225
Holy-Bible---French---Vulgate-Glaire---Standard-Edition.txt	Glaire French Vulgate	French Vulgate Glaire	French	Français	4548602
Holy-Bible---Gamit---Gamit-Bible---Standard-Edition.txt	Gamit Bible	ગામીત નોવો કરાર	Gamit	Gamit	2847800
Holy-Bible---Gamo---Gamo-Bible---Standard-Edition.txt	Gamo Bible (Ethiopic)	ጌሻ ማጻፋ	Gamo	Gamotso	5630748
Holy-Bible---Gamo---Gamo-Bible-Latin---Standard-Edition.txt	Gamo Bible (Latin)	Geeshsha Mexaafa	Gamo	Gamotso	4116400
Holy-Bible---Gamotso---Gamo---Standard-Edition.txt	Gamo New Testament	Gamo Geesha Maxxafa	Gamotso	Gamotso	954434
Holy-Bible---Gata---Gata-Didayi-Bible---Standard-Edition.txt	Gata Didayi Bible	ସତ୍‌ ଗାଲି	Gta Asa, Didayi	ଡିଡାୟୀ	3261931
Holy-Bible---Gayil---Gayl-Bible---Standard-Edition.txt	Goyil Bible	ክለ ጫቃ	Gayil	Gayil	1751657
Holy-Bible---Geji---Geji-Bible---Standard-Edition.txt	Geji Bible	Bùù Bible	Geji	Bùù	878913
Holy-Bible---German---German-Albrecht---Standard-Edition.txt	Albrecht New Testament and Psalms	Deutsche Neues Testament, Psalmen	German	Deutsch	1340411
Holy-Bible---German---German-Elberfelder-1871---Standard-Edition.txt	Elberfelder German Bible 1871	Deutsche Bibel, Elberfelder	German	Deutsch	4703613
Holy-Bible---German---German-Elberfelder-1905---Standard-Edition.txt	Elberfelder German Bible 1905	Deutsche Bibel, Elberfelder	German	Deutsch	4423251
Holy-Bible---German---German-Katholiche-Riessler---Standard-Edition.txt	Catholic Bible, Paul Riessler	Katholische Bibel, Paul Riessler	German	Deutsch	4130989
Holy-Bible---German---German-Kautzsch-Weizsacker---Standard-Edition.txt	Kautzsch Weizsäcker German Bible	Deutsche Bibel, Kautzsch und Weizsäcker	German	Deutsch	4413821
Holy-Bible---German---German-Luther-Bible-1545---Standard-Edition.txt	Luther German Bible 1545	Deutsche Bibel, Luther	German	Deutsch	4081113
Holy-Bible---German---German-Luther-Bible-1912---Standard-Edition.txt	Luther German Bible 1912	Deutsche Bibel, Luther	German	Deutsch	4183743
Holy-Bible---German---German-Menge---Standard-Edition.txt	Menge German Bible	Deutsche Bibel	German	Deutsch	4826295
Holy-Bible---German---German-Reinhardt-Bible---Standard-Edition.txt	The Gospels by Ludwig Reinhardt	Die Evangelien, Reinhardt	German	Deutsch	470371
Holy-Bible---German---German-Schlachter---Standard-Edition.txt	Schlachter German Bible	Deutsche Bibel	German	Deutsch	4325839
Holy-Bible---German---German-Tafel-Bible---Standard-Edition.txt	Tafel German Bible	Deutsche Bibel, Tafel	German	Deutsch	3689311
Holy-Bible---German---Open-Bible---Standard-Edition.txt	Open Bible, Study Version	Offene Bibel, Studienfassung	German	Deutsch	1285857
Holy-Bible---German---Zurich-Bible---Standard-Edition.txt	German Zurich Bible	Deutsche Zürcher Bibel	German	Deutsch	4305281
Holy-Bible---Ghanongga---Kubokota-Adapt-Bible---Standard-Edition.txt	Ghanongga Kubokota Adapt Bible	Ghanongga Kubokota Adapt Bible	Ghanongga	Ghanongga	1461371
Holy-Bible---Gikuyu---Kikuyu---Standard-Edition.txt	Kikuyu Bible	Kiugo Gĩtheru Kĩa Ngai Kĩhingũre	Gikuyu	Kikuyu	5008857
Holy-Bible---Glavda---Glavda-Bible---Standard-Edition.txt	Glavda Bible	Glavda Bible	Glavda	Galavda	647635
Holy-Bible---Gofa---Gofa-Bible---Standard-Edition.txt	Gofa New Testament	Gofa New Testament	Gofa	Goofa	959042
Holy-Bible---Gofa---Gofa-Bible-Ethiopian---Standard-Edition.txt	Gofa Bible (Ethiopic)	ጌሻ ማፃፋ	Gofa	Goofa	5297709
Holy-Bible---Gofa---Gofa-Bible-Latin---Standard-Edition.txt	Gofa Bible (Latin)	Gofa Bible (Latin)	Gofa	Goofa	3685198
Holy-Bible---Gourma---Gourma-Bible---Standard-Edition.txt	Gourma Bible	Bible Gourma du Burkina Faso	Gourma	Gourmanchéma	1010651
Holy-Bible---Gourmantche---Gourmantche-Bible---Standard-Edition.txt	Gourmantche Bible	Bible Gourmantche du Togo	Gourmantche	Gourmanchéma	953396
Holy-Bible---Gowlan---Gowlan-Bible---Standard-Edition.txt	Gowlan Bible	परमेश्वर को पवित्र वचन	Gowlan	Gowlan	2250867
Holy-Bible---Gowli---Gawli-Bible---Standard-Edition.txt	Gawli Bible	ದೆವಾಚಿ ಖರಿ ಕಬರ್	Gowli	Gowli	2681645
Holy-Bible---Greek---Greek-Antoniades---Standard-Edition.txt	Antoniades Patriarchal Edition	H Καινή Διαθήκη	Greek, Koine	Ελληνική	1550473
Holy-Bible---Greek---Greek-Byzantine---Standard-Edition.txt	Greek NT Byzantine	H Καινή Διαθήκη	Greek, Koine	Ελληνική	1707615
Holy-Bible---Greek---Greek-Byzantine-Majority---Standard-Edition.txt	Greek NT Byzantine / Majority Text	H Καινή Διαθήκη	Greek, Byzantine	Ελληνική	1547606
Holy-Bible---Greek---Greek-LXX-Septuagint---Standard-Edition.txt	Greek Septuagint LXX	H μετάφρασις τῶν Ἑβδομήκοντα	Greek, Koine	Ελληνική	5631857
Holy-Bible---Greek---Greek-Majority-Text---Standard-Edition.txt	Greek Majority Text NT	H Καινή Διαθήκη	Greek, Koine	Ελληνική	1546264
Holy-Bible---Greek---Greek-Modern-Kathareuousa---Standard-Edition.txt	Neophytos Vamvas Modern Greek	H Καινή Διαθήκη, Καθαρεύουσα	Greek, Kathareuousa	Ελληνική	7670877
Holy-Bible---Greek---Greek-Nestle---Standard-Edition.txt	Greek NT Nestle 1904	H Καινή Διαθήκη	Greek, Koine	Ελληνική	1677800
Holy-Bible---Greek---Greek-Pickering-Family-35---Standard-Edition.txt	Greek Pickering Family 35	H Καινή Διαθήκη	Greek, Koine	Ελληνική	1547298
Holy-Bible---Greek---Greek-SBL---Standard-Edition.txt	Greek NT SBL	H Καινή Διαθήκη	Greek, Koine	Ελληνική	1695094
Holy-Bible---Greek---Greek-STEPBible---Standard-Edition.txt	Greek NT STEP Bible	H Καινή Διαθήκη	Greek, Koine	Ελληνική	1832746
Holy-Bible---Greek---Greek-Scrivener---Standard-Edition.txt	Greek NT Scrivener	H Καινή Διαθήκη	Greek, Koine	Ελληνική	1550964
Holy-Bible---Greek---Greek-Statistical-Restoration---Standard-Edition.txt	Greek NT Statistical Restoration	H Καινή Διαθήκη	Greek, Koine	Ελληνική	1701224
Holy-Bible---Greek---Greek-Stephanus---Standard-Edition.txt	Greek NT Stephanus	H Καινή Διαθήκη	Greek, Koine	Ελληνική	1552210
Holy-Bible---Greek---Greek-TR-Stephanus-Scrivener---Standard-Edition.txt	Greek NT Textus Receptus Scrivener	H Καινή Διαθήκη	Greek, Koine	Ελληνική	1552431
Holy-Bible---Greek---Greek-Textus-Receptus---Standard-Edition.txt	Greek NT Textus Receptus	H Καινή Διαθήκη	Greek, Koine	Ελληνική	1558536
Holy-Bible---Greek---Greek-Textus-Receptus-Boyd---Standard-Edition.txt	Greek NT Textus Receptus Boyd	Η Καινή Διαθήκη	Greek, Koine	Ελληνική	1713568
Holy-Bible---Greek---Greek-Textus-Receptus-Elzevir---Standard-Edition.txt	Greek NT Textus Receptus Elzevir	H Καινή Διαθήκη	Greek, Koine	Ελληνική	1552686
Holy-Bible---Greek---Greek-Tischendorf---Standard-Edition.txt	Tischendorf Greek New Testament	H Καινή Διαθήκη	Greek, Koine	Ελληνική	1679389
Holy-Bible---Greek---Greek-Tregelles---Standard-Edition.txt	Greek NT Tregelles	H Καινή Διαθήκη	Greek, Koine	Ελληνική	1690451
Holy-Bible---Greek---Greek-Westcott-Hort---Standard-Edition.txt	Greek NT Westcott / Hort	H Καινή Διαθήκη	Greek, Koine	Ελληνική	1560674
Holy-Bible---Greek---Text-Critical---Standard-Edition.txt	Greek NT Text-Critical	H Καινή Διαθήκη	Greek, Koine	Ελληνική	1705544
Holy-Bible---Guduf-Gava---Guduf-Gava-Bible---Standard-Edition.txt	Guduf-Gava Bible	Gava Bible	Guduf-Gava	Guduf-Gava	250347
Holy-Bible---Gujarati---Gujarati-Bible---Standard-Edition.txt	Gujarati Bible	ગુજરાતી બાઇબલ	Gujarati	ગુજરાતી	9698710
Holy-Bible---Gujii---Guji-Oromo-Bible---Standard-Edition.txt	Guji Oromo Bible	Kitaaba Woyyuu	Gujii Oromo	Gujii Oromo	4538082
Holy-Bible---Haitian---Haitian-Creole-Bible---Standard-Edition.txt	Haitian Creole Bible	Kreyòl Ayisyen Bible	Haitian Creole	Kreyòl Ayisyen	4430585
Holy-Bible---Haitian---Haitian-Creole-Smith---Standard-Edition.txt	Smith Haitian Creole Bible	Bib Sen An	Haitian Creole	Kreyòl Ayisyen	4001818
Holy-Bible---Halbi---Halbi-Bible---Standard-Edition.txt	Halbi Bible	परमेस्वर को सच्चो वचन ख जाननू	Halbi	हलबी	2257259
Holy-Bible---Haryanvi---Haryanvi-Bible---Standard-Edition.txt	Haryanvi Bible	हरियाणवी बाइबिल	Haryanvi	हरियाणवी‎	2628048
Holy-Bible---Hausa---Contemporary---Standard-Edition.txt	Hausa Contemporary Bible	Littafi Mai Tsarki, Don Kowa	Hausa	Hausa	4025490
Holy-Bible---Hausa---Hausa-Bible---Standard-Edition.txt	Hausa New Testament	Littafi Mai Tsarki	Hausa	Hausa	951740
Holy-Bible---Havu---Havu-Bible---Standard-Edition.txt	Havu Bible	Kihavu Bible	Havu	Kihavu	297991
Holy-Bible---Hawaiian---Hawaiian-Bible-1868---Standard-Edition.txt	Hawaiian Bible 1868	Baibala Hemolele	Hawaiian	Ōlelo Hawai'i	4532040
Holy-Bible---Hebrew---Hebrew-Aleppo-Codex---Standard-Edition.txt	Hebrew Aleppo Codex	כתבי הקודש	Hebrew	עברית	2789578
Holy-Bible---Hebrew---Hebrew-Aleppo-Miqra-Mesorah---Standard-Edition.txt	Miqra `al pi ha-Mesorah	מקרא על פי המסורה	Hebrew	עברית	4973517
Holy-Bible---Hebrew---Hebrew-Masoretic-OT---Standard-Edition.txt	Hebrew Masoretic Old Testament	כתבי הקודש	Hebrew	עברית	5485415
Holy-Bible---Hebrew---Hebrew-STEPBible---Standard-Edition.txt	Hebrew STEP Old Testament	כתבי הקודש	Hebrew	עברית	5459150
Holy-Bible---Hebrew---Hebrew-Westminster-Leningrad---Standard-Edition.txt	Westminster Leningrad Codex OT	כתבי הקודש	Hebrew	עברית	5443816
Holy-Bible---Hebrew---Hebrew-Westminster-Leningrad-Kimball---Standard-Edition.txt	Westminster Leningrad Cdx Kimball	כתבי הקודש	Hebrew	עברית	4964489
Holy-Bible---Hebrew---Living-Bible---Standard-Edition.txt	Hebrew Living New Testament	הברית החדשה/הדרך זכויות פתוחות	Hebrew	עברית	1309302
Holy-Bible---Hebrew---Modern-Hebrew-Bible---Standard-Edition.txt	Modern Hebrew Bible	תנ ך עברי מודרני	Hebrew	עברית	3822629
Holy-Bible---Hebrew---Salkinson-Hebrew-Bible---Standard-Edition.txt	Salkinson Hebrew Bible	הברית החדשה של סלקינסון	Hebrew	עברית	1785498
Holy-Bible---Hebrew---Westminster-Leningrad-Philadelphia---Standard-Edition.txt	Westminster Leningrad Cdx Phila	כתבי הקודש	Hebrew	עברית	5443076
Holy-Bible---Hindi---Contemporary---Standard-Edition.txt	Hindi Contemporary Version Bible	हिंदी समकालीन संस्करण-स्वतंत्र उपलब्धि	Hindi	हिन्दी	10451356
Holy-Bible---Hindi---Hindi-Bible---Standard-Edition.txt	Hindi Bible	पवित्र बाइबिल	Hindi	हिन्दी	9553478
Holy-Bible---Hona---Hwana-Bible---Standard-Edition.txt	Hwana Bible	Hona Bible	Hwana	Hona	1136757
Holy-Bible---Hre---Hre-Bible---Standard-Edition.txt	Hre Bible	Hset Hadròeh	Hre	Hset	1096561
Holy-Bible---Hruso---Hrusso-Angka-Bible---Standard-Edition.txt	Hruso Bible	Aka Bible	Hruso	Aka	140888
Holy-Bible---Hungarian---Hungarian-Jewish-Bible---Standard-Edition.txt	The Israeli-Hungarian Bible	Az Izraelita-Magyar Biblia	Hungarian	Magyar Nyelv	3103770
Holy-Bible---Hungarian---Hungarian-Karoli---Standard-Edition.txt	Revised Hungarian Bible 1908	Revideált Károli Biblia 1908	Hungarian	Magyar Nyelv	4275062
Holy-Bible---Hungarian---Magyar-Bible---Standard-Edition.txt	Hungarian Open New Testament	Nyitott Újszövetség	Hungarian	Magyar Nyelv	1006994
Holy-Bible---Icelandic---Open-Living-Word---Standard-Edition.txt	Icelandic Open Living Word	Opna Lifandi Orð	Icelandic	Íslenska	1397850
Holy-Bible---Igbo---Igbo-Bible---Standard-Edition.txt	The Igbo Holy Bible for Everyone	Baịbụlụ Nsọ n’Igbo Ndị Ugbu	Igbo	Igbo	5133616
Holy-Bible---Ikizu---Ikizu-Bible---Standard-Edition.txt	Ikizu Bible	Ʉbhʉragɨ Ubhuhya Mʉkɨgambʉ chi Ikikiizʉ	Ikizu	Kiikiizo	1332560
Holy-Bible---Ilocano---Ilocano-Bible---Standard-Edition.txt	Ilocano Bible	Ti Biblia	Ilocano	Ilocano	4905853
Holy-Bible---Ilonggo---Hiligaynon-Free-Bible---Standard-Edition.txt	Ilonggo Free Bible	Libre Ang Pulong Sang Dios	Ilonggo	Binisayâ	4840021
Holy-Bible---Indonesian---Bahasa-Indonesia-Sehari-hari---Standard-Edition.txt	Everyday Indonesian Bible	Bahasa Indonesia Sehari-hari	Indonesian	Bahasa Indonesia	4523590
Holy-Bible---Indonesian---For-All---Standard-Edition.txt	Indonesian Bible for All	Alkitab Gratis untuk Semua	Indonesian	Bahasa Indonesia	1234697
Holy-Bible---Indonesian---New-Indonesian-Translation---Standard-Edition.txt	Indonesian New Translation	Terjemahan Baru	Indonesian	Bahasa Indonesia	4771689
Holy-Bible---Indonesian---Simple---Standard-Edition.txt	Simple Indonesian Bible, 3rd Edition	Alkitab Sederhana Indonesia	Indonesian	Bahasa Indonesia	3754519
Holy-Bible---Irish---Odomhnuill-Modern---Standard-Edition.txt	Irish O'Domhnuill Modernized	Irish O'Domhnuill Modernized	Irish	Irish	161003
Holy-Bible---Isanzu---Isanzu-Bible---Standard-Edition.txt	Isanzu Bible	Kiisanzu Bible	Isanzu	Kiisanzu	994946
Holy-Bible---Italian---Conferenza-Episcopale-Italiana---Standard-Edition.txt	Italian Catholic Church Bible	Conferenza Episcopale Italiana	Italian	Italiano	3993088
Holy-Bible---Italian---Italian-Giovanni-Diodati-Bible---Standard-Edition.txt	Diodati Italian Bible 1649	Diodati Italiano Bibbia	Italian	Italiano	4409997
Holy-Bible---Italian---Italian-Riveduta-Bible---Standard-Edition.txt	Riveduta Italian Bible 1927	Riveduta Italiano Bibbia	Italian	Italiano	4276002
Holy-Bible---Janji---Janji-Bible---Standard-Edition.txt	Janji Bible	Janji Bible	Janji	Ajanji	910974
Holy-Bible---Japanese---Japanese-Bungo-yaku---Standard-Edition.txt	Japanese Bungo-yaku / Taisho-kaiyaku	大正改訳「新約聖書」	Japanese	日本語	4362898
Holy-Bible---Japanese---Japanese-Electronic-Network-Bible---Standard-Edition.txt	Japanese Electronic Network Bible	日本の電子ネットワーク聖書	Japanese	日本語	952058
Holy-Bible---Japanese---Japanese-Kougo-yaku---Standard-Edition.txt	Japanese Kougo-yaku, Colloquial	口語訳「聖書」	Japanese	日本語	5392577
Holy-Bible---Japanese---Japanese-Meiji-yaku---Standard-Edition.txt	Japanese Meiji-yaku 1953	明治元訳「舊約聖書」	Japanese	日本語	1462267
Holy-Bible---Japanese---Japanese-Raguet-yaku---Standard-Edition.txt	Japanese Raguet-yaku 1910	ラゲ訳「我主イエズスキリストの新約聖書」	Japanese	日本語	1069128
Holy-Bible---Japanese---New-Japanese-New-Testament---Standard-Edition.txt	Japanese New Testament 1965	新改訳新約聖書	Japanese	日本語	1407189
Holy-Bible---Jumjum---Jumjum-Bible---Standard-Edition.txt	Jumjum Bible	Meeŋka Jooŋ	Jumjum	Jumjum	373997
Holy-Bible---Juray---Juray-Bible---Standard-Edition.txt	Juray Bible	ଆଜାଡ଼ି ତଙରନ୍‌	Juray	Juray	3556865
Holy-Bible---Kamano---Kamano-Kafe---Standard-Edition.txt	Kamano-Kafe Bible	Anumzamofo Ruotage Avontafere	Kamano	Kamano-Kafe	5464728
Holy-Bible---Kannada---Indian-Revised-Version---Standard-Edition.txt	Kannada Indian Revised Version	ಇಂಡಿಯನ್ ರಿವೈಜ್ಡ್ ವರ್ಸನ್	Kannada	ಕನ್ನಡ	10586487
Holy-Bible---Kannada---Kannada-Bible---Standard-Edition.txt	Kannada Bible	ಕನ್ನಡ ಬೈಬಲ್	Kannada	ಕನ್ನಡ	10588470
Holy-Bible---Kannada---Open-Contemporary---Standard-Edition.txt	Kanada Open Contemporary Bible	ಉಚಿತ ಕನ್ನಡ ಸಮಕಾಲಿಕ ಭಾಷಾಂತರ	Kannada	ಕನ್ನಡ	10712980
Holy-Bible---Kannada---Siddi-Bible---Standard-Edition.txt	Siddi Bible	ದೆವಾಚಿ ಖರಿ ಖಬರ್	Kannada	ಕನ್ನಡ	3187807
Holy-Bible---Kapin---Kapin-Bible---Standard-Edition.txt	Kapin Bible	Kapin Bible	Kapin	Kapin	755734
Holy-Bible---Kara---Kara-Bible---Standard-Edition.txt	Kara Bible	Kikara Bible	Kara	Kikara	1054633
Holy-Bible---Kiche---Totonicapan---Standard-Edition.txt	K’iche’ of Totonicapan NT	Ri Kꞌakꞌ Testamento Pa Tzijobꞌal Kꞌicheꞌ	K'iche'	Qach’abel	1289345
Holy-Bible---Kinga---Mahanji-Bible---Standard-Edition.txt	Kinga Bible	Mahanji Bible	Kinga	Mahanji	1021939
Holy-Bible---Kisi---Kisi-Bible---Standard-Edition.txt	Kisi Bible	Kese Bible	Kisi	Kese	1082215
Holy-Bible---Kituba---Kituba-Bible---Standard-Edition.txt	Kituba Bible	Mambu ya Nzambi	Kituba	Monokutuba	5147886
Holy-Bible---Kizalamo---Zaramo-Kizalamo-Bible---Standard-Edition.txt	Kizalamo Bible	Bibilia ya Kizalamo	Kizalamo	Zaramo	1434358
Holy-Bible---Koda---Koda-Bible---Standard-Edition.txt	Koda Bible	কড়া অনুবাদ	Koda	কোডা	1437314
Holy-Bible---Kolami-Southeastern---Kolami-Bible---Standard-Edition.txt	Southeastern Kolami Bible	కొత్త కరార్	Kolami, Southeastern	కొలామి	2611164
Holy-Bible---Konda-Dora---Konda-Porja-Bible---Standard-Edition.txt	Konda-Dhora Bible	ମାପୁରୁଦି ସତ୍‌ ବାକ୍ୟ	Konda-Dhora	କୋଣ୍ଡା	3238920
Holy-Bible---Korean---Korean-1910---Standard-Edition.txt	Korean 1910 Bible	개역성경	Korean	한국어	4522033
Holy-Bible---Korean---Korean-RV---Standard-Edition.txt	Korean Revised Version	개역성경	Korean	한국어	4568521
Holy-Bible---Korean---Korean-Revised-Version---Standard-Edition.txt	Korean Revised Bible	개역성경	Korean	한국어	4523400
Holy-Bible---Kosraean---Kosraean-Bible---Standard-Edition.txt	Kosraean Bible	Baibel Mutal ke Kas Kusaie	Kosraean	Kusaiean	4153508
Holy-Bible---Koya---Koya-Bible---Standard-Edition.txt	Koya Bible	ପୁନାଦ୍ ଆର୍ର୍	Koya	କୋୟା	3305471
Holy-Bible---Kuhane---Kuhane-Bible---Standard-Edition.txt	Kuhane Bible	Chikuahane Bible	Kuhane	Chikuahane	970615
Holy-Bible---Kurama---Kurama-Akurumi-Bible---Standard-Edition.txt	Kurama Akurumi Bible	T'kurmi Bible	Kurama	T'kurmi	107724
Holy-Bible---Kurdish---Sorani-Bible---Standard-Edition.txt	Kurdish Sorani Bible	وەشانی بێبەرامبەری کوردیی سۆرانیی ستاندەر	Kurdish, Central	كوردی سۆرانی	6390231
Holy-Bible---Kutu---Kutu-Bible---Standard-Edition.txt	Kutu Bible	Lagano da Sambi kwa Wanhu Wose	Kutu	Kutu	1020476
Holy-Bible---Kuturmi---Kuturmi-Bible---Standard-Edition.txt	Kuturmi Bible	Ibiro-Ikryo Bible	Kuturmi	Ibiro-Ikryo	146956
Holy-Bible---Kuvi---Kuvi-Bible---Standard-Edition.txt	New Testament in Kuvi	ପୁଃନି ମେ଼ରା	Kuvi	କୁଭି, କୁୱି	2907056
Holy-Bible---Latin---Clementine-Vulgate-1598---Standard-Edition.txt	Clementine Vulgate 1598	Bibbia Vulgata Clementina	Latin	Latine	3630359
Holy-Bible---Latin---Clementine-Vulgate-Conte---Standard-Edition.txt	Clementine Vulgate, Conte	Bibbia Vulgata Clementina	Latin	Latine	3628273
Holy-Bible---Latin---Clementine-Vulgate-Hetzenauer---Standard-Edition.txt	Clementine Vulgate, Hetzenauer	Bibbia Vulgata Clementina	Latin	Latine	3628042
Holy-Bible---Latin---Clementine-Vulgate-Tweedale---Standard-Edition.txt	Clementine Vulgate, Tweedale	Bibbia Vulgata Clementina	Latin	Latine	3627655
Holy-Bible---Latin---Vulgata-Sistina---Standard-Edition.txt	Sistina Vulgate Bible	Bibbia Vulgata Sistina	Latin	Latine	3632068
Holy-Bible---Latin---Vulgate-Jerome---Standard-Edition.txt	Jerome Vulgate Bible	Bibbia Vulgata Jerome	Latin	Latine	3485711
Holy-Bible---Latvian---Latvian-Gluck-Bible---Standard-Edition.txt	Latvian Glück Bible 8th edition	Latviešu Glück Bībele	Latvian	Latviešu	4056801
Holy-Bible---Lingala---Lingala-Bible---Standard-Edition.txt	Lingala Bible	Mokanda na Bomoi	Lingala	Lingála	4648158
Holy-Bible---Lithuanian---Believers-Heritage---Standard-Edition.txt	Lithuanian Believers Heritage	Tikinčiųjų Paveldo Vertimas	Lithuanian	Lietuvių	307870
Holy-Bible---Lithuanian---Open-Lithuanian-Bible---Standard-Edition.txt	Open Lithuanian Scriptures	Naudojimo Teisės Atviros	Lithuanian	Lietuvių	263263
Holy-Bible---Lodhi---Lodhi-Bible---Standard-Edition.txt	Lodhi New Testament	परमेश्वर को सच्चो वचन	Lodhi	लोधी	4463685
Holy-Bible---Luganda---Luganda-Bible---Standard-Edition.txt	Luganda Bible	Bayibuli Entukuvu	Luganda	Luganda	4341922
Holy-Bible---Lungga---Lungga-Bible---Standard-Edition.txt	Lungga Bible	Luqa Bible	Lungga	Luqa	1709305
Holy-Bible---Luyana---Luyana-Bible---Standard-Edition.txt	Luyana Bible	Luyi Bible	Luyana	Luyi	1042687
Holy-Bible---Mahasu-Pahari---Baghlayani-Bible---Standard-Edition.txt	Mahasu Pahari Baghlayani Bible	बघल्याणी नवां विधान	Mahasu Pahari	बघल्याणी	2482621
Holy-Bible---Makhuwa-Meetto---Makua-Bible---Standard-Edition.txt	Makhuwa-Meetto Bible	Makua Bible	Makhuwa-Meetto	Makua	1152316
Holy-Bible---Malagasy---Malagasy-Bible---Standard-Edition.txt	Malagasy Bible 1865	Soratra Masina	Malagasy	Malagasy	4669906
Holy-Bible---Malagasy---Tandroy-Mahafaly-Bible---Standard-Edition.txt	Malagasy Tandroy-Mahafaly Bible	Saontsin’ Añahare, Madagascar	Malagasy, Tandroy-Mahafaly	Tandroy	4206680
Holy-Bible---Malayalam---1910-Contemporary---Standard-Edition.txt	Malayalam Bible 1910 Modern	മലയാളം ബൈബിള്‍ 1910 Modern	Malayalam	മലയാളം	11027473
Holy-Bible---Malayalam---Contemporary---Standard-Edition.txt	Malayalam Contemporary Bible	സമകാലിക മലയാളവിവർത്തനം	Malayalam	മലയാളം	12172228
Holy-Bible---Malayalam---Malayalam-Bible---Standard-Edition.txt	Malayalam Indian Revised Bible	മലയാളം ബൈബിള്‍	Malayalam	മലയാളം	11319282
Holy-Bible---Malayalam---Malayalam-Bible-1910---Standard-Edition.txt	Malayalam Bible 1910	മലയാളം ബൈബിള്‍ 1910	Malayalam	മലയാളം	11017012
Holy-Bible---Male---Maale-Bible---Standard-Edition.txt	Maale Bible (Ethiopic)	ጌኤዦ ማፃኣፖ	Male	Maale	6662099
Holy-Bible---Manipuri---Meitei-Bible---Standard-Edition.txt	Manipuri Bible	Meitei Bible	Manipuri	Meitei	1263066
Holy-Bible---Maori---Maori-Bible---Standard-Edition.txt	Maori Bible	Te Paipera Tapu	Māori	Māori	4539515
Holy-Bible---Marathi---Marathi-Bible---Standard-Edition.txt	Marathi Indian Revised Bible	राठी बायबल	Marathi	मराठी	10511491
Holy-Bible---Marathi---Marathi-Indian-Bible---Standard-Edition.txt	Marathi Contemporary Bible	मराठी समकालीन स्वतंत्र संस्करण	Marathi	मराठी	10553850
Holy-Bible---Marghi-South---Marghi-South-Bible---Standard-Edition.txt	Marghi South Bible	Ndǝshiguˈyar Foɗǝu Ənga Thlǝr Camaˈyar	Marghi South	Marghi South	901836
Holy-Bible---Matengo---Amatengu-Bible---Standard-Edition.txt	Matengo Bible	Amatengu Bible	Matengo	Matengo	1078372
Holy-Bible---Matumbi---Matumbi-Bible---Standard-Edition.txt	Matumbi Kimatuumbi Bible	Injili ya Yesu	Matumbi	Kimatuumbi	718595
Holy-Bible---Mbe---Mbe-Bible---Standard-Edition.txt	Mbe Bible	M̀bè Mbembe Okohm	Mbe	M̀bè	1522794
Holy-Bible---Mbula-Bwazza---Mbula-Bwazza-Bible---Standard-Edition.txt	Mbula-Bwazza Bible	Ɓwázà Bible	Mbula-Bwazza	Ɓwázà	2886755
Holy-Bible---Melo---Melo-Bible---Standard-Edition.txt	Melo Ethiopic Bible	ኦሮꬅ ጫቆ	Melo	Malo	1311873
Holy-Bible---Mori-Atas---Mori-Atas-Bible---Standard-Edition.txt	Mori Atas Bible	Alkitab Tambee	Mori Atas	Upper Mori	181663
Holy-Bible---Mpoto---Mpoto-Bible---Standard-Edition.txt	Mpoto Bible	Chimpoto	Mpoto	Mpoto	1212079
Holy-Bible---Mum---Mum-Bible---Standard-Edition.txt	Mum Bible	Kuyu Avi Matyu Yɨhimbɨvɨrami	Mum	Katiati	226997
Holy-Bible---Munda---Munda-Bible---Standard-Edition.txt	Munda New Testament	ପାର୍‌ମେଶ୍ୱାର୍‌ଆଃ ଜୀନିଦ୍‌ ବାଚାନ୍‌	Munda	ମୁଣ୍ଡାରୀ	3329870
Holy-Bible---Mwaghavul---Mwaghavul-Bible---Standard-Edition.txt	Mwaghavul Sura Bible	Manji Yiljep	Mwaghavul	Sura	665437
Holy-Bible---Mwera---Mwera-Bible---Standard-Edition.txt	Mwera Bible	Malagano ga Ambi	Mwera	Mwera	1155356
Holy-Bible---Myanmar---Burmese-Common-Bible---Standard-Edition.txt	Burmese Common Language Bible	ခေတ်သုံးမြန်မာသမ္မာကျမ်း	Myanmar Burmese	မြန်မာဘာသာ	16952223
Holy-Bible---Myanmar---Burmese-Judson---Standard-Edition.txt	Myanmar Burmese Judson Text	မြန်မာယုဒသန်သမ္မာကျမ်း	Myanmar Burmese	မြန်မာဘာသာ	12139706
Holy-Bible---Myanmar---Myanmar-Burmese-Judson---Standard-Edition.txt	Myanmar Burmese Judson Bible	မြန်မာယုဒသန်သမ္မာကျမ်း	Myanmar Burmese	မြန်မာဘာသာ	11766488
Holy-Bible---Naga-Pidgin---Nagamese-Bible---Standard-Edition.txt	Nagamese Bible	Indian Standard Version Nagamese	Naga, Pidgin	Nagamiz	1151780
Holy-Bible---Naga-Tutsa---Tutsa-Naga-Bible---Standard-Edition.txt	Tutsa Naga Bible	Esa Leedap Ena Banlam	Naga, Tutsa	Totcha	1192778
Holy-Bible---Ncane---Ncane-Bible---Standard-Edition.txt	Ncane Bible	Nchane Bible	Ncane	Nchane	1352263
Holy-Bible---Ndebele---Accessible-Bible---Standard-Edition.txt	Ndebele Accessible Bible	Ibhayibhili Elifinyelelekayo	Ndebele	Ndebele	4072909
Holy-Bible---Ndebele---Ndebele-Bible---Standard-Edition.txt	Ndebele Bible	Ndebele Bible	Ndebele	Ndebele	3933934
Holy-Bible---Ndendeule---Ndendeule-Bible---Standard-Edition.txt	Ndendeule Bible	Ndendeule Bible	Ndendeule	Ndendeule	1199511
Holy-Bible---Ndengereko---Ndengereko-Bible---Standard-Edition.txt	Ndengereko Bible	Kindengereko Bible	Ndengereko	Kindengereko	954892
Holy-Bible---Ndonde-Hamba---Ndonde-Hamba-Bible---Standard-Edition.txt	Ndonde Hamba Bible	Ndondehamba	Ndonde Hamba	Ndondehamba	164913
Holy-Bible---Ndwewe---Ndwewe-Bible---Standard-Edition.txt	Ndwewe Bible	Ruvuma Bible	Ndwewe	Ndwewe	1231176
Holy-Bible---Nend---Mark---Standard-Edition.txt	Mark in Nend	MAK Yakŋ Ohɨrand Ya Imbɨr Makɨv Mpamar	Nend	Nend	142537
Holy-Bible---Nepali---Nepali-Bible---Standard-Edition.txt	Nepali Bible	पवित्र बाइबल	Nepali	नेपाली	10698214
Holy-Bible---Nepali---Nepali-Contemporary---Standard-Edition.txt	Nepali Contemporary Bible	नेपाली समकालीन सर्वसुलभ संस्करण	Nepali	नेपाली	10643350
Holy-Bible---Ngoni---Ngoni-Bible---Standard-Edition.txt	Ngoni New Testament	Ngoni New Testament	Ngoni	Chingoni	1091642
Holy-Bible---Nkangala---Nkangala-Bible---Standard-Edition.txt	Nkangala Bible	Nkangala Bible	Nkangala	Nkangala	930625
Holy-Bible---Norwegian---Living-Bible---Standard-Edition.txt	Norwegian Living New Testament	Open En Levende Bok	Norwegian Bokmal	Norsk Bokmål	1156078
Holy-Bible---Norwegian---Norwegian-Bible---Standard-Edition.txt	Norwegian Bible	Norsk Bibel	Norwegian Bokmal	Norsk Bokmål	3866406
Holy-Bible---Norwegian---Norwegian-Student-Bible---Standard-Edition.txt	Norwegian Student Bible	Fyre Car, Studentmållagsbibelen	Norwegian Nynorsk	Norsk Nynorsk	3881442
Holy-Bible---Oriya---Oriya-Bible---Standard-Edition.txt	Oriya Bible	ଓଡିଆ ବାଇବେଲ	Oriya	ଓଡ଼ିଆ	10810412
Holy-Bible---Oromo---New-World---Standard-Edition.txt	New Oromo Contemporary Version	Hiikkaa Ammayyaa Banamaa Haaraa	Oromo, West Central	Afaan Oromoo	4488771
Holy-Bible---Oromo---West-Central-Oromo-Bible---Standard-Edition.txt	West Central Oromo Bible	ሂካ አመያ በነማ ሃራ, ሎቆደ ዽኣ	Oromo, West Central	Afaan Oromoo	5759888
Holy-Bible---Oyda---Oyda-Bible-Latin---Standard-Edition.txt	Oyda Bible (Latin)	Kille Caaqo	Oyda	Oyda	952967
Holy-Bible---Oyda---Oyde-Bible-Ethiopic---Standard-Edition.txt	Oyda Bible (Ethiopic)	ክለ ጫቆ	Oyda	Oyda	1307467
Holy-Bible---Padoe---Padoe-Bible---Standard-Edition.txt	Padoe Bible	Akitab Padoe	Padoe	Padoe	167706
Holy-Bible---Palaung-Shwe---Shwe-Palaung-Bible---Standard-Edition.txt	Shwe Palaung Bible	ပလောင်ဘာသာ	Palaung, Shwe	ပလောင်ဘာသာ	259211
Holy-Bible---Panjabi---Punjabi-Bible---Standard-Edition.txt	Punjabi Bible	ਪੰਜਾਬੀ ਬਾਈਬਲ	Panjabi, Eastern	ਪੰਜਾਬੀ	9869947
Holy-Bible---Pengo---Pengo-Bible---Standard-Edition.txt	Pengo Bible	ସତ୍‌ ବଚନ୍‌	Pengo	Pengu	3057101
Holy-Bible---Persian---Old-Persion-Version-Bible---Standard-Edition.txt	Old Persion Version Bible	ترجمه قدیم	Persian	فارسی	5783417
Holy-Bible---Persian---Open-Contemporary---Standard-Edition.txt	Open Persian Contemporary Bible	فارسی	Persian	فارسی	6276293
Holy-Bible---Pogolo---Pogoro-Bible---Standard-Edition.txt	Pogoro New Testament	Lipatanu Lya Syayi, Wantu Woseri	Pogolo	Pogolo	1123244
Holy-Bible---Pohnpeian---Pohnpeian-NT-Psalms-New-Alphabet---Standard-Edition.txt	Pohnpeian NT, Psalms: New Alpha	Kadede Kap Psam Akan	Pohnpeian	Pohnpeian	1084489
Holy-Bible---Pohnpeian---Pohnpeian-NT-Psalms-Old-Alphabet---Standard-Edition.txt	Pohnpeian NT, Psalms: Old Alpha	Kadede Kap Pjam Akan	Pohnpeian	Pohnpeian	1061271
Holy-Bible---Polci---Polci-Bible---Standard-Edition.txt	Polci Bible	Zul Pəlci Bible	Polci	Pəlci	838961
Holy-Bible---Polish---Open-Access-Word-of-Life---Standard-Edition.txt	Polish Open Access Word of Life	Słowo Życia, Otwarty Dostęp	Polish	Polskie	1017217
Holy-Bible---Polish---Polish-Gdansk---Standard-Edition.txt	Polish Gdansk Bible 1881	Święta Biblia	Polish	Polskie	4096702
Holy-Bible---Polish---Polish-Updated-Gdansk---Standard-Edition.txt	Polish Updated Gdansk Bible	Święta Biblia	Polish	Polskie	4009996
Holy-Bible---Portuguese---Almeida-Bible-1911---Standard-Edition.txt	Portuguese Bible 1911	Ferreira de Almeida Bíblia	Portuguese	Língua Portuguesa	4028719
Holy-Bible---Portuguese---Almeida-NewOrthography---Standard-Edition.txt	Portuguese Bible 1911, New Spelling	Almeida Bíblia, Ortografia Nova	Portuguese	Língua Portuguesa	4015411
Holy-Bible---Portuguese---Biblia-Livre---Standard-Edition.txt	Free Portuguese Bible	Bíblia Livre Portuguesa	Portuguese	Língua Portuguesa	3986752
Holy-Bible---Portuguese---Free-for-All---Standard-Edition.txt	Portuguese Free Bible for All	Biblia Livre Para Todos	Portuguese	Língua Portuguesa	1104329
Holy-Bible---Portuguese---New-Open-Access---Standard-Edition.txt	New Open Access Bible	Bíblia Nova Versão de Acesso Livre	Portuguese	Língua Portuguesa	4159385
Holy-Bible---Portuguese---Open-New-Bible---Standard-Edition.txt	Portuguese Open New Living Bible	Open Nova Bíblia Viva	Portuguese	Língua Portuguesa	4532459
Holy-Bible---Portuguese---Portuguese-Trans-Trans---Standard-Edition.txt	Portuguese Bible for Translators	Tradução para Tradutores	Portuguese	Língua Portuguesa	1801846
Holy-Bible---Portuguese---World-Portuguese-Bible---Standard-Edition.txt	World Portuguese Bible	Bíblia Portuguesa Mundial	Portuguese	Língua Portuguesa	4141819
Holy-Bible---Potawatomi---Potawatomi-Bible---Standard-Edition.txt	Potawatomi Bible	Potawatomi Bible	Potawami	Potawami	271512
Holy-Bible---Powari---Powari-Bible---Standard-Edition.txt	Powari Bible	सत मारग पर चलन वारो किताब	Powari	Powari	1613569
Holy-Bible---Rakhine---Rakhine-Bible---Standard-Edition.txt	Rakhine Bible	ဓမ္မသစ်ကျမ်း ရခိုင်ဘာသာစကား	Rakhine	ရခိုင်ဘာသာ	3536542
Holy-Bible---Rangi---Rangi-Bible---Standard-Edition.txt	Rangi Bible	Kɨlaangi	Rangi	Kɨlaangi	1319928
Holy-Bible---Reli---Reli-Bible---Standard-Edition.txt	Reli Bible	సొత్తొ పురువురొ పవిత్రొ కొత	Reli	Reli	1202315
Holy-Bible---Rohingya---Kitabul-Mukaddos-Bible---Standard-Edition.txt	Rohingya Kitabul Mukaddos	Ruáingga Injil Córif	Rohingya	Ruáingga	1223828
Holy-Bible---Rohingya---Rohingya-Bible---Standard-Edition.txt	Rohingya Bible	Ruáingga Bible	Rohingya	Ruáingga	760885
Holy-Bible---Romani---Balkans-Arli-Bible---Standard-Edition.txt	Romani Balkans Arli Bible	Balkaniko Romanes Arli Bible	Romani, Balkan	Balkaniko Romanes	1020455
Holy-Bible---Romani---Eastern-Vlakh---Standard-Edition.txt	Eastern Vlakh Romani	Библия пэ влахицко романи шыб	Romani Vlax, Eastern	Eastern Romani	803523
Holy-Bible---Romani-Vlax---Arli-Luke---Standard-Edition.txt	Arli Luke	Arli Luka	Romani Vlax, Arli	Arli Romani	145983
Holy-Bible---Romani-Vlax---Chergash-Luke---Standard-Edition.txt	Chergash Bible	Romani Čergarsko čhib Srbija	Romani Vlax, Chergash	Chergash Romani	1049011
Holy-Bible---Romani-Vlax---Gurbet-Luke---Standard-Edition.txt	Gurbet Bible	Gurbetsko dijalekt Srbija	Romani Vlax, Gurbet	Gurbet Romani	1017147
Holy-Bible---Romani-Vlax---Lovaric-Bible---Standard-Edition.txt	Romani Lovari Bible	Библия пэ ловарицко романы щиб	Romani Vlax, Lovari	Lovari Romani	345757
Holy-Bible---Romani-Vlax---Servi-Bible---Standard-Edition.txt	Servi Romani Bible	Библия пы сэрвицко ромско чиб	Romani Vlax, Servi	Servi Romani	794724
Holy-Bible---Romanian---BTF-Bible---Standard-Edition.txt	Romanian Faithful Translation	Biblia Traducerea Fidela	Romanian	Română	4385104
Holy-Bible---Romanian---Bayash-Luke---Standard-Edition.txt	Bayash Luke	Luka	Romanian	Bayash	156957
Holy-Bible---Romanian---Cyrillic---Standard-Edition.txt	Romanian Bible (Cyrillic)	Библия Думитру Корнилеску 1924	Romanian	Română	6964826
Holy-Bible---Romanian---Free-Bible---Standard-Edition.txt	Romanian Free Holy Bible	Liber Sfanta Biblie	Romanian	Română	1016639
Holy-Bible---Romanian---Ludari-Luke---Standard-Edition.txt	Ludari Luke	Ludari Luka	Romanian	Ludari	156357
Holy-Bible---Rote-Dela---Rote-Dela-Bible---Standard-Edition.txt	Rote Dela Bible	Rote Dela Alkitab	Rote Dela	Dela–Oenale	1795863
Holy-Bible---Russian---Russian-Synodal-Translation---Standard-Edition.txt	Russian Synodal Translation	Синодальный перевод	Russian	русский	6163674
Holy-Bible---Saafi-Saafi---Saafi-Saafi-Bible---Standard-Edition.txt	Safene Bible	Saafi-Saafi Bible	Safene	Saafi-Saafi	1368379
Holy-Bible---Safwa---Safwa-Bible---Standard-Edition.txt	Safwa Bible	Biblia Takatifu	Safwa	Kisafwa	917503
Holy-Bible---Sakachep---Sakachep-Bible---Standard-Edition.txt	Sakachep Bible	Pathien Lekhabu Inthieng Chongtung Thar	Sakachep	Sakechep	1122558
Holy-Bible---Sanga---Sanga-Bible---Standard-Edition.txt	Sanga Bible	Isanga Bible	Sanga	Isanga	290310
Holy-Bible---Sankaran-Maninka---Alla-la-Kitabu-Seniman---Standard-Edition.txt	Sankaran Maninka Bible	Alla la Kitabu Seniman	Sankaran Maninka	Sankaran Malinke	1261307
Holy-Bible---Sanskrit---Assamese-Script---Standard-Edition.txt	Sanskrit New Testament, Assamese	অসমীয়া	Sanskrit	অসমীয়া	2339474
Holy-Bible---Sanskrit---Bengali-Script---Standard-Edition.txt	Sanskrit New Testament, Bengali	বাংলা	Sanskrit	বাংলা	2339460
Holy-Bible---Sanskrit---Burmese-Script---Standard-Edition.txt	Sanskrit New Testament, Burmese	မြန်မာဘာသာ	Sanskrit	မြန်မာဘာသာ	2289804
Holy-Bible---Sanskrit---Cologne-Script---Standard-Edition.txt	Sanskrit New Testament, Cologne	satyavEdaH	Sanskrit	satyavEdaH	959113
Holy-Bible---Sanskrit---Devanagari-Script---Standard-Edition.txt	Sanskrit New Testament, Devanagari	देवनागरी	Sanskrit	देवनागरी	2377841
Holy-Bible---Sanskrit---Gujarati-Script---Standard-Edition.txt	Sanskrit New Testament, Gujarati	ગુજરાતી	Sanskrit	ગુજરાતી	2363276
Holy-Bible---Sanskrit---Harvard-Kyoto-Script---Standard-Edition.txt	Sanskrit NT, Harvard-Kyoto	Sanskrit NT, Harvard-Kyoto	Sanskrit	Harvard-Kyoto	956782
Holy-Bible---Sanskrit---IAST-Script---Standard-Edition.txt	Sanskrit New Testament, IAST	Sanskrit New Testament, IAST	Sanskrit	IAST	1160748
Holy-Bible---Sanskrit---ISO-Script---Standard-Edition.txt	Sanskrit New Testament, ISO	Sanskrit New Testament, ISO	Sanskrit	ISO	1194122
Holy-Bible---Sanskrit---ITRANS-Script---Standard-Edition.txt	Sanskrit New Testament, ITRANS	Sanskrit New Testament, ITRANS	Sanskrit	ITRANS	1004850
Holy-Bible---Sanskrit---Kannada-Script---Standard-Edition.txt	Sanskrit New Testament, Kannada	ಕನ್ನಡ	Sanskrit	ಕನ್ನಡ	2363262
Holy-Bible---Sanskrit---Khmer-Script---Standard-Edition.txt	Sanskrit New Testament, Khmer	អក្សរខ្មែរ	Sanskrit	អក្សរខ្មែរ	2377970
Holy-Bible---Sanskrit---Malayalam-Script---Standard-Edition.txt	Sanskrit New Testament, Malayalam	മലയാളം	Sanskrit	മലയാളം	2320685
Holy-Bible---Sanskrit---Oriya-Script---Standard-Edition.txt	Sanskrit New Testament, Oriya	ଓଡ଼ିଆ	Sanskrit	ଓଡ଼ିଆ	2363258
Holy-Bible---Sanskrit---Punjabi-Script---Standard-Edition.txt	Sanskrit New Testament, Punjabi	ਪੰਜਾਬੀ	Sanskrit	ਪੰਜਾਬੀ	2410056
Holy-Bible---Sanskrit---Sinhala-Script---Standard-Edition.txt	Sanskrit New Testament, Sinhala	සිංහල	Sanskrit	සිංහල	2464397
Holy-Bible---Sanskrit---Tamil-Script---Standard-Edition.txt	Sanskrit New Testament, Tamil	தமிழ்	Sanskrit	தமிழ்	2689628
Holy-Bible---Sanskrit---Telugu-Script---Standard-Edition.txt	Sanskrit New Testament, Telugu	తెలుగు	Sanskrit	తెలుగు	2363237
Holy-Bible---Sanskrit---Thai-Script---Standard-Edition.txt	Sanskrit New Testament, Thai	วิกิพีเดียภาษาไทย	Sanskrit	วิกิพีเดียภาษาไทย	2381776
Holy-Bible---Sanskrit---Tibetan-Script---Standard-Edition.txt	Sanskrit New Testament, Tibetan	ལྷ་སའི་སྐད་	Sanskrit	ལྷ་སའི་སྐད་	2141644
Holy-Bible---Sanskrit---Urdu-Script---Standard-Edition.txt	Sanskrit New Testament, Urdu	اردو	Sanskrit	اردو	2031623
Holy-Bible---Sanskrit---Velthuis-Script---Standard-Edition.txt	Sanskrit New Testament, Velthuis	Sanskrit New Testament, Velthuis	Sanskrit	Velthuis	1159448
Holy-Bible---Sari---Sari-Bible---Standard-Edition.txt	Saari Bible	Nsari Bible	Saari	Nsari	1352717
Holy-Bible---Satawalese---Satawalese-Bible---Standard-Edition.txt	Satawalese Bible	Pwapwior we e Santus	Satawalese	Satawalese	554214
Holy-Bible---Scots-Gaelic---Scots-Gaelic-Gospel-Mark---Standard-Edition.txt	Scots Gaelic Gospel of Mark	Gàidhlig Soisgeul	Scots Gaelic	Gàidhlig	86746
Holy-Bible---Serbian---Karadzic-Danicic-Latin-Script---Standard-Edition.txt	Serbian Bible, Karadzic/Danicic, Latin	Sveta Pismo	Serbian	Srpski	3447631
Holy-Bible---Serbian---Serbian-Ekavski-Bible---Standard-Edition.txt	Serbian Bible, Karadzic/Danicic	Сербиан Библе, Даничић Караџић	Serbian	Cрпски	5715917
Holy-Bible---Serbian---Serbian-ONSP-Cyrillic---Standard-Edition.txt	New Serbian Open Bible (cyrillic)	Нови српски превод, слободна	Serbian	Cрпски	6114911
Holy-Bible---Serbian---Serbian-ONST-Latin---Standard-Edition.txt	New Serbian Open Bible (latin)	Novi Srpski Prevod, Slobodna	Serbian	Srpski	3609019
Holy-Bible---Setswana---Open-Tswana-Living---Standard-Edition.txt	Open Tswana Living New Testament	La Botshelo Kgolagano e Ntsha	Setswana	Setswana	1228815
Holy-Bible---Sgaw-Karen---Mason-Bible---Standard-Edition.txt	S'gaw Karen Mason Bible	S'gaw Karen Mason Bible	S'gaw Karen	S'gaw Karen	10849626
Holy-Bible---Shi---Mashi-Bible---Standard-Edition.txt	Shi Mashi Bible	Bibliya Ntagatifu Omu Mashi	Shi	Mashi	4380090
Holy-Bible---Sholaga---Sholaga-Bible---Standard-Edition.txt	Sholaga Bible	ಕ್ಹುದಾನಿ ಕ್ಹರಿನಿ ವಾಕ್ಯಾ	Sholaga	Soliga	2579267
Holy-Bible---Shona---Rakasununguka---Standard-Edition.txt	Shona Free Holy Bible	Bhaibheri MuChiShona Chanhasi	Shona	chiShona	4052287
Holy-Bible---Shona---Shona-Bible---Standard-Edition.txt	Shona Bible	Bhaibheri	Shona	chiShona	906104
Holy-Bible---SlavonicChurch---Church-Slavonic-Elizabeth---Standard-Edition.txt	Church Slavonic Elizabeth Bible	Библия церковно-славянском языке	Slavonic, Church	церковно-славянском	5835240
Holy-Bible---Slovak---Slovak-Bible---Standard-Edition.txt	Slovak Bible for Everyone	Nádej pre Každého	Slovak	Slovák	961103
Holy-Bible---Slovene---Slovene-Savli-Bible---Standard-Edition.txt	Slovene King James Bible 1769	Slovenščina Sveto pismo Kralja Jakoba	Slovene	Slovenščina	3995191
Holy-Bible---Slovene---Slovene-Stritarja-NT---Standard-Edition.txt	Slovene New Testament and Psalms, Stritar	Slovenščina Novi Testament in Psalmi, Stritarja	Slovene	Slovenščina	1053949
Holy-Bible---Soli---Soli-Bible---Standard-Edition.txt	Soli Bible	Soli Bible	Soli	Chisoli	1103358
Holy-Bible---Somali---Somali-Bible---Standard-Edition.txt	Somali Bible	Kitaabka Quduuska Ah	Somali	Somali	4668160
Holy-Bible---Somau-Karia---Somau-Karia-Bible---Standard-Edition.txt	Somau Karia Bible	Xoiteupo Kuna	Somau Karia	Somau Garia	494754
Holy-Bible---Spanish---Biblia-Platense-Straubinger---Standard-Edition.txt	Spanish Platense Bible	La Biblia Platense	Spanish	Español	4111193
Holy-Bible---Spanish---Free-Bible---Standard-Edition.txt	Spanish Free Bible Version	Biblia Libre	Spanish	Español	4287344
Holy-Bible---Spanish---Free-for-the-World---Standard-Edition.txt	Spanish Free Bible for the World	Santa Biblia Libre para el Mundo	Spanish	Español	4095527
Holy-Bible---Spanish---Gods-Word-for-You---Standard-Edition.txt	Spanish God's Word for You	Palabra de Dios para Ti	Spanish	Español	3899212
Holy-Bible---Spanish---Reina-Valera-1865---Standard-Edition.txt	Spanish Reina Valera Bible 1865	Español Santa Biblia	Spanish	Español	4009855
Holy-Bible---Spanish---Reina-Valera-1909---Standard-Edition.txt	Spanish Reina Valera Bible 1909	Español Santa Biblia	Spanish	Español	4037591
Holy-Bible---Spanish---Reina-Valera-NT-1858---Standard-Edition.txt	Spanish Reina Valera NT 1858	Español Santa Biblia	Spanish	Español	955053
Holy-Bible---Spanish---Sagradas-Escrituras-1569---Standard-Edition.txt	Spanish Bible 1569	Sagradas Escrituras, Antigua	Spanish	Español	4031627
Holy-Bible---Spanish---Sencillo-Bible---Standard-Edition.txt	Spanish Sencillo Bible	La Biblia en Español Sencillo	Spanish	Español	4256030
Holy-Bible---Spanish---Spanish-New-Open-Bible---Standard-Edition.txt	New Spanish Open Bible	Open Nueva Biblia	Spanish	Español	4113419
Holy-Bible---Swahili---Contemporary---Standard-Edition.txt	Swahili Contemporary Version	Biblia Takatifu Wazi, Kiswahili	Swahili	Kiswahili	4053365
Holy-Bible---Swahili---New-Swahili-Bible---Standard-Edition.txt	New Swahili Bible	Biblia Takatifu Mpya	Swahili	Kiswahili	4084273
Holy-Bible---Swahili---Swahili-Bible---Standard-Edition.txt	Swahili Bible	Biblia Takatifu	Swahili	Kiswahili	971332
Holy-Bible---Swahili---Swahili-Open-Bible---Standard-Edition.txt	Swahili Open Bible	Wazi Neno Maandiko Matakatifu	Swahili	Kiswahili	4101018
Holy-Bible---Swedish---Swedish-Bible---Standard-Edition.txt	Swedish Bible	Svensk Bibel	Swedish	Svensk	4344120
Holy-Bible---Swedish---Swedish-Bible-1703---Standard-Edition.txt	Swedish Bible 1703	Svensk Bibel 1703	Swedish	Svensk	2936680
Holy-Bible---Swedish---Swedish-Bible-1873---Standard-Edition.txt	Swedish Bible 1873	Svensk Bibel	Swedish	Svensk	4040049
Holy-Bible---Swedish---Swedish-Bible-1917---Standard-Edition.txt	Swedish Bible Runeberg	Svensk Bibel	Swedish	Svensk	4367399
Holy-Bible---Taabwa---Kitaabua-Bible---Standard-Edition.txt	Kitaabua Taabwa Bible	Ichitaabwa Bible	Taabwa	Ichitaabwa	671724
Holy-Bible---Tagakaulo---Tagakaulo-Bible---Standard-Edition.txt	Kalagan Bible	Tagakaulo Bible	Kalagan	Tagakaulo	1505336
Holy-Bible---Tagalog---Tagalog-Bible-1905---Standard-Edition.txt	Tagalog Holy Bible	Tagalog Ang Biblia	Tagalog	Tagalog	4955089
Holy-Bible---Tagalog---Tagalog-Bible-Unlocked---Standard-Edition.txt	Tagalog Unlocked Holy Bible	banal na Bibliya	Tagalog	Tagalog	5043328
Holy-Bible---Tagin---Tagin-First-Bible---Standard-Edition.txt	Tagin Bible, Good News	ANWNV GAMLV	Tagin	Tagin	1197998
Holy-Bible---Tamil---Open-Contemporary---Standard-Edition.txt	Tamil Open Contemporary Bible	திறந்தநிலை தமிழ் சமகால	Tamil	தமிழ்	13410319
Holy-Bible---Tamil---Tamil-Bible---Standard-Edition.txt	Tamil Bible	தமிழ் பைபிள்	Tamil	தமிழ்	12606720
Holy-Bible---Tarok---Tarok-Nigeria-Bible---Standard-Edition.txt	Nigerian Tarok Bible	iTárók Bible	Tarok	iTárók	1840090
Holy-Bible---Tavoyan---Tavoyan-Bible---Standard-Edition.txt	Tavoyan Bible	ဓမ္မသစ်ကျမ်း ထားဝယ်ဘာသာစကား	Tavoyan	ထားဝယ်စကား	3509233
Holy-Bible---Teke-Tyee---Teke-Tyee-Bible---Standard-Edition.txt	Teke-Tyee Bible	Teke Sud-Ouest	Teke-Tyee	Teke-Tyee	1124980
Holy-Bible---Telugu---Telugu-Bible---Standard-Edition.txt	Telugu Bible	తెలుగు బైబిల్	Telugu	తెలుగు	10288506
Holy-Bible---Telugu---Telugu-Open-Contemporary---Standard-Edition.txt	Telugu Open Contemporary Bible	ఉచిత తెలుగు సమకాలీన అనువాదం	Telugu	తెలుగు	10178080
Holy-Bible---Tharu-Rana---Rana-Tharu-Bible---Standard-Edition.txt	Rana Tharu Bible	परमेस्वर को सच्चो वचन	Tharu, Rana	राना थारू	2357769
Holy-Bible---Thur---Leb-Thur-Bible---Standard-Edition.txt	Thur Bible	Leb-Thur	Thur	Thur	1327518
Holy-Bible---Tichurong---Tichurong-Bible---Standard-Edition.txt	Tichurong Bible	तिचुरोङ क्येला सारबा करारयि किताबतेबा	Tichurong	Tichurong	597706
Holy-Bible---Tongan---Revised-West-Version---Standard-Edition.txt	Tongan Bible, Revised West	Tongan Bible, Revised West	Tongan	Tongan	5370350
Holy-Bible---Tsakhur---Tsakhur-Bible---Standard-Edition.txt	Tsakhur Azerbaijani Bible	Ts‘əxna miz	Tsakhur	Ts‘əxna miz	1012303
Holy-Bible---Tsikimba---Tsikimba-Bible---Standard-Edition.txt	Kimba Bible	Tsikimba Bible	Kimba	Tsikimba	201616
Holy-Bible---Tsishingini---Tsishingini-Bible---Standard-Edition.txt	Shingini Bible	Tsishingini Bible	Shingini	Tsishingini	340490
Holy-Bible---Turkish---Open-Basic-Turkish---Standard-Edition.txt	Turkish Open License Basic Bible	Türkçe Açık Lisans Temel İncil	Turkish	Türkçe	1072952
Holy-Bible---Twi---Akuapem-Twi-Bible---Standard-Edition.txt	Akuapem Twi Bible	Akuapem Twi Nkwa Asɛm	Twi	Akuapem Twi	3824094
Holy-Bible---Twi---Asante-Twi-WASNA---Standard-Edition.txt	Asante Twi Bible	Asante Twi Nkwa Asɛm	Twi	Asante Twi	4021859
Holy-Bible---Ukrainian---New-Translation---Standard-Edition.txt	New Ukranian Translation	Новий Переклад Українською	Ukrainian	Український	1827607
Holy-Bible---Ukrainian---Ukrainian-Freedom-Bible---Standard-Edition.txt	Ukrainian Freedom Bible	Біблія свободи	Ukrainian	Український	6117016
Holy-Bible---Ukrainian---Ukrainian-NT---Standard-Edition.txt	Ukrainian Kulish New Testament	Український Новий Заповіт	Ukrainian	Український	1355829
Holy-Bible---Ukrainian---Ukrainian-Ogienko---Standard-Edition.txt	Ukrainian Bible, Ivan Ogienko	Українська Біблія, Івана Огієнка	Ukrainian	Український	6437099
Holy-Bible---Urdu---Urdu-Bible---Standard-Edition.txt	Urdu Bible, Devanagari	उर्दू बाइबिल, देवनागरी	Urdu	उर्दू	9601413
Holy-Bible---Urdu---Urdu-Free-Contemporary---Standard-Edition.txt	Urdu Open Contemporary Bible	آزادانہ اردو ہم عصر ترجمہ	Urdu	اردو	7586889
Holy-Bible---Ut-Ma-in---Ut-Ma-in-Bible---Standard-Edition.txt	Fakia Bible	Ut-Ma’in Bible	Fakai	Ut-Ma'in	980535
Holy-Bible---Uyghur---Uyghur-Bible-Arabic---Standard-Edition.txt	Uyghur Bible (arabic script)	مۇقېددېس كالام (يەنگى يېزىق)	Uyghur	Uyghur tili	8362477
Holy-Bible---Uyghur---Uyghur-Bible-Cyrillic---Standard-Edition.txt	Uyghur Bible (cyrillic script)	Муқеддес Калам (кирил йезиқ)	Uyghur	Uyghur tili	7949525
Holy-Bible---Uyghur---Uyghur-Bible-Latin---Standard-Edition.txt	Uyghur Bible (latin script)	Muqeddes Kalam (latin yéziq)	Uyghur	Uyghur tili	4801204
Holy-Bible---Uyghur---Uyghur-Bible-Pinyin---Standard-Edition.txt	Uyghur Bible (pinyin script)	Muⱪeddes Kalam (yǝngi yeziⱪ)	Uyghur	Uyghur tili	5198445
Holy-Bible---Vaagri-Booli---Vaagri-Booli-Bible---Standard-Edition.txt	Vaagri Booli Bible	ದೇವ್ನಿ ಖ್ಹಾಚಿ ವಚನ್	Vaagri Booli	Hakkipikki	2791279
Holy-Bible---Vaghri---Vaghri-Bible---Standard-Edition.txt	Vaghri Bible	పవిత్ర్ బైబిల్‍	Vaghri	Bavri	2558585
Holy-Bible---Vidunda---Vidunda-Bible---Standard-Edition.txt	Vidunda Bible	Chividunda Bible	Vidunda	Chividunda	3186519
Holy-Bible---Vietnamese---Contemporary---Standard-Edition.txt	Vietnamese Contemporary Bible	Kinh Thánh Tiếng Việt Hiện Đại	Vietnamese	tiếng Việt	4871103
Holy-Bible---Vietnamese---Vietnamese-Bible---Standard-Edition.txt	Vietnamese Bible	Kinh Thánh Tiếng Việt	Vietnamese	tiếng Việt	5209268
Holy-Bible---Vietnamese---Vietnamese-Bible-1934---Standard-Edition.txt	Vietnamese Bible 1934	Kinh Thánh Tiếng Việt 1934	Vietnamese	tiếng Việt	5196742
Holy-Bible---Vwanji---Vwanji-Bible---Standard-Edition.txt	Vwanji Bible	Kivwanji Bible	Vwanji	Kivwanji	1090368
Holy-Bible---Waddar---Waddar-Bible---Standard-Edition.txt	Waddar Bible	वडार	Waddar	Vadari	1214630
Holy-Bible---Waja---Waja-Bible---Standard-Edition.txt	Waja Bible	Wɪyáà Bible	Waja	Wɪyáà	272203
Holy-Bible---Wolio---Kitabi-Momangkilona-Bible---Standard-Edition.txt	Buton Wolio Bible	Kitabi Momangkilona Wolio	Wolio	Buton	1947495
Holy-Bible---Yaka---Ivatan-Bible---Standard-Edition.txt	Yaka Bible	Ivatan Bible	Yaka	Ivatan	1135356
Holy-Bible---Yaka---Yaka-Bible---Standard-Edition.txt	Yaka Bible	Iyaka Bible	Yaka	Iyaka	968448
Holy-Bible---Yalunka---Yalunka-Bible---Standard-Edition.txt	Yalunka Bible	Kisin Kiraan Kitabuna	Yalunka	Jalonke	4198099
Holy-Bible---Yamap---Yamap-Bible---Standard-Edition.txt	Yamap Bible	Yamap Bible	Yamap	Yamap	477091
Holy-Bible---Yansi---Yansi-Bible---Standard-Edition.txt	Yansi Bible	Eyansi Bible	Yansi	Eyansi	1132704
Holy-Bible---Yemsa---Yemsa-Bible-Ethiopic---Standard-Edition.txt	Yemsa Bible (Ethiopic)	ጋዶ ቴያ	Yemsa	Yemsa	1527071
Holy-Bible---Yemsa---Yemsa-Bible-Latin---Standard-Edition.txt	Yemsa Bible (Latin)	Gaddo Teyya	Yemsa	Yemsa	1016883
Holy-Bible---Yiddish-Eastern---Eastern-Yiddish-Bible---Standard-Edition.txt	Eastern Yiddish Bible	דער יידישער ברית חדשה	Yiddish, Eastern	עברית	1839418
Holy-Bible---Yipunu---Punu-Bible---Standard-Edition.txt	Yipunu Punu Bible	Mbembu Nzambi o Ipunu	Punu	Yipunu	293981
Holy-Bible---Yombe---Yombe-Bible---Standard-Edition.txt	Open Yombe Bible	Open Nguizani Yimona ayi Minkunga	Yombe	Kiyombi	1296445
Holy-Bible---Yoruba---Yoruba-Bible---Standard-Edition.txt	Yoruba Bible	Bíbélì Mímọ́ ní Èdè Yorùbá Òde-Òní	Yoruba	Yorùbá	5411713
Holy-Bible---Zapotec-Loxicha---Loxicha-Zapotec-Bible---Standard-Edition.txt	Loxicha Zapotec Bible	Zapoteco de Loxicha	Zapotec, Loxicha	Loxicha Zapotec	1175867
Holy-Bible---Zaramo---Kizalamo-Bible---Standard-Edition.txt	Zaramo Bible	Lagano da Lsambi Yesu Kilisto	Zaramo	Zaramo	1058610
Holy-Bible---Zinza---Zinza-Bible---Standard-Edition.txt	Zinza Bible	Endagano Eénsha omu Chiziinza	Zinza	Ecizinza	1412860
