Holy-Bible---Abureni---Abureni-Bible---Standard-Edition.tar	Abureni Bible	Abureni Bible	Abureni	Abureni	829440
Holy-Bible---Ahirani---Ahirani-Bible---Standard-Edition.tar	Ahirani Bible	प्रेम संदेश	Ahirani	अहिराणी‎	4567040
Holy-Bible---Ahirani---Gospels---Standard-Edition.tar	Ahirani Gospels	प्रेम संदेश	Ahirani	अहिराणी‎	501760
Holy-Bible---Ajiya---Ajiya-Bible---Standard-Edition.tar	Ajiya Bible	Ajigha Bible	Ajiya	Ajiya	491520
Holy-Bible---Alaba-Kabeena---Alaba-Kabeena-Bible---Standard-Edition.tar	Alaba-K’abeena Bible	ሃዕሮ ወኣድ መጻፈ	Alaba-K'abeena	Alaba-K'abeena	1484800
Holy-Bible---Amo---Amo-Bible---Standard-Edition.tar	Amo Bible	Amo Bible	Amo	Timap	1003520
Holy-Bible---Apal---Apali-Bible---Standard-Edition.tar	Apali Bible	Asɨ dɨ Manasɨŋ	Apal	Apalɨ	3194880
Holy-Bible---Arabic---Arabic-Van-Dyck-Bible---Standard-Edition.tar	Arabic Van Dyck Bible	الكتاب المقدس باللغة العربية، فان دايك	Arabic	العربية	7680000
Holy-Bible---Arabic---New-Arabic-Bible---Standard-Edition.tar	New Arabic Version	كتاب الحياة	Arabic	العربية	8222720
Holy-Bible---Aramaic---Syriac-Peshitta---Standard-Edition.tar	Aramaic Peshitta New Testament	ܦܫܝܛܬܐ	Aramaic	ܦܫܝܛܬܐ	1105920
Holy-Bible---Arapaho---Arapaho-Luke---Standard-Edition.tar	Arapaho Luke	Hethadenee waunauyaunee vadan Luke Vanenāna	Arapaho	Arapaho	163840
Holy-Bible---Armenian---Armenian-Bible-Eastern---Standard-Edition.tar	Eastern Armenian Bible	Արեւելահայերեն Աստվածաշունչ	Armenian, Eastern	Արեւելահայերեն	1331200
Holy-Bible---Armenian---Armenian-Bible-Western---Standard-Edition.tar	Western Armenian New Testament 1853	Արեւմտահայերեն Աստվածաշունչ	Armenian, Western	Արեւմտահայերեն	1617920
Holy-Bible---Aruamu---Aruamu-Bible---Standard-Edition.tar	Aruamu Bible	Godɨn Eghaghanim	Aruamu	Mikarew-Ariaw	6369280
Holy-Bible---Arumanisht---Aromanian-Bible---Standard-Edition.tar	Aromanian Bible	Biblija tu limba Rrãmãnã	Aromanian	Armãneashti	296960
Holy-Bible---Assamese---Assamese-Bible---Standard-Edition.tar	Assamese Bible	অসমীয়া বাইবেল	Assamese, Standard	অসমীয়া	10659840
Holy-Bible---Ayta-Ambala---Ayta-Ambala-Bible---Standard-Edition.tar	Ayta Ambala Bible	Ayta Ambala Bible	Ayta, Ambala	Ambala Ayta	174080
Holy-Bible---Azerbaijani---Azerbaijani-Bible---Standard-Edition.tar	Azerbaijani Bible	Azərbaycan dilində Müqəddəs Kitab	Azerbaijani, South	Azeri	4352000
Holy-Bible---Baga-Sitemu---Baga-Sitemu-Bible---Standard-Edition.tar	Baga Sitemu Bible	Kitabu ka Kanu	Baga Sitemu	Barka Sitemu	1638400
Holy-Bible---Baiso---Basio-Bible---Standard-Edition.tar	Baiso Bible	አማቶ ኦኡሱብ	Baiso	Bayso	1464320
Holy-Bible---Bangwinji---Bangwinji-Bible---Standard-Edition.tar	Bangwinji Bible	Bangwinji Bible	Bangwinji	Bangunji	819200
Holy-Bible---Bareli-Palya---Palya-Bareli-Bible---Standard-Edition.tar	Palya Bareli Bible	भगवान ना खरला बोल	Bareli, Palya	Bareli, Palya	337920
Holy-Bible---Basa-Gurmana---Basa-Gurmana-Bible---Standard-Edition.tar	Basa-Gurmana Bible	Kɔrɔmba	Basa-Gurmana	Kɔrɔmba	153600
Holy-Bible---Basque---Basque-NT---Standard-Edition.tar	Navarro-Labourdin Basque New Testament	Euskal Biblia	Basque	Euskara	1085440
Holy-Bible---Beami---Bedamuni-Bible---Standard-Edition.tar	Bedamuni Bible	Gode Ea Sia: Ida:Iwane Gala	Beami	Bedamuni	5150720
Holy-Bible---Beaver---Beaver-Mark---Standard-Edition.tar	Beaver Mark	Ootech Oochu Takehniya Tinkles St. Mark	Beaver	Dane Zaa	92160
Holy-Bible---Bekwel---Bekwel-Bible---Standard-Edition.tar	Bekwel Bible	Bekwil Bible	Bekwel	Bekwil	1423360
Holy-Bible---Bengali---Bengali-Bible---Standard-Edition.tar	Bengali Bible, India	বাংলা বাইবেল, ভারত	Bengali	বাংলা	10106880
Holy-Bible---Bengali---Contemporary---Standard-Edition.tar	Open Bengali Contemporary Bible	মুক্তভাবে বাংলা সমকালীন সংস্করণের	Bengali	বাংলা	10639360
Holy-Bible---Bhadrawahi---Bhadrawahi-Bible---Standard-Edition.tar	Bhadrawahi Bible	भड्लाई बाइबिल	Bhadrawahi	भद्रवाही‎	2734080
Holy-Bible---Bhattiyali---Bhattiyali-Bible---Standard-Edition.tar	Bhattiyali Bible	भटियाली नोआ नियम	Bhattiyali	भटियाली‎	2928640
Holy-Bible---Bhilali---Bhilali-Bible---Standard-Edition.tar	Bhilali Bible	भगवानेन छाचला बुल	Bhilali	Bhilali	2816000
Holy-Bible---Blackfoot---Matthew---Standard-Edition.tar	Blackfoot Matthew	Ŏkhs' I Tsĭn Ik Sĭn Ni Matthew Ot Sĭn Ai Pi	Blackfoot	Siksiká	153600
Holy-Bible---Bodo-Parja---BOPO-Bible---Standard-Edition.tar	Bodo Parja: BOPO Bible	ସଃର୍ଗାର୍‌ ବାଟ୍‌ ନଃଉଁଆ ନିଅମ୍‌	Bodo Parja	ବଡ଼ ପରଜା	3153920
Holy-Bible---Boga---Boga-Bible---Standard-Edition.tar	Boga Bible	Boka Bible	Boga	Boka	307200
Holy-Bible---Bondei---Bondei-Bible---Standard-Edition.tar	Bondei Bible	Bondei Bible	Bondei	Bondei	471040
Holy-Bible---Borna---Borna-Latin-Bible---Standard-Edition.tar	Borna Bible Latin Version	Handr Taara	Borna	Borni	1034240
Holy-Bible---Breton---Breton-Gospels---Standard-Edition.tar	Breton Gospels	an Bibl	Breton	Brezhoneg	471040
Holy-Bible---Bu---Bauchi-Bu-Bible---Standard-Edition.tar	Bu Bauchi Bible	Geji Bauchi Bible	Bu	Geji	235520
Holy-Bible---Bu---Bu-Bible---Standard-Edition.tar	Bu Bible	Jida Bible	Bu	Jida	870400
Holy-Bible---Bugun---Bugun-Bible---Standard-Edition.tar	Bugun Bible	Iwo Surua Mua Wie Pha Bible	Bugun	Khowa	1290240
Holy-Bible---Bulgarian---Bulgarian-Bible---Standard-Edition.tar	Bulgarian Bible	Българска Библия	Bulgarian	Българска	6656000
Holy-Bible---Bwile---Bwile-Bible---Standard-Edition.tar	Bwile Bible	Bwile Bible	Bwile	Bwile	153600
Holy-Bible---Calo---Calo-Bible---Standard-Edition.tar	Calo Gospel of Luke	Evangelio Español Romaní de Lucas	Calo	Romaní	153600
Holy-Bible---Cebuano---Cebuano-Bible---Standard-Edition.tar	Cebuano Bible	Balaan nga Bibliya	Cebuano	Cebuano	5191680
Holy-Bible---Cebuano---Cebuano-Open-Bible---Standard-Edition.tar	Cebuano Open Bible	Ang Pulong sa Dios	Cebuano	Cebuano	4823040
Holy-Bible---Cebuano---Cebuano-Philippine---Standard-Edition.tar	Cebuano Bible, Revelation	Cebuano Ang Biblia, Pinadayag	Cebuano	Cebuano	5294080
Holy-Bible---Chamorro---Chamorro-Gospels-Acts-and-Psalms---Standard-Edition.tar	Chamorro Gospels, Acts, Psalms	Y Cuatro Ebangelio Sija Yan Y Checho Y Apostoles Yan Y Salmo Sija	Chamorro	Chamorro	849920
Holy-Bible---Cherokee---Cherokee-New-Testament---Standard-Edition.tar	Cherokee New Testament 1860	ᏣᎳᎩ ᎦᏬᏂᎯᏍᏗ	Cherokee	ᏣᎳᎩ ᎦᏬᏂᎯᏍᏗ	1699840
Holy-Bible---Chhattisgarhi---Chhattisgarhi-Bible---Standard-Edition.tar	Chhattisgarhi Bible	सुतंतर समकालीन छत्तीसगढ़ी अनुवाद	Chhattisgarhi	छत्तीसगढ़ी	9820160
Holy-Bible---Chichewa---Chichewa-Bible---Standard-Edition.tar	Chichewa Bible	Tsekulani Mawu a Mulungu	Chichewa	Chichewa	4444160
Holy-Bible---Chin-Daai---Daai-Chin-Bible---Standard-Edition.tar	Daai Chin Bible	Dai Cangcim Kthai	Chin, Daai	Daai	1095680
Holy-Bible---Chin-Eastern-Khumi---Asang-Khongca-Bible---Standard-Edition.tar	Eastern Khumi Chin Bible	Asang Khongca Bible	Chin, Eastern Khumi	Asaang Khongca	4771840
Holy-Bible---Chin-Matu---Matupi-Chin-2019---Standard-Edition.tar	Matupi Chin Standard Bible 2019	Baibal Olcim	Chin, Matu	Matupi Chin	4280320
Holy-Bible---Chin-Matu---Matupi-Chin-Bible---Standard-Edition.tar	Matupi Chin Standard Bible	Baibal Olcim	Chin, Matu	Matupi Chin	4280320
Holy-Bible---Chin-Matu---Tuivang-Matu-Chin-Bible---Standard-Edition.tar	Tuivang Matu Chin Bible	Tuivang Holy Bible	Chin, Matu	Tuivang	1525760
Holy-Bible---Chin-Siyin---Siyin-Chin-Bible---Standard-Edition.tar	Siyin Chin Bible	Tinaung Takluem	Chin, Siyin	Siyin Chin	1095680
Holy-Bible---Chin-Thado---Chongthu-Bible---Standard-Edition.tar	Chongthu Bible	Pathen Lekhabu Theng	Chin, Thado	Chongthu	4853760
Holy-Bible---Chin-Thaiphum---Thai-Phum-Bible---Standard-Edition.tar	Thai Phum Holy Bible	Thai Phum Holy Bible	Chin, Thaiphum	Thai Phum	4454400
Holy-Bible---Chinese---Chinese-Easy-to-Read---Standard-Edition.tar	Free Easy to Read Bible	免费的易读圣经	Chinese	汉语	921600
Holy-Bible---Chinese---Chinese-Sigao-Bible---Standard-Edition.tar	Sīgāo Běn, Bible	思高本 聖經：思高聖經學會譯釋	Chinese	漢語	3614720
Holy-Bible---Chinese---Chinese-Union-Version-Simplified---Standard-Edition.tar	Chinese Union Version Simplified	新标点和合本	Chinese	汉语	3440640
Holy-Bible---Chinese---Chinese-Union-Version-Traditional---Standard-Edition.tar	Chinese Union Version Traditional	新標點和合本	Chinese	漢語	3450880
Holy-Bible---Chinese---Mandarin-Bible-Simplified---Standard-Edition.tar	Mandarin Open Bible (Simplified)	圣经当代译本开放资源	Chinese	汉语	3368960
Holy-Bible---Chinese---Mandarin-Bible-Traditional---Standard-Edition.tar	Mandarin Open Bible (Traditional)	聖經，當代譯本開放資源	Chinese	汉语	3368960
Holy-Bible---Chiyawo---Yao---Standard-Edition.tar	Yao New Testament	Lilangano lya Sambano	Ciyawo	Ciyawo	1249280
Holy-Bible---Cishingini---Cishingini-Bible---Standard-Edition.tar	Cishingini Shingini Bible	Cishingini Shingini Bible	Cishingini Shingini	Cishingini Shingini	3276800
Holy-Bible---Coptic---Coptic-Boharic-NT---Standard-Edition.tar	Coptic Boharic New Testament	ϯⲙⲉⲧⲣⲉⲙⲛ̀ⲭⲏⲙⲓ	Coptic Boharic	ϯⲙⲉⲧⲣⲉⲙⲛ̀ⲭⲏⲙⲓ	2129920
Holy-Bible---Coptic---Coptic-NT---Standard-Edition.tar	Coptic New Testament	ⲧⲙⲛ̄ⲧⲣⲙ̄ⲛ̄ⲕⲏⲙⲉ	Coptic	ⲧⲙⲛ̄ⲧⲣⲙ̄ⲛ̄ⲕⲏⲙⲉ	2293760
Holy-Bible---Coptic---Sahidic-Bible---Standard-Edition.tar	Coptic Sahidic NT: Askeland, Schulz	ⲧⲙⲛ̄ⲧⲣⲙ̄ⲛ̄ⲕⲏⲙⲉ	Coptic	ⲧⲙⲛ̄ⲧⲣⲙ̄ⲛ̄ⲕⲏⲙⲉ	1966080
Holy-Bible---Coptic---Sahidic-Coptic-Horner---Standard-Edition.tar	Coptic Sahidic NT: Horner	ⲧⲙⲛ̄ⲧⲣⲙ̄ⲛ̄ⲕⲏⲙⲉ	Coptic	ⲧⲙⲛ̄ⲧⲣⲙ̄ⲛ̄ⲕⲏⲙⲉ	2068480
Holy-Bible---Croatian---Croatian-Bible---Standard-Edition.tar	Croatian Bible	Hrvatski Biblija	Croatian	Hrvatski	3624960
Holy-Bible---Croatian---Croatian-Open-Bible---Standard-Edition.tar	Croatian Open Bible	Open Knjiga O Kristu	Croatian	Hrvatski	921600
Holy-Bible---Cung---Chung-Bible---Standard-Edition.tar	Chung Bible	Kiŋwakti ki Nyɔ Miŋkaiŋ Mifiaŋ	Cung	Chung	1433600
Holy-Bible---Czech---Czech-Bible-Kralicka---Standard-Edition.tar	Czech Bible Kralicka 1613	Czech Bible Kralicka 1613	Czech	Čeština	4096000
Holy-Bible---Czech---Kralicka---Standard-Edition.tar	Czech Kralická Bible 1613	Bible Kralická 1613	Czech	Čeština	4116480
Holy-Bible---Czech---Living-Bible---Standard-Edition.tar	Czech Living New Testament	Open Slovo Na Cestu	Czech	Čeština	972800
Holy-Bible---Danish---Danish-1871-1907---Standard-Edition.tar	Danish Bible OT1871 / NT1907	Dansk Bibel	Danish	Dansk	4116480
Holy-Bible---Danish---Danish-1931-1907---Standard-Edition.tar	Danish Bible OT1931 / NT1907	Dansk Bibel	Danish	Dansk	3891200
Holy-Bible---Danish---Danish-Bible---Standard-Edition.tar	Danish Bible	Dansk Bibel	Danish	Dansk	3870720
Holy-Bible---Dawro---Dawuro-Bible---Standard-Edition.tar	Dawuro Bible, Ethiopian (Latin)	Geeshsha Mas'aafaa	Dawro	Dawro	4853760
Holy-Bible---Desiya---Desiya-Bible---Standard-Edition.tar	Desiya New Testament	ସତିଅର୍‌ ବାଟ୍‌	Desiya	ଦେଶିଆ	3143680
Holy-Bible---Dhanki---Dhanki-Devanagari-Bible---Standard-Edition.tar	Dhanki Devanagari Bible	परमेश्वरन सत्य वचन	Dhanki	Dhanki	4536320
Holy-Bible---Dholuo---Dholuo-Bible---Standard-Edition.tar	Dholuo Bible	Moting’o Loko Manyien	Dholuo	Dholuo	4003840
Holy-Bible---Dombe---Dombe-Bible---Standard-Edition.tar	Dombe Bible	Dombe Bible	Dombe	Dombe	1024000
Holy-Bible---Dongxiang---Donxian-Bible---Standard-Edition.tar	Dongxiang Santa Bible	Hudani Kielien	Dongxiang	Santa	921600
Holy-Bible---Dutch---Canisiusvertaling---Standard-Edition.tar	Dutch Petrus Canisius Translation	Nederlandse Petrus Canisiusvertaling Bijbel	Dutch	Nederlandse	4249600
Holy-Bible---Dutch---Leuvense-Bible---Standard-Edition.tar	Leuvense Bible	Leuvense Bijbel	Dutch	Nederlandse	4904960
Holy-Bible---Dutch---Schrift---Standard-Edition.tar	Dutch Holy Bible	De Heilige Schrift 1917	Dutch	Nederlandse	4546560
Holy-Bible---Dutch---Statenvertaling---Standard-Edition.tar	Dutch States Translation	Nederlandse Statenvertaling Bijbel	Dutch	Nederlandse	4556800
Holy-Bible---Duya---Duya-Bible---Standard-Edition.tar	Idun Duya Bible	Ibibemuwe-Num Iyiki Ifa Ru Dũya	Idun	Dũya	1167360
Holy-Bible---Ekajuk---Ekajuk-Bible---Standard-Edition.tar	Kajuk Bible	Ekajuk Bible	Kajuk	Ekajuk	2304000
Holy-Bible---English---A-Conservative-Version---Standard-Edition.tar	A Conservative Version	A Conservative Version	English	English	4321280
Holy-Bible---English---Aionian-Bible---Standard-Edition.tar	Aionian Bible	Aionian Bible	English	English	4259840
Holy-Bible---English---American-Standard-Version-1901---Standard-Edition.tar	American Standard Version 1901	American Standard Version 1901	English	English	4382720
Holy-Bible---English---Anderson-Bible---Standard-Edition.tar	Anderson New Testament 1864	Anderson New Testament 1864	English	English	1024000
Holy-Bible---English---Berean-Standard---Standard-Edition.tar	Berean Standard Bible	Berean Standard Bible	English	English	4106240
Holy-Bible---English---Bible-in-Basic-English---Standard-Edition.tar	Bible in Basic English	Bible in Basic English	English	English	4403200
Holy-Bible---English---Brenton-English-Septuagint---Standard-Edition.tar	Brenton English Septuagint	Brenton English Septuagint	English	English	3368960
Holy-Bible---English---British-English-Septuagint-2012---Standard-Edition.tar	British English Septuagint 2012	British English Septuagint 2012	English	English	3368960
Holy-Bible---English---Catholic-Public-Domain---Standard-Edition.tar	Catholic Public Domain Version	Catholic Public Domain Version	English	English	4556800
Holy-Bible---English---Darby-Translation---Standard-Edition.tar	Darby Translation	Darby Translation	English	English	4331520
Holy-Bible---English---Douay-Rheims-1899---Standard-Edition.tar	Douay-Rheims 1899	Douay-Rheims 1899	English	English	4290560
Holy-Bible---English---Family-35-NT---Standard-Edition.tar	Family 35 New Testament	Family 35 New Testament	English	English	1024000
Holy-Bible---English---Free-Bible-Version---Standard-Edition.tar	Free Bible Version	Free Bible Version	English	English	4218880
Holy-Bible---English---Geneva-Bible---Standard-Edition.tar	Geneva Bible	Geneva Bible	English	English	4413440
Holy-Bible---English---Godbey-Bible---Standard-Edition.tar	Godbey New Testament	Godbey New Testament	English	English	1003520
Holy-Bible---English---Gods-Living-Word---Standard-Edition.tar	God's Living Word	God's Living Word	English	English	133120
Holy-Bible---English---Haweis-Bible---Standard-Edition.tar	Haweis New Testament	Haweis New Testament	English	English	1044480
Holy-Bible---English---Jewish-Bible---Standard-Edition.tar	Jewish Bible in English	Jewish Bible in English	English	English	3379200
Holy-Bible---English---King-James-Version---Standard-Edition.tar	King James Version	King James Version	English	English	4413440
Holy-Bible---English---King-James-Version-American---Standard-Edition.tar	King James Version, American	King James Version, American	English	English	4321280
Holy-Bible---English---King-James-Version-Cambridge---Standard-Edition.tar	King James Version, Cambridge	King James Version, Cambridge	English	English	4372480
Holy-Bible---English---King-James-Version-Restored-Name---Standard-Edition.tar	King James Version, Restored	King James Version, Restored	English	English	4362240
Holy-Bible---English---King-James-Version-Revised---Standard-Edition.tar	King James Version, Revised	King James Version, Revised	English	English	4352000
Holy-Bible---English---King-James-Version-Updated---Standard-Edition.tar	King James Version, Updated	King James Version, Updated	English	English	4382720
Holy-Bible---English---LXX2012-U-S-English---Standard-Edition.tar	LXX: Septuagint, English 2012	LXX: Septuagint, English 2012	English	English	3358720
Holy-Bible---English---Leeser-Tanakh---Standard-Edition.tar	Leeser Tanakh Old Testament	Leeser Tanakh Old Testament	English	English	3502080
Holy-Bible---English---Literal-Standard---Standard-Edition.tar	Literal Standard Version	Literal Standard Version	English	English	4341760
Holy-Bible---English---Living-Oracles-NT---Standard-Edition.tar	Living Oracles NT	Living Oracles NT	English	English	1003520
Holy-Bible---English---Majority-Standard-Bible---Standard-Edition.tar	Majority Standard Bible	Majority Standard Bible	English	English	4116480
Holy-Bible---English---Montgomery-NT---Standard-Edition.tar	Montgomery New Testament	Montgomery New Testament	English	English	1024000
Holy-Bible---English---New-Heart-Aramaic---Standard-Edition.tar	New Heart English Bible, Aramaic	New Heart English Bible, Aramaic	English	English	4280320
Holy-Bible---English---New-Heart-Jehovah---Standard-Edition.tar	New Heart English Bible, Jehovah	New Heart English Bible, Jehovah	English	English	4270080
Holy-Bible---English---New-Heart-Jesus-Messiah---Standard-Edition.tar	New Heart English Bible, Messiah	New Heart English Bible, Messiah	English	English	4280320
Holy-Bible---English---New-Heart-Messianic---Standard-Edition.tar	New Heart English Bible, Yeshua	New Heart English Bible, Yeshua	English	English	4280320
Holy-Bible---English---New-Heart-Standard---Standard-Edition.tar	New Heart English Bible, Standard	New Heart English Bible, Standard	English	English	4280320
Holy-Bible---English---New-Heart-YHWH---Standard-Edition.tar	New Heart English Bible, YHWH	New Heart English Bible, YHWH	English	English	4249600
Holy-Bible---English---Noyes---Standard-Edition.tar	Noyes Bible	Noyes Bible	English	English	2375680
Holy-Bible---English---One-Unity-Resource-Bible---Standard-Edition.tar	One Unity Resource Bible	One Unity Resource Bible	English	English	2027520
Holy-Bible---English---Open-English-Bible-Commonwealth---Standard-Edition.tar	Open English Bible, Commonwealth	Open English Bible, Commonwealth	English	English	1515520
Holy-Bible---English---Open-English-Bible-US---Standard-Edition.tar	Open English Bible, US	Open English Bible, US	English	English	1515520
Holy-Bible---English---Orthodox-Jewish-Bible---Standard-Edition.tar	The Orthodox Jewish Bible	Tanakh and B'rit Chadasha	English	English	4751360
Holy-Bible---English---Revised-Version---Standard-Edition.tar	Revised Version 1895	Revised Version 1895	English	English	4392960
Holy-Bible---English---Rotherham-Bible---Standard-Edition.tar	Rotherham Emphasized Bible	Rotherham Emphasized Bible	English	English	4648960
Holy-Bible---English---STEPBible-Amalgamant---Standard-Edition.tar	STEPBible, Amalgamant	STEPBible, Amalgamant	English	English	4689920
Holy-Bible---English---STEPBible-Concordant---Standard-Edition.tar	STEPBible, Concordant	STEPBible, Concordant	English	English	5017600
Holy-Bible---English---Syriac-Peshitta-Etheridge---Standard-Edition.tar	Syriac Peshitta Etheridge	Syriac Peshitta Etheridge	English	English	1034240
Holy-Bible---English---Syriac-Peshitta-Murdock---Standard-Edition.tar	Syriac Peshitta Murdock	Syriac Peshitta Murdock	English	English	1034240
Holy-Bible---English---Text-Critical---Standard-Edition.tar	Boyd Text-Critical English NT	Boyd Text-Critical English NT	English	English	1034240
Holy-Bible---English---Trans-Trans---Standard-Edition.tar	Translation for Translators	Translation for Translators	English	English	5928960
Holy-Bible---English---Twentieth-Century-NT---Standard-Edition.tar	Twentieth Century New Testament	Twentieth Century New Testament	English	English	1095680
Holy-Bible---English---Tyndale-Bible---Standard-Edition.tar	Tyndale Genesis, New Testament	Tyndale Genesis, New Testament	English	English	1843200
Holy-Bible---English---Unlocked-Literal-Bible---Standard-Edition.tar	Unlocked Literal Bible	Unlocked Literal Bible	English	English	4321280
Holy-Bible---English---Webster-Bible---Standard-Edition.tar	Webster Bible	Webster Bible	English	English	4382720
Holy-Bible---English---Webster-Bible-Revised---Standard-Edition.tar	Webster Version, Revised	Webster Version, Revised	English	English	4341760
Holy-Bible---English---Weymouth-NT---Standard-Edition.tar	Weymouth New Testament	Weymouth New Testament	English	English	1105920
Holy-Bible---English---World-English-Bible---Standard-Edition.tar	World English Bible	World English Bible	English	English	4249600
Holy-Bible---English---World-English-Bible-British-Edition---Standard-Edition.tar	World English Bible, British	World English Bible, British	English	English	4270080
Holy-Bible---English---World-English-Bible-Updated---Standard-Edition.tar	World English Bible Updated	World English Bible Updated	English	English	4259840
Holy-Bible---English---World-Messianic-Bible---Standard-Edition.tar	World Messianic Bible	World Messianic Bible	English	English	4270080
Holy-Bible---English---World-Messianic-Bible-British-Edition---Standard-Edition.tar	World Messianic Bible, British	World Messianic Bible, British	English	English	4270080
Holy-Bible---English---Worsley-Bible---Standard-Edition.tar	John Worsley New Testament	John Worsley New Testament	English	English	1013760
Holy-Bible---English---Wycliffe-Bible---Standard-Edition.tar	Wycliffe Bible	Wycliffe Bible	English	English	4392960
Holy-Bible---English---Youngs-Literal-Translation---Standard-Edition.tar	Young's Literal Translation	Young's Literal Translation	English	English	4403200
Holy-Bible---Esperanto---Esperanto-Bible---Standard-Edition.tar	Esperanto London Bible	Esperanto London Bible	Esperanto	Esperanto	4085760
Holy-Bible---Estonian---Contemporary---Standard-Edition.tar	Estonian Modern Bible	Pühakiri Kaasaegses Eesti Keeles	Estonian	Eesti	972800
Holy-Bible---Estonian---For-All---Standard-Edition.tar	Estonian Bible	Piibel Kõigile	Estonian	Eesti	522240
Holy-Bible---Etulo---Etulo-Bible---Standard-Edition.tar	Etulo Bible	Utur Bible	Etulo	Utur	1095680
Holy-Bible---Ewe---Word-of-Life---Standard-Edition.tar	Éwé Bible	Biblia Agbenya La	Ewe	Eʋegbe	4352000
Holy-Bible---Falam---Falam-Chin-Bible---Standard-Edition.tar	Falam Chin Bible	Thukam Thar Lente Ṭon	Chin, Falam	Lai	102400
Holy-Bible---Finnish---Finnish-Bible---Standard-Edition.tar	Finnish Bible 1776	Finnish Bible 1776	Finnish	Suomen Kieli	4495360
Holy-Bible---Finnish---Finnish-Pyha-Raamattu---Standard-Edition.tar	Finnish Pyha Raamattu 1933/1938	Finnish Pyha Raamattu 1933/1938	Finnish	Suomen Kieli	4444160
Holy-Bible---Finnish---Open-Living-News---Standard-Edition.tar	Finnish Open Living News	Suomi Avoin Elävä Uutinen	Finnish	Suomen Kieli	1126400
Holy-Bible---Flemish---Flemish-De-Jonge-Bible---Standard-Edition.tar	New Testament, Nicolaas De Jonge	Het Vlaams Nieuwe Testament	Flemish	Vlaams	1054720
Holy-Bible---French---Bonnet-Bovet-Bible---Standard-Edition.tar	Annotated Bible, Bonnet and Bovet	La Bible Annotée de Bonnet et Bovet	French	Français	4587520
Holy-Bible---French---Free-for-the-World---Standard-Edition.tar	French Free Holy Bible for the World	Sainte Bible Libre Pour le Monde	French	Français	4454400
Holy-Bible---French---French-Crampon-Bible---Standard-Edition.tar	Augustin Crampon Bible	La Bible Augustin Crampon	French	Français	4567040
Holy-Bible---French---French-Crampon-Bible-New---Standard-Edition.tar	New Augustin Crampon Bible	Sainte Bible néo-Crampon Libre	French	Français	4556800
Holy-Bible---French---French-Darby-Bible---Standard-Edition.tar	French John Nelson Darby	Française John Nelson Darby	French	Français	4638720
Holy-Bible---French---French-Khan-Bible---Standard-Edition.tar	Zadoc Khan Bible	La Bible de Zadoc Khan	French	Français	3502080
Holy-Bible---French---French-LXX---Standard-Edition.tar	Translation of the LXX by P. GIGUET	Traduction de la LXX par P. GIGUET	French	Français	3450880
Holy-Bible---French---French-LXX-TheoTex---Standard-Edition.tar	LXX by P. GIGUET, TheoTex	Traduction de la LXX par P. GIGUET	French	Français	3491840
Holy-Bible---French---French-Louis-Segond-1910-Bible---Standard-Edition.tar	Louis Segond French Bible 1910	Louis Segond French Bible 1910	French	Français	4536320
Holy-Bible---French---French-Martin---Standard-Edition.tar	French Martin Bible	Bible Française Martin	French	Français	4751360
Holy-Bible---French---French-Oltramare-Bible---Standard-Edition.tar	New Testament, Oltramare	Nouveau Testament, Oltramare	French	Français	1116160
Holy-Bible---French---French-Ostervald-Bible---Standard-Edition.tar	Ostervald French Bible	Ostervald French Bible	French	Français	4515840
Holy-Bible---French---French-Perret-Gentil-Rilliet---Standard-Edition.tar	Perret-Gentil and Rilliet Bible	Bible Perret-Gentil et Rilliet	French	Français	4526080
Holy-Bible---French---French-Stapfer-Bible---Standard-Edition.tar	Stapher New Testament	Nouveau Testament de Stapfer	French	Français	1105920
Holy-Bible---French---French-Synodale-Bible---Standard-Edition.tar	Synodal New Testament and Psalms	Nouveau Testament et Psaumes, Synodale	French	Français	1382400
Holy-Bible---French---Geneva-Bible---Standard-Edition.tar	French Geneva Bible	Le Bible de Genève	French	Français	1126400
Holy-Bible---French---Vulgate-Glaire---Standard-Edition.tar	Glaire French Vulgate	French Vulgate Glaire	French	Français	4679680
Holy-Bible---Gamit---Gamit-Bible---Standard-Edition.tar	Gamit Bible	ગામીત નોવો કરાર	Gamit	Gamit	2897920
Holy-Bible---Gamo---Gamo-Bible---Standard-Edition.tar	Gamo Bible (Ethiopic)	ጌሻ ማጻፋ	Gamo	Gamotso	5765120
Holy-Bible---Gamo---Gamo-Bible-Latin---Standard-Edition.tar	Gamo Bible (Latin)	Geeshsha Mexaafa	Gamo	Gamotso	4249600
Holy-Bible---Gamotso---Gamo---Standard-Edition.tar	Gamo New Testament	Gamo Geesha Maxxafa	Gamotso	Gamotso	1003520
Holy-Bible---Gata---Gata-Didayi-Bible---Standard-Edition.tar	Gata Didayi Bible	ସତ୍‌ ଗାଲି	Gta Asa, Didayi	ଡିଡାୟୀ	3307520
Holy-Bible---Gayil---Gayl-Bible---Standard-Edition.tar	Goyil Bible	ክለ ጫቃ	Gayil	Gayil	1802240
Holy-Bible---Geji---Geji-Bible---Standard-Edition.tar	Geji Bible	Bùù Bible	Geji	Bùù	911360
Holy-Bible---German---German-Albrecht---Standard-Edition.tar	Albrecht New Testament and Psalms	Deutsche Neues Testament, Psalmen	German	Deutsch	1392640
Holy-Bible---German---German-Elberfelder-1871---Standard-Edition.tar	Elberfelder German Bible 1871	Deutsche Bibel, Elberfelder	German	Deutsch	4833280
Holy-Bible---German---German-Elberfelder-1905---Standard-Edition.tar	Elberfelder German Bible 1905	Deutsche Bibel, Elberfelder	German	Deutsch	4556800
Holy-Bible---German---German-Katholiche-Riessler---Standard-Edition.tar	Catholic Bible, Paul Riessler	Katholische Bibel, Paul Riessler	German	Deutsch	4259840
Holy-Bible---German---German-Kautzsch-Weizsacker---Standard-Edition.tar	Kautzsch Weizsäcker German Bible	Deutsche Bibel, Kautzsch und Weizsäcker	German	Deutsch	4546560
Holy-Bible---German---German-Luther-Bible-1545---Standard-Edition.tar	Luther German Bible 1545	Deutsche Bibel, Luther	German	Deutsch	4208640
Holy-Bible---German---German-Luther-Bible-1912---Standard-Edition.tar	Luther German Bible 1912	Deutsche Bibel, Luther	German	Deutsch	4321280
Holy-Bible---German---German-Menge---Standard-Edition.tar	Menge German Bible	Deutsche Bibel	German	Deutsch	4956160
Holy-Bible---German---German-Reinhardt-Bible---Standard-Edition.tar	The Gospels by Ludwig Reinhardt	Die Evangelien, Reinhardt	German	Deutsch	491520
Holy-Bible---German---German-Schlachter---Standard-Edition.tar	Schlachter German Bible	Deutsche Bibel	German	Deutsch	4464640
Holy-Bible---German---German-Tafel-Bible---Standard-Edition.tar	Tafel German Bible	Deutsche Bibel, Tafel	German	Deutsch	3799040
Holy-Bible---German---Open-Bible---Standard-Edition.tar	Open Bible, Study Version	Offene Bibel, Studienfassung	German	Deutsch	1351680
Holy-Bible---German---Zurich-Bible---Standard-Edition.tar	German Zurich Bible	Deutsche Zürcher Bibel	German	Deutsch	4433920
Holy-Bible---Ghanongga---Kubokota-Adapt-Bible---Standard-Edition.tar	Ghanongga Kubokota Adapt Bible	Ghanongga Kubokota Adapt Bible	Ghanongga	Ghanongga	1505280
Holy-Bible---Gikuyu---Kikuyu---Standard-Edition.tar	Kikuyu Bible	Kiugo Gĩtheru Kĩa Ngai Kĩhingũre	Gikuyu	Kikuyu	5140480
Holy-Bible---Glavda---Glavda-Bible---Standard-Edition.tar	Glavda Bible	Glavda Bible	Glavda	Galavda	665600
Holy-Bible---Gofa---Gofa-Bible---Standard-Edition.tar	Gofa New Testament	Gofa New Testament	Gofa	Goofa	1003520
Holy-Bible---Gofa---Gofa-Bible-Ethiopian---Standard-Edition.tar	Gofa Bible (Ethiopic)	ጌሻ ማፃፋ	Gofa	Goofa	5437440
Holy-Bible---Gofa---Gofa-Bible-Latin---Standard-Edition.tar	Gofa Bible (Latin)	Gofa Bible (Latin)	Gofa	Goofa	3819520
Holy-Bible---Gourma---Gourma-Bible---Standard-Edition.tar	Gourma Bible	Bible Gourma du Burkina Faso	Gourma	Gourmanchéma	1054720
Holy-Bible---Gourmantche---Gourmantche-Bible---Standard-Edition.tar	Gourmantche Bible	Bible Gourmantche du Togo	Gourmantche	Gourmanchéma	1003520
Holy-Bible---Gowlan---Gowlan-Bible---Standard-Edition.tar	Gowlan Bible	परमेश्वर को पवित्र वचन	Gowlan	Gowlan	2293760
Holy-Bible---Gowli---Gawli-Bible---Standard-Edition.tar	Gawli Bible	ದೆವಾಚಿ ಖರಿ ಕಬರ್	Gowli	Gowli	2734080
Holy-Bible---Greek---Greek-Antoniades---Standard-Edition.tar	Antoniades Patriarchal Edition	H Καινή Διαθήκη	Greek, Koine	Ελληνική	1597440
Holy-Bible---Greek---Greek-Byzantine---Standard-Edition.tar	Greek NT Byzantine	H Καινή Διαθήκη	Greek, Koine	Ελληνική	1751040
Holy-Bible---Greek---Greek-Byzantine-Majority---Standard-Edition.tar	Greek NT Byzantine / Majority Text	H Καινή Διαθήκη	Greek, Byzantine	Ελληνική	1597440
Holy-Bible---Greek---Greek-LXX-Septuagint---Standard-Edition.tar	Greek Septuagint LXX	H μετάφρασις τῶν Ἑβδομήκοντα	Greek, Koine	Ελληνική	5724160
Holy-Bible---Greek---Greek-Majority-Text---Standard-Edition.tar	Greek Majority Text NT	H Καινή Διαθήκη	Greek, Koine	Ελληνική	1587200
Holy-Bible---Greek---Greek-Modern-Kathareuousa---Standard-Edition.tar	Neophytos Vamvas Modern Greek	H Καινή Διαθήκη, Καθαρεύουσα	Greek, Kathareuousa	Ελληνική	7802880
Holy-Bible---Greek---Greek-Nestle---Standard-Edition.tar	Greek NT Nestle 1904	H Καινή Διαθήκη	Greek, Koine	Ελληνική	1720320
Holy-Bible---Greek---Greek-Pickering-Family-35---Standard-Edition.tar	Greek Pickering Family 35	H Καινή Διαθήκη	Greek, Koine	Ελληνική	1597440
Holy-Bible---Greek---Greek-SBL---Standard-Edition.tar	Greek NT SBL	H Καινή Διαθήκη	Greek, Koine	Ελληνική	1740800
Holy-Bible---Greek---Greek-STEPBible---Standard-Edition.tar	Greek NT STEP Bible	H Καινή Διαθήκη	Greek, Koine	Ελληνική	1873920
Holy-Bible---Greek---Greek-Scrivener---Standard-Edition.tar	Greek NT Scrivener	H Καινή Διαθήκη	Greek, Koine	Ελληνική	1597440
Holy-Bible---Greek---Greek-Statistical-Restoration---Standard-Edition.tar	Greek NT Statistical Restoration	H Καινή Διαθήκη	Greek, Koine	Ελληνική	1751040
Holy-Bible---Greek---Greek-Stephanus---Standard-Edition.tar	Greek NT Stephanus	H Καινή Διαθήκη	Greek, Koine	Ελληνική	1597440
Holy-Bible---Greek---Greek-TR-Stephanus-Scrivener---Standard-Edition.tar	Greek NT Textus Receptus Scrivener	H Καινή Διαθήκη	Greek, Koine	Ελληνική	1597440
Holy-Bible---Greek---Greek-Textus-Receptus---Standard-Edition.tar	Greek NT Textus Receptus	H Καινή Διαθήκη	Greek, Koine	Ελληνική	1607680
Holy-Bible---Greek---Greek-Textus-Receptus-Boyd---Standard-Edition.tar	Greek NT Textus Receptus Boyd	Η Καινή Διαθήκη	Greek, Koine	Ελληνική	1761280
Holy-Bible---Greek---Greek-Textus-Receptus-Elzevir---Standard-Edition.tar	Greek NT Textus Receptus Elzevir	H Καινή Διαθήκη	Greek, Koine	Ελληνική	1597440
Holy-Bible---Greek---Greek-Tischendorf---Standard-Edition.tar	Tischendorf Greek New Testament	H Καινή Διαθήκη	Greek, Koine	Ελληνική	1730560
Holy-Bible---Greek---Greek-Tregelles---Standard-Edition.tar	Greek NT Tregelles	H Καινή Διαθήκη	Greek, Koine	Ελληνική	1740800
Holy-Bible---Greek---Greek-Westcott-Hort---Standard-Edition.tar	Greek NT Westcott / Hort	H Καινή Διαθήκη	Greek, Koine	Ελληνική	1607680
Holy-Bible---Greek---Text-Critical---Standard-Edition.tar	Greek NT Text-Critical	H Καινή Διαθήκη	Greek, Koine	Ελληνική	1751040
Holy-Bible---Guduf-Gava---Guduf-Gava-Bible---Standard-Edition.tar	Guduf-Gava Bible	Gava Bible	Guduf-Gava	Guduf-Gava	266240
Holy-Bible---Gujarati---Gujarati-Bible---Standard-Edition.tar	Gujarati Bible	ગુજરાતી બાઇબલ	Gujarati	ગુજરાતી	9830400
Holy-Bible---Gujii---Guji-Oromo-Bible---Standard-Edition.tar	Guji Oromo Bible	Kitaaba Woyyuu	Gujii Oromo	Gujii Oromo	4669440
Holy-Bible---Haitian---Haitian-Creole-Bible---Standard-Edition.tar	Haitian Creole Bible	Kreyòl Ayisyen Bible	Haitian Creole	Kreyòl Ayisyen	4567040
Holy-Bible---Haitian---Haitian-Creole-Smith---Standard-Edition.tar	Smith Haitian Creole Bible	Bib Sen An	Haitian Creole	Kreyòl Ayisyen	4136960
Holy-Bible---Halbi---Halbi-Bible---Standard-Edition.tar	Halbi Bible	परमेस्वर को सच्चो वचन ख जाननू	Halbi	हलबी	2304000
Holy-Bible---Haryanvi---Haryanvi-Bible---Standard-Edition.tar	Haryanvi Bible	हरियाणवी बाइबिल	Haryanvi	हरियाणवी‎	2672640
Holy-Bible---Hausa---Contemporary---Standard-Edition.tar	Hausa Contemporary Bible	Littafi Mai Tsarki, Don Kowa	Hausa	Hausa	4157440
Holy-Bible---Hausa---Hausa-Bible---Standard-Edition.tar	Hausa New Testament	Littafi Mai Tsarki	Hausa	Hausa	993280
Holy-Bible---Havu---Havu-Bible---Standard-Edition.tar	Havu Bible	Kihavu Bible	Havu	Kihavu	317440
Holy-Bible---Hawaiian---Hawaiian-Bible-1868---Standard-Edition.tar	Hawaiian Bible 1868	Baibala Hemolele	Hawaiian	Ōlelo Hawai'i	4659200
Holy-Bible---Hebrew---Hebrew-Aleppo-Codex---Standard-Edition.tar	Hebrew Aleppo Codex	כתבי הקודש	Hebrew	עברית	2887680
Holy-Bible---Hebrew---Hebrew-Aleppo-Miqra-Mesorah---Standard-Edition.tar	Miqra `al pi ha-Mesorah	מקרא על פי המסורה	Hebrew	עברית	5068800
Holy-Bible---Hebrew---Hebrew-Masoretic-OT---Standard-Edition.tar	Hebrew Masoretic Old Testament	כתבי הקודש	Hebrew	עברית	5580800
Holy-Bible---Hebrew---Hebrew-STEPBible---Standard-Edition.tar	Hebrew STEP Old Testament	כתבי הקודש	Hebrew	עברית	5550080
Holy-Bible---Hebrew---Hebrew-Westminster-Leningrad---Standard-Edition.tar	Westminster Leningrad Codex OT	כתבי הקודש	Hebrew	עברית	5539840
Holy-Bible---Hebrew---Hebrew-Westminster-Leningrad-Kimball---Standard-Edition.tar	Westminster Leningrad Cdx Kimball	כתבי הקודש	Hebrew	עברית	5058560
Holy-Bible---Hebrew---Living-Bible---Standard-Edition.tar	Hebrew Living New Testament	הברית החדשה/הדרך זכויות פתוחות	Hebrew	עברית	1351680
Holy-Bible---Hebrew---Modern-Hebrew-Bible---Standard-Edition.tar	Modern Hebrew Bible	תנ ך עברי מודרני	Hebrew	עברית	3962880
Holy-Bible---Hebrew---Salkinson-Hebrew-Bible---Standard-Edition.tar	Salkinson Hebrew Bible	הברית החדשה של סלקינסון	Hebrew	עברית	1832960
Holy-Bible---Hebrew---Westminster-Leningrad-Philadelphia---Standard-Edition.tar	Westminster Leningrad Cdx Phila	כתבי הקודש	Hebrew	עברית	5539840
Holy-Bible---Hindi---Contemporary---Standard-Edition.tar	Hindi Contemporary Version Bible	हिंदी समकालीन संस्करण-स्वतंत्र उपलब्धि	Hindi	हिन्दी	10588160
Holy-Bible---Hindi---Hindi-Bible---Standard-Edition.tar	Hindi Bible	पवित्र बाइबिल	Hindi	हिन्दी	9687040
Holy-Bible---Hona---Hwana-Bible---Standard-Edition.tar	Hwana Bible	Hona Bible	Hwana	Hona	1177600
Holy-Bible---Hre---Hre-Bible---Standard-Edition.tar	Hre Bible	Hset Hadròeh	Hre	Hset	1146880
Holy-Bible---Hruso---Hrusso-Angka-Bible---Standard-Edition.tar	Hruso Bible	Aka Bible	Hruso	Aka	153600
Holy-Bible---Hungarian---Hungarian-Jewish-Bible---Standard-Edition.tar	The Israeli-Hungarian Bible	Az Izraelita-Magyar Biblia	Hungarian	Magyar Nyelv	3194880
Holy-Bible---Hungarian---Hungarian-Karoli---Standard-Edition.tar	Revised Hungarian Bible 1908	Revideált Károli Biblia 1908	Hungarian	Magyar Nyelv	4413440
Holy-Bible---Hungarian---Magyar-Bible---Standard-Edition.tar	Hungarian Open New Testament	Nyitott Újszövetség	Hungarian	Magyar Nyelv	1054720
Holy-Bible---Icelandic---Open-Living-Word---Standard-Edition.tar	Icelandic Open Living Word	Opna Lifandi Orð	Icelandic	Íslenska	1454080
Holy-Bible---Igbo---Igbo-Bible---Standard-Edition.tar	The Igbo Holy Bible for Everyone	Baịbụlụ Nsọ n’Igbo Ndị Ugbu	Igbo	Igbo	5263360
Holy-Bible---Ikizu---Ikizu-Bible---Standard-Edition.tar	Ikizu Bible	Ʉbhʉragɨ Ubhuhya Mʉkɨgambʉ chi Ikikiizʉ	Ikizu	Kiikiizo	1382400
Holy-Bible---Ilocano---Ilocano-Bible---Standard-Edition.tar	Ilocano Bible	Ti Biblia	Ilocano	Ilocano	5038080
Holy-Bible---Ilonggo---Hiligaynon-Free-Bible---Standard-Edition.tar	Ilonggo Free Bible	Libre Ang Pulong Sang Dios	Ilonggo	Binisayâ	4966400
Holy-Bible---Indonesian---Bahasa-Indonesia-Sehari-hari---Standard-Edition.tar	Everyday Indonesian Bible	Bahasa Indonesia Sehari-hari	Indonesian	Bahasa Indonesia	4648960
Holy-Bible---Indonesian---For-All---Standard-Edition.tar	Indonesian Bible for All	Alkitab Gratis untuk Semua	Indonesian	Bahasa Indonesia	1280000
Holy-Bible---Indonesian---New-Indonesian-Translation---Standard-Edition.tar	Indonesian New Translation	Terjemahan Baru	Indonesian	Bahasa Indonesia	4904960
Holy-Bible---Indonesian---Simple---Standard-Edition.tar	Simple Indonesian Bible, 3rd Edition	Alkitab Sederhana Indonesia	Indonesian	Bahasa Indonesia	3850240
Holy-Bible---Irish---Odomhnuill-Modern---Standard-Edition.tar	Irish O'Domhnuill Modernized	Irish O'Domhnuill Modernized	Irish	Irish	174080
Holy-Bible---Isanzu---Isanzu-Bible---Standard-Edition.tar	Isanzu Bible	Kiisanzu Bible	Isanzu	Kiisanzu	1044480
Holy-Bible---Italian---Conferenza-Episcopale-Italiana---Standard-Edition.tar	Italian Catholic Church Bible	Conferenza Episcopale Italiana	Italian	Italiano	4126720
Holy-Bible---Italian---Italian-Giovanni-Diodati-Bible---Standard-Edition.tar	Diodati Italian Bible 1649	Diodati Italiano Bibbia	Italian	Italiano	4546560
Holy-Bible---Italian---Italian-Riveduta-Bible---Standard-Edition.tar	Riveduta Italian Bible 1927	Riveduta Italiano Bibbia	Italian	Italiano	4413440
Holy-Bible---Janji---Janji-Bible---Standard-Edition.tar	Janji Bible	Janji Bible	Janji	Ajanji	962560
Holy-Bible---Japanese---Japanese-Bungo-yaku---Standard-Edition.tar	Japanese Bungo-yaku / Taisho-kaiyaku	大正改訳「新約聖書」	Japanese	日本語	4495360
Holy-Bible---Japanese---Japanese-Electronic-Network-Bible---Standard-Edition.tar	Japanese Electronic Network Bible	日本の電子ネットワーク聖書	Japanese	日本語	983040
Holy-Bible---Japanese---Japanese-Kougo-yaku---Standard-Edition.tar	Japanese Kougo-yaku, Colloquial	口語訳「聖書」	Japanese	日本語	5529600
Holy-Bible---Japanese---Japanese-Meiji-yaku---Standard-Edition.tar	Japanese Meiji-yaku 1953	明治元訳「舊約聖書」	Japanese	日本語	1515520
Holy-Bible---Japanese---Japanese-Raguet-yaku---Standard-Edition.tar	Japanese Raguet-yaku 1910	ラゲ訳「我主イエズスキリストの新約聖書」	Japanese	日本語	1116160
Holy-Bible---Japanese---New-Japanese-New-Testament---Standard-Edition.tar	Japanese New Testament 1965	新改訳新約聖書	Japanese	日本語	1454080
Holy-Bible---Jumjum---Jumjum-Bible---Standard-Edition.tar	Jumjum Bible	Meeŋka Jooŋ	Jumjum	Jumjum	389120
Holy-Bible---Juray---Juray-Bible---Standard-Edition.tar	Juray Bible	ଆଜାଡ଼ି ତଙରନ୍‌	Juray	Juray	3604480
Holy-Bible---Kamano---Kamano-Kafe---Standard-Edition.tar	Kamano-Kafe Bible	Anumzamofo Ruotage Avontafere	Kamano	Kamano-Kafe	5601280
Holy-Bible---Kannada---Indian-Revised-Version---Standard-Edition.tar	Kannada Indian Revised Version	ಇಂಡಿಯನ್ ರಿವೈಜ್ಡ್ ವರ್ಸನ್	Kannada	ಕನ್ನಡ	10721280
Holy-Bible---Kannada---Kannada-Bible---Standard-Edition.tar	Kannada Bible	ಕನ್ನಡ ಬೈಬಲ್	Kannada	ಕನ್ನಡ	10721280
Holy-Bible---Kannada---Open-Contemporary---Standard-Edition.tar	Kanada Open Contemporary Bible	ಉಚಿತ ಕನ್ನಡ ಸಮಕಾಲಿಕ ಭಾಷಾಂತರ	Kannada	ಕನ್ನಡ	10844160
Holy-Bible---Kannada---Siddi-Bible---Standard-Edition.tar	Siddi Bible	ದೆವಾಚಿ ಖರಿ ಖಬರ್	Kannada	ಕನ್ನಡ	3235840
Holy-Bible---Kapin---Kapin-Bible---Standard-Edition.tar	Kapin Bible	Kapin Bible	Kapin	Kapin	778240
Holy-Bible---Kara---Kara-Bible---Standard-Edition.tar	Kara Bible	Kikara Bible	Kara	Kikara	1105920
Holy-Bible---Kiche---Totonicapan---Standard-Edition.tar	K’iche’ of Totonicapan NT	Ri Kꞌakꞌ Testamento Pa Tzijobꞌal Kꞌicheꞌ	K'iche'	Qach’abel	1341440
Holy-Bible---Kinga---Mahanji-Bible---Standard-Edition.tar	Kinga Bible	Mahanji Bible	Kinga	Mahanji	1064960
Holy-Bible---Kisi---Kisi-Bible---Standard-Edition.tar	Kisi Bible	Kese Bible	Kisi	Kese	1126400
Holy-Bible---Kituba---Kituba-Bible---Standard-Edition.tar	Kituba Bible	Mambu ya Nzambi	Kituba	Monokutuba	5283840
Holy-Bible---Kizalamo---Zaramo-Kizalamo-Bible---Standard-Edition.tar	Kizalamo Bible	Bibilia ya Kizalamo	Kizalamo	Zaramo	1484800
Holy-Bible---Koda---Koda-Bible---Standard-Edition.tar	Koda Bible	কড়া অনুবাদ	Koda	কোডা	1464320
Holy-Bible---Kolami-Southeastern---Kolami-Bible---Standard-Edition.tar	Southeastern Kolami Bible	కొత్త కరార్	Kolami, Southeastern	కొలామి	2662400
Holy-Bible---Konda-Dora---Konda-Porja-Bible---Standard-Edition.tar	Konda-Dhora Bible	ମାପୁରୁଦି ସତ୍‌ ବାକ୍ୟ	Konda-Dhora	କୋଣ୍ଡା	3287040
Holy-Bible---Korean---Korean-1910---Standard-Edition.tar	Korean 1910 Bible	개역성경	Korean	한국어	4659200
Holy-Bible---Korean---Korean-RV---Standard-Edition.tar	Korean Revised Version	개역성경	Korean	한국어	4700160
Holy-Bible---Korean---Korean-Revised-Version---Standard-Edition.tar	Korean Revised Bible	개역성경	Korean	한국어	4659200
Holy-Bible---Kosraean---Kosraean-Bible---Standard-Edition.tar	Kosraean Bible	Baibel Mutal ke Kas Kusaie	Kosraean	Kusaiean	4290560
Holy-Bible---Koya---Koya-Bible---Standard-Edition.tar	Koya Bible	ପୁନାଦ୍ ଆର୍ର୍	Koya	କୋୟା	3348480
Holy-Bible---Kuhane---Kuhane-Bible---Standard-Edition.tar	Kuhane Bible	Chikuahane Bible	Kuhane	Chikuahane	1013760
Holy-Bible---Kurama---Kurama-Akurumi-Bible---Standard-Edition.tar	Kurama Akurumi Bible	T'kurmi Bible	Kurama	T'kurmi	122880
Holy-Bible---Kurdish---Sorani-Bible---Standard-Edition.tar	Kurdish Sorani Bible	وەشانی بێبەرامبەری کوردیی سۆرانیی ستاندەر	Kurdish, Central	كوردی سۆرانی	6522880
Holy-Bible---Kutu---Kutu-Bible---Standard-Edition.tar	Kutu Bible	Lagano da Sambi kwa Wanhu Wose	Kutu	Kutu	1064960
Holy-Bible---Kuturmi---Kuturmi-Bible---Standard-Edition.tar	Kuturmi Bible	Ibiro-Ikryo Bible	Kuturmi	Ibiro-Ikryo	153600
Holy-Bible---Kuvi---Kuvi-Bible---Standard-Edition.tar	New Testament in Kuvi	ପୁଃନି ମେ଼ରା	Kuvi	କୁଭି, କୁୱି	2949120
Holy-Bible---Latin---Clementine-Vulgate-1598---Standard-Edition.tar	Clementine Vulgate 1598	Bibbia Vulgata Clementina	Latin	Latine	3758080
Holy-Bible---Latin---Clementine-Vulgate-Conte---Standard-Edition.tar	Clementine Vulgate, Conte	Bibbia Vulgata Clementina	Latin	Latine	3758080
Holy-Bible---Latin---Clementine-Vulgate-Hetzenauer---Standard-Edition.tar	Clementine Vulgate, Hetzenauer	Bibbia Vulgata Clementina	Latin	Latine	3758080
Holy-Bible---Latin---Clementine-Vulgate-Tweedale---Standard-Edition.tar	Clementine Vulgate, Tweedale	Bibbia Vulgata Clementina	Latin	Latine	3758080
Holy-Bible---Latin---Vulgata-Sistina---Standard-Edition.tar	Sistina Vulgate Bible	Bibbia Vulgata Sistina	Latin	Latine	3768320
Holy-Bible---Latin---Vulgate-Jerome---Standard-Edition.tar	Jerome Vulgate Bible	Bibbia Vulgata Jerome	Latin	Latine	3614720
Holy-Bible---Latvian---Latvian-Gluck-Bible---Standard-Edition.tar	Latvian Glück Bible 8th edition	Latviešu Glück Bībele	Latvian	Latviešu	4188160
Holy-Bible---Lingala---Lingala-Bible---Standard-Edition.tar	Lingala Bible	Mokanda na Bomoi	Lingala	Lingála	4782080
Holy-Bible---Lithuanian---Believers-Heritage---Standard-Edition.tar	Lithuanian Believers Heritage	Tikinčiųjų Paveldo Vertimas	Lithuanian	Lietuvių	337920
Holy-Bible---Lithuanian---Open-Lithuanian-Bible---Standard-Edition.tar	Open Lithuanian Scriptures	Naudojimo Teisės Atviros	Lithuanian	Lietuvių	276480
Holy-Bible---Lodhi---Lodhi-Bible---Standard-Edition.tar	Lodhi New Testament	परमेश्वर को सच्चो वचन	Lodhi	लोधी	4536320
Holy-Bible---Luganda---Luganda-Bible---Standard-Edition.tar	Luganda Bible	Bayibuli Entukuvu	Luganda	Luganda	4474880
Holy-Bible---Lungga---Lungga-Bible---Standard-Edition.tar	Lungga Bible	Luqa Bible	Lungga	Luqa	1761280
Holy-Bible---Luyana---Luyana-Bible---Standard-Edition.tar	Luyana Bible	Luyi Bible	Luyana	Luyi	1095680
Holy-Bible---Mahasu-Pahari---Baghlayani-Bible---Standard-Edition.tar	Mahasu Pahari Baghlayani Bible	बघल्याणी नवां विधान	Mahasu Pahari	बघल्याणी	2529280
Holy-Bible---Makhuwa-Meetto---Makua-Bible---Standard-Edition.tar	Makhuwa-Meetto Bible	Makua Bible	Makhuwa-Meetto	Makua	1198080
Holy-Bible---Malagasy---Malagasy-Bible---Standard-Edition.tar	Malagasy Bible 1865	Soratra Masina	Malagasy	Malagasy	4802560
Holy-Bible---Malagasy---Tandroy-Mahafaly-Bible---Standard-Edition.tar	Malagasy Tandroy-Mahafaly Bible	Saontsin’ Añahare, Madagascar	Malagasy, Tandroy-Mahafaly	Tandroy	4341760
Holy-Bible---Malayalam---1910-Contemporary---Standard-Edition.tar	Malayalam Bible 1910 Modern	മലയാളം ബൈബിള്‍ 1910 Modern	Malayalam	മലയാളം	11161600
Holy-Bible---Malayalam---Contemporary---Standard-Edition.tar	Malayalam Contemporary Bible	സമകാലിക മലയാളവിവർത്തനം	Malayalam	മലയാളം	12308480
Holy-Bible---Malayalam---Malayalam-Bible---Standard-Edition.tar	Malayalam Indian Revised Bible	മലയാളം ബൈബിള്‍	Malayalam	മലയാളം	11458560
Holy-Bible---Malayalam---Malayalam-Bible-1910---Standard-Edition.tar	Malayalam Bible 1910	മലയാളം ബൈബിള്‍ 1910	Malayalam	മലയാളം	11151360
Holy-Bible---Male---Maale-Bible---Standard-Edition.tar	Maale Bible (Ethiopic)	ጌኤዦ ማፃኣፖ	Male	Maale	6799360
Holy-Bible---Manipuri---Meitei-Bible---Standard-Edition.tar	Manipuri Bible	Meitei Bible	Manipuri	Meitei	1310720
Holy-Bible---Maori---Maori-Bible---Standard-Edition.tar	Maori Bible	Te Paipera Tapu	Māori	Māori	4669440
Holy-Bible---Marathi---Marathi-Bible---Standard-Edition.tar	Marathi Indian Revised Bible	राठी बायबल	Marathi	मराठी	10649600
Holy-Bible---Marathi---Marathi-Indian-Bible---Standard-Edition.tar	Marathi Contemporary Bible	मराठी समकालीन स्वतंत्र संस्करण	Marathi	मराठी	10690560
Holy-Bible---Marghi-South---Marghi-South-Bible---Standard-Edition.tar	Marghi South Bible	Ndǝshiguˈyar Foɗǝu Ənga Thlǝr Camaˈyar	Marghi South	Marghi South	942080
Holy-Bible---Matengo---Amatengu-Bible---Standard-Edition.tar	Matengo Bible	Amatengu Bible	Matengo	Matengo	1126400
Holy-Bible---Matumbi---Matumbi-Bible---Standard-Edition.tar	Matumbi Kimatuumbi Bible	Injili ya Yesu	Matumbi	Kimatuumbi	747520
Holy-Bible---Mbe---Mbe-Bible---Standard-Edition.tar	Mbe Bible	M̀bè Mbembe Okohm	Mbe	M̀bè	1556480
Holy-Bible---Mbula-Bwazza---Mbula-Bwazza-Bible---Standard-Edition.tar	Mbula-Bwazza Bible	Ɓwázà Bible	Mbula-Bwazza	Ɓwázà	2959360
Holy-Bible---Melo---Melo-Bible---Standard-Edition.tar	Melo Ethiopic Bible	ኦሮꬅ ጫቆ	Melo	Malo	1361920
Holy-Bible---Mori-Atas---Mori-Atas-Bible---Standard-Edition.tar	Mori Atas Bible	Alkitab Tambee	Mori Atas	Upper Mori	194560
Holy-Bible---Mpoto---Mpoto-Bible---Standard-Edition.tar	Mpoto Bible	Chimpoto	Mpoto	Mpoto	1259520
Holy-Bible---Mum---Mum-Bible---Standard-Edition.tar	Mum Bible	Kuyu Avi Matyu Yɨhimbɨvɨrami	Mum	Katiati	235520
Holy-Bible---Munda---Munda-Bible---Standard-Edition.tar	Munda New Testament	ପାର୍‌ମେଶ୍ୱାର୍‌ଆଃ ଜୀନିଦ୍‌ ବାଚାନ୍‌	Munda	ମୁଣ୍ଡାରୀ	3379200
Holy-Bible---Mwaghavul---Mwaghavul-Bible---Standard-Edition.tar	Mwaghavul Sura Bible	Manji Yiljep	Mwaghavul	Sura	696320
Holy-Bible---Mwera---Mwera-Bible---Standard-Edition.tar	Mwera Bible	Malagano ga Ambi	Mwera	Mwera	1198080
Holy-Bible---Myanmar---Burmese-Common-Bible---Standard-Edition.tar	Burmese Common Language Bible	ခေတ်သုံးမြန်မာသမ္မာကျမ်း	Myanmar Burmese	မြန်မာဘာသာ	17080320
Holy-Bible---Myanmar---Burmese-Judson---Standard-Edition.tar	Myanmar Burmese Judson Text	မြန်မာယုဒသန်သမ္မာကျမ်း	Myanmar Burmese	မြန်မာဘာသာ	12267520
Holy-Bible---Myanmar---Myanmar-Burmese-Judson---Standard-Edition.tar	Myanmar Burmese Judson Bible	မြန်မာယုဒသန်သမ္မာကျမ်း	Myanmar Burmese	မြန်မာဘာသာ	11898880
Holy-Bible---Naga-Pidgin---Nagamese-Bible---Standard-Edition.tar	Nagamese Bible	Indian Standard Version Nagamese	Naga, Pidgin	Nagamiz	1198080
Holy-Bible---Naga-Tutsa---Tutsa-Naga-Bible---Standard-Edition.tar	Tutsa Naga Bible	Esa Leedap Ena Banlam	Naga, Tutsa	Totcha	1239040
Holy-Bible---Ncane---Ncane-Bible---Standard-Edition.tar	Ncane Bible	Nchane Bible	Ncane	Nchane	1402880
Holy-Bible---Ndebele---Accessible-Bible---Standard-Edition.tar	Ndebele Accessible Bible	Ibhayibhili Elifinyelelekayo	Ndebele	Ndebele	4208640
Holy-Bible---Ndebele---Ndebele-Bible---Standard-Edition.tar	Ndebele Bible	Ndebele Bible	Ndebele	Ndebele	4065280
Holy-Bible---Ndendeule---Ndendeule-Bible---Standard-Edition.tar	Ndendeule Bible	Ndendeule Bible	Ndendeule	Ndendeule	1249280
Holy-Bible---Ndengereko---Ndengereko-Bible---Standard-Edition.tar	Ndengereko Bible	Kindengereko Bible	Ndengereko	Kindengereko	1003520
Holy-Bible---Ndonde-Hamba---Ndonde-Hamba-Bible---Standard-Edition.tar	Ndonde Hamba Bible	Ndondehamba	Ndonde Hamba	Ndondehamba	174080
Holy-Bible---Ndwewe---Ndwewe-Bible---Standard-Edition.tar	Ndwewe Bible	Ruvuma Bible	Ndwewe	Ndwewe	1280000
Holy-Bible---Nend---Mark---Standard-Edition.tar	Mark in Nend	MAK Yakŋ Ohɨrand Ya Imbɨr Makɨv Mpamar	Nend	Nend	153600
Holy-Bible---Nepali---Nepali-Bible---Standard-Edition.tar	Nepali Bible	पवित्र बाइबल	Nepali	नेपाली	10833920
Holy-Bible---Nepali---Nepali-Contemporary---Standard-Edition.tar	Nepali Contemporary Bible	नेपाली समकालीन सर्वसुलभ संस्करण	Nepali	नेपाली	10772480
Holy-Bible---Ngoni---Ngoni-Bible---Standard-Edition.tar	Ngoni New Testament	Ngoni New Testament	Ngoni	Chingoni	1136640
Holy-Bible---Nkangala---Nkangala-Bible---Standard-Edition.tar	Nkangala Bible	Nkangala Bible	Nkangala	Nkangala	962560
Holy-Bible---Norwegian---Living-Bible---Standard-Edition.tar	Norwegian Living New Testament	Open En Levende Bok	Norwegian Bokmal	Norsk Bokmål	1198080
Holy-Bible---Norwegian---Norwegian-Bible---Standard-Edition.tar	Norwegian Bible	Norsk Bibel	Norwegian Bokmal	Norsk Bokmål	4003840
Holy-Bible---Norwegian---Norwegian-Student-Bible---Standard-Edition.tar	Norwegian Student Bible	Fyre Car, Studentmållagsbibelen	Norwegian Nynorsk	Norsk Nynorsk	4014080
Holy-Bible---Oriya---Oriya-Bible---Standard-Edition.tar	Oriya Bible	ଓଡିଆ ବାଇବେଲ	Oriya	ଓଡ଼ିଆ	10946560
Holy-Bible---Oromo---New-World---Standard-Edition.tar	New Oromo Contemporary Version	Hiikkaa Ammayyaa Banamaa Haaraa	Oromo, West Central	Afaan Oromoo	4618240
Holy-Bible---Oromo---West-Central-Oromo-Bible---Standard-Edition.tar	West Central Oromo Bible	ሂካ አመያ በነማ ሃራ, ሎቆደ ዽኣ	Oromo, West Central	Afaan Oromoo	5898240
Holy-Bible---Oyda---Oyda-Bible-Latin---Standard-Edition.tar	Oyda Bible (Latin)	Kille Caaqo	Oyda	Oyda	1003520
Holy-Bible---Oyda---Oyde-Bible-Ethiopic---Standard-Edition.tar	Oyda Bible (Ethiopic)	ክለ ጫቆ	Oyda	Oyda	1351680
Holy-Bible---Padoe---Padoe-Bible---Standard-Edition.tar	Padoe Bible	Akitab Padoe	Padoe	Padoe	174080
Holy-Bible---Palaung-Shwe---Shwe-Palaung-Bible---Standard-Edition.tar	Shwe Palaung Bible	ပလောင်ဘာသာ	Palaung, Shwe	ပလောင်ဘာသာ	266240
Holy-Bible---Panjabi---Punjabi-Bible---Standard-Edition.tar	Punjabi Bible	ਪੰਜਾਬੀ ਬਾਈਬਲ	Panjabi, Eastern	ਪੰਜਾਬੀ	10004480
Holy-Bible---Pengo---Pengo-Bible---Standard-Edition.tar	Pengo Bible	ସତ୍‌ ବଚନ୍‌	Pengo	Pengu	3102720
Holy-Bible---Persian---Old-Persion-Version-Bible---Standard-Edition.tar	Old Persion Version Bible	ترجمه قدیم	Persian	فارسی	5918720
Holy-Bible---Persian---Open-Contemporary---Standard-Edition.tar	Open Persian Contemporary Bible	فارسی	Persian	فارسی	6400000
Holy-Bible---Pogolo---Pogoro-Bible---Standard-Edition.tar	Pogoro New Testament	Lipatanu Lya Syayi, Wantu Woseri	Pogolo	Pogolo	1167360
Holy-Bible---Pohnpeian---Pohnpeian-NT-Psalms-New-Alphabet---Standard-Edition.tar	Pohnpeian NT, Psalms: New Alpha	Kadede Kap Psam Akan	Pohnpeian	Pohnpeian	1136640
Holy-Bible---Pohnpeian---Pohnpeian-NT-Psalms-Old-Alphabet---Standard-Edition.tar	Pohnpeian NT, Psalms: Old Alpha	Kadede Kap Pjam Akan	Pohnpeian	Pohnpeian	1116160
Holy-Bible---Polci---Polci-Bible---Standard-Edition.tar	Polci Bible	Zul Pəlci Bible	Polci	Pəlci	870400
Holy-Bible---Polish---Open-Access-Word-of-Life---Standard-Edition.tar	Polish Open Access Word of Life	Słowo Życia, Otwarty Dostęp	Polish	Polskie	1064960
Holy-Bible---Polish---Polish-Gdansk---Standard-Edition.tar	Polish Gdansk Bible 1881	Święta Biblia	Polish	Polskie	4229120
Holy-Bible---Polish---Polish-Updated-Gdansk---Standard-Edition.tar	Polish Updated Gdansk Bible	Święta Biblia	Polish	Polskie	4147200
Holy-Bible---Portuguese---Almeida-Bible-1911---Standard-Edition.tar	Portuguese Bible 1911	Ferreira de Almeida Bíblia	Portuguese	Língua Portuguesa	4167680
Holy-Bible---Portuguese---Almeida-NewOrthography---Standard-Edition.tar	Portuguese Bible 1911, New Spelling	Almeida Bíblia, Ortografia Nova	Portuguese	Língua Portuguesa	4147200
Holy-Bible---Portuguese---Biblia-Livre---Standard-Edition.tar	Free Portuguese Bible	Bíblia Livre Portuguesa	Portuguese	Língua Portuguesa	4116480
Holy-Bible---Portuguese---Free-for-All---Standard-Edition.tar	Portuguese Free Bible for All	Biblia Livre Para Todos	Portuguese	Língua Portuguesa	1146880
Holy-Bible---Portuguese---New-Open-Access---Standard-Edition.tar	New Open Access Bible	Bíblia Nova Versão de Acesso Livre	Portuguese	Língua Portuguesa	4290560
Holy-Bible---Portuguese---Open-New-Bible---Standard-Edition.tar	Portuguese Open New Living Bible	Open Nova Bíblia Viva	Portuguese	Língua Portuguesa	4669440
Holy-Bible---Portuguese---Portuguese-Trans-Trans---Standard-Edition.tar	Portuguese Bible for Translators	Tradução para Tradutores	Portuguese	Língua Portuguesa	1843200
Holy-Bible---Portuguese---World-Portuguese-Bible---Standard-Edition.tar	World Portuguese Bible	Bíblia Portuguesa Mundial	Portuguese	Língua Portuguesa	4280320
Holy-Bible---Potawatomi---Potawatomi-Bible---Standard-Edition.tar	Potawatomi Bible	Potawatomi Bible	Potawami	Potawami	286720
Holy-Bible---Powari---Powari-Bible---Standard-Edition.tar	Powari Bible	सत मारग पर चलन वारो किताब	Powari	Powari	1638400
Holy-Bible---Rakhine---Rakhine-Bible---Standard-Edition.tar	Rakhine Bible	ဓမ္မသစ်ကျမ်း ရခိုင်ဘာသာစကား	Rakhine	ရခိုင်ဘာသာ	3584000
Holy-Bible---Rangi---Rangi-Bible---Standard-Edition.tar	Rangi Bible	Kɨlaangi	Rangi	Kɨlaangi	1361920
Holy-Bible---Reli---Reli-Bible---Standard-Edition.tar	Reli Bible	సొత్తొ పురువురొ పవిత్రొ కొత	Reli	Reli	1228800
Holy-Bible---Rohingya---Kitabul-Mukaddos-Bible---Standard-Edition.tar	Rohingya Kitabul Mukaddos	Ruáingga Injil Córif	Rohingya	Ruáingga	1269760
Holy-Bible---Rohingya---Rohingya-Bible---Standard-Edition.tar	Rohingya Bible	Ruáingga Bible	Rohingya	Ruáingga	788480
Holy-Bible---Romani---Balkans-Arli-Bible---Standard-Edition.tar	Romani Balkans Arli Bible	Balkaniko Romanes Arli Bible	Romani, Balkan	Balkaniko Romanes	1064960
Holy-Bible---Romani---Eastern-Vlakh---Standard-Edition.tar	Eastern Vlakh Romani	Библия пэ влахицко романи шыб	Romani Vlax, Eastern	Eastern Romani	829440
Holy-Bible---Romani-Vlax---Arli-Luke---Standard-Edition.tar	Arli Luke	Arli Luka	Romani Vlax, Arli	Arli Romani	153600
Holy-Bible---Romani-Vlax---Chergash-Luke---Standard-Edition.tar	Chergash Bible	Romani Čergarsko čhib Srbija	Romani Vlax, Chergash	Chergash Romani	1095680
Holy-Bible---Romani-Vlax---Gurbet-Luke---Standard-Edition.tar	Gurbet Bible	Gurbetsko dijalekt Srbija	Romani Vlax, Gurbet	Gurbet Romani	1064960
Holy-Bible---Romani-Vlax---Lovaric-Bible---Standard-Edition.tar	Romani Lovari Bible	Библия пэ ловарицко романы щиб	Romani Vlax, Lovari	Lovari Romani	358400
Holy-Bible---Romani-Vlax---Servi-Bible---Standard-Edition.tar	Servi Romani Bible	Библия пы сэрвицко ромско чиб	Romani Vlax, Servi	Servi Romani	819200
Holy-Bible---Romanian---BTF-Bible---Standard-Edition.tar	Romanian Faithful Translation	Biblia Traducerea Fidela	Romanian	Română	4515840
Holy-Bible---Romanian---Bayash-Luke---Standard-Edition.tar	Bayash Luke	Luka	Romanian	Bayash	163840
Holy-Bible---Romanian---Cyrillic---Standard-Edition.tar	Romanian Bible (Cyrillic)	Библия Думитру Корнилеску 1924	Romanian	Română	7096320
Holy-Bible---Romanian---Free-Bible---Standard-Edition.tar	Romanian Free Holy Bible	Liber Sfanta Biblie	Romanian	Română	1064960
Holy-Bible---Romanian---Ludari-Luke---Standard-Edition.tar	Ludari Luke	Ludari Luka	Romanian	Ludari	163840
Holy-Bible---Rote-Dela---Rote-Dela-Bible---Standard-Edition.tar	Rote Dela Bible	Rote Dela Alkitab	Rote Dela	Dela–Oenale	1843200
Holy-Bible---Russian---Russian-Synodal-Translation---Standard-Edition.tar	Russian Synodal Translation	Синодальный перевод	Russian	русский	6297600
Holy-Bible---Saafi-Saafi---Saafi-Saafi-Bible---Standard-Edition.tar	Safene Bible	Saafi-Saafi Bible	Safene	Saafi-Saafi	1423360
Holy-Bible---Safwa---Safwa-Bible---Standard-Edition.tar	Safwa Bible	Biblia Takatifu	Safwa	Kisafwa	962560
Holy-Bible---Sakachep---Sakachep-Bible---Standard-Edition.tar	Sakachep Bible	Pathien Lekhabu Inthieng Chongtung Thar	Sakachep	Sakechep	1167360
Holy-Bible---Sanga---Sanga-Bible---Standard-Edition.tar	Sanga Bible	Isanga Bible	Sanga	Isanga	307200
Holy-Bible---Sankaran-Maninka---Alla-la-Kitabu-Seniman---Standard-Edition.tar	Sankaran Maninka Bible	Alla la Kitabu Seniman	Sankaran Maninka	Sankaran Malinke	1300480
Holy-Bible---Sanskrit---Assamese-Script---Standard-Edition.tar	Sanskrit New Testament, Assamese	অসমীয়া	Sanskrit	অসমীয়া	2385920
Holy-Bible---Sanskrit---Bengali-Script---Standard-Edition.tar	Sanskrit New Testament, Bengali	বাংলা	Sanskrit	বাংলা	2385920
Holy-Bible---Sanskrit---Burmese-Script---Standard-Edition.tar	Sanskrit New Testament, Burmese	မြန်မာဘာသာ	Sanskrit	မြန်မာဘာသာ	2334720
Holy-Bible---Sanskrit---Cologne-Script---Standard-Edition.tar	Sanskrit New Testament, Cologne	satyavEdaH	Sanskrit	satyavEdaH	1003520
Holy-Bible---Sanskrit---Devanagari-Script---Standard-Edition.tar	Sanskrit New Testament, Devanagari	देवनागरी	Sanskrit	देवनागरी	2426880
Holy-Bible---Sanskrit---Gujarati-Script---Standard-Edition.tar	Sanskrit New Testament, Gujarati	ગુજરાતી	Sanskrit	ગુજરાતી	2406400
Holy-Bible---Sanskrit---Harvard-Kyoto-Script---Standard-Edition.tar	Sanskrit NT, Harvard-Kyoto	Sanskrit NT, Harvard-Kyoto	Sanskrit	Harvard-Kyoto	1003520
Holy-Bible---Sanskrit---IAST-Script---Standard-Edition.tar	Sanskrit New Testament, IAST	Sanskrit New Testament, IAST	Sanskrit	IAST	1208320
Holy-Bible---Sanskrit---ISO-Script---Standard-Edition.tar	Sanskrit New Testament, ISO	Sanskrit New Testament, ISO	Sanskrit	ISO	1239040
Holy-Bible---Sanskrit---ITRANS-Script---Standard-Edition.tar	Sanskrit New Testament, ITRANS	Sanskrit New Testament, ITRANS	Sanskrit	ITRANS	1054720
Holy-Bible---Sanskrit---Kannada-Script---Standard-Edition.tar	Sanskrit New Testament, Kannada	ಕನ್ನಡ	Sanskrit	ಕನ್ನಡ	2406400
Holy-Bible---Sanskrit---Khmer-Script---Standard-Edition.tar	Sanskrit New Testament, Khmer	អក្សរខ្មែរ	Sanskrit	អក្សរខ្មែរ	2426880
Holy-Bible---Sanskrit---Malayalam-Script---Standard-Edition.tar	Sanskrit New Testament, Malayalam	മലയാളം	Sanskrit	മലയാളം	2365440
Holy-Bible---Sanskrit---Oriya-Script---Standard-Edition.tar	Sanskrit New Testament, Oriya	ଓଡ଼ିଆ	Sanskrit	ଓଡ଼ିଆ	2406400
Holy-Bible---Sanskrit---Punjabi-Script---Standard-Edition.tar	Sanskrit New Testament, Punjabi	ਪੰਜਾਬੀ	Sanskrit	ਪੰਜਾਬੀ	2457600
Holy-Bible---Sanskrit---Sinhala-Script---Standard-Edition.tar	Sanskrit New Testament, Sinhala	සිංහල	Sanskrit	සිංහල	2508800
Holy-Bible---Sanskrit---Tamil-Script---Standard-Edition.tar	Sanskrit New Testament, Tamil	தமிழ்	Sanskrit	தமிழ்	2734080
Holy-Bible---Sanskrit---Telugu-Script---Standard-Edition.tar	Sanskrit New Testament, Telugu	తెలుగు	Sanskrit	తెలుగు	2406400
Holy-Bible---Sanskrit---Thai-Script---Standard-Edition.tar	Sanskrit New Testament, Thai	วิกิพีเดียภาษาไทย	Sanskrit	วิกิพีเดียภาษาไทย	2426880
Holy-Bible---Sanskrit---Tibetan-Script---Standard-Edition.tar	Sanskrit New Testament, Tibetan	ལྷ་སའི་སྐད་	Sanskrit	ལྷ་སའི་སྐད་	2191360
Holy-Bible---Sanskrit---Urdu-Script---Standard-Edition.tar	Sanskrit New Testament, Urdu	اردو	Sanskrit	اردو	2078720
Holy-Bible---Sanskrit---Velthuis-Script---Standard-Edition.tar	Sanskrit New Testament, Velthuis	Sanskrit New Testament, Velthuis	Sanskrit	Velthuis	1208320
Holy-Bible---Sari---Sari-Bible---Standard-Edition.tar	Saari Bible	Nsari Bible	Saari	Nsari	1402880
Holy-Bible---Satawalese---Satawalese-Bible---Standard-Edition.tar	Satawalese Bible	Pwapwior we e Santus	Satawalese	Satawalese	573440
Holy-Bible---Scots-Gaelic---Scots-Gaelic-Gospel-Mark---Standard-Edition.tar	Scots Gaelic Gospel of Mark	Gàidhlig Soisgeul	Scots Gaelic	Gàidhlig	92160
Holy-Bible---Serbian---Karadzic-Danicic-Latin-Script---Standard-Edition.tar	Serbian Bible, Karadzic/Danicic, Latin	Sveta Pismo	Serbian	Srpski	3584000
Holy-Bible---Serbian---Serbian-Ekavski-Bible---Standard-Edition.tar	Serbian Bible, Karadzic/Danicic	Сербиан Библе, Даничић Караџић	Serbian	Cрпски	5847040
Holy-Bible---Serbian---Serbian-ONSP-Cyrillic---Standard-Edition.tar	New Serbian Open Bible (cyrillic)	Нови српски превод, слободна	Serbian	Cрпски	6246400
Holy-Bible---Serbian---Serbian-ONST-Latin---Standard-Edition.tar	New Serbian Open Bible (latin)	Novi Srpski Prevod, Slobodna	Serbian	Srpski	3747840
Holy-Bible---Setswana---Open-Tswana-Living---Standard-Edition.tar	Open Tswana Living New Testament	La Botshelo Kgolagano e Ntsha	Setswana	Setswana	1269760
Holy-Bible---Sgaw-Karen---Mason-Bible---Standard-Edition.tar	S'gaw Karen Mason Bible	S'gaw Karen Mason Bible	S'gaw Karen	S'gaw Karen	10987520
Holy-Bible---Shi---Mashi-Bible---Standard-Edition.tar	Shi Mashi Bible	Bibliya Ntagatifu Omu Mashi	Shi	Mashi	4515840
Holy-Bible---Sholaga---Sholaga-Bible---Standard-Edition.tar	Sholaga Bible	ಕ್ಹುದಾನಿ ಕ್ಹರಿನಿ ವಾಕ್ಯಾ	Sholaga	Soliga	2621440
Holy-Bible---Shona---Rakasununguka---Standard-Edition.tar	Shona Free Holy Bible	Bhaibheri MuChiShona Chanhasi	Shona	chiShona	4188160
Holy-Bible---Shona---Shona-Bible---Standard-Edition.tar	Shona Bible	Bhaibheri	Shona	chiShona	952320
Holy-Bible---SlavonicChurch---Church-Slavonic-Elizabeth---Standard-Edition.tar	Church Slavonic Elizabeth Bible	Библия церковно-славянском языке	Slavonic, Church	церковно-славянском	5969920
Holy-Bible---Slovak---Slovak-Bible---Standard-Edition.tar	Slovak Bible for Everyone	Nádej pre Každého	Slovak	Slovák	1003520
Holy-Bible---Slovene---Slovene-Savli-Bible---Standard-Edition.tar	Slovene King James Bible 1769	Slovenščina Sveto pismo Kralja Jakoba	Slovene	Slovenščina	4126720
Holy-Bible---Slovene---Slovene-Stritarja-NT---Standard-Edition.tar	Slovene New Testament and Psalms, Stritar	Slovenščina Novi Testament in Psalmi, Stritarja	Slovene	Slovenščina	1105920
Holy-Bible---Soli---Soli-Bible---Standard-Edition.tar	Soli Bible	Soli Bible	Soli	Chisoli	1146880
Holy-Bible---Somali---Somali-Bible---Standard-Edition.tar	Somali Bible	Kitaabka Quduuska Ah	Somali	Somali	4802560
Holy-Bible---Somau-Karia---Somau-Karia-Bible---Standard-Edition.tar	Somau Karia Bible	Xoiteupo Kuna	Somau Karia	Somau Garia	522240
Holy-Bible---Spanish---Biblia-Platense-Straubinger---Standard-Edition.tar	Spanish Platense Bible	La Biblia Platense	Spanish	Español	4239360
Holy-Bible---Spanish---Free-Bible---Standard-Edition.tar	Spanish Free Bible Version	Biblia Libre	Spanish	Español	4423680
Holy-Bible---Spanish---Free-for-the-World---Standard-Edition.tar	Spanish Free Bible for the World	Santa Biblia Libre para el Mundo	Spanish	Español	4229120
Holy-Bible---Spanish---Gods-Word-for-You---Standard-Edition.tar	Spanish God's Word for You	Palabra de Dios para Ti	Spanish	Español	4034560
Holy-Bible---Spanish---Reina-Valera-1865---Standard-Edition.tar	Spanish Reina Valera Bible 1865	Español Santa Biblia	Spanish	Español	4147200
Holy-Bible---Spanish---Reina-Valera-1909---Standard-Edition.tar	Spanish Reina Valera Bible 1909	Español Santa Biblia	Spanish	Español	4167680
Holy-Bible---Spanish---Reina-Valera-NT-1858---Standard-Edition.tar	Spanish Reina Valera NT 1858	Español Santa Biblia	Spanish	Español	1003520
Holy-Bible---Spanish---Sagradas-Escrituras-1569---Standard-Edition.tar	Spanish Bible 1569	Sagradas Escrituras, Antigua	Spanish	Español	4167680
Holy-Bible---Spanish---Sencillo-Bible---Standard-Edition.tar	Spanish Sencillo Bible	La Biblia en Español Sencillo	Spanish	Español	4392960
Holy-Bible---Spanish---Spanish-New-Open-Bible---Standard-Edition.tar	New Spanish Open Bible	Open Nueva Biblia	Spanish	Español	4239360
Holy-Bible---Swahili---Contemporary---Standard-Edition.tar	Swahili Contemporary Version	Biblia Takatifu Wazi, Kiswahili	Swahili	Kiswahili	4188160
Holy-Bible---Swahili---New-Swahili-Bible---Standard-Edition.tar	New Swahili Bible	Biblia Takatifu Mpya	Swahili	Kiswahili	4218880
Holy-Bible---Swahili---Swahili-Bible---Standard-Edition.tar	Swahili Bible	Biblia Takatifu	Swahili	Kiswahili	1013760
Holy-Bible---Swahili---Swahili-Open-Bible---Standard-Edition.tar	Swahili Open Bible	Wazi Neno Maandiko Matakatifu	Swahili	Kiswahili	4229120
Holy-Bible---Swedish---Swedish-Bible---Standard-Edition.tar	Swedish Bible	Svensk Bibel	Swedish	Svensk	4474880
Holy-Bible---Swedish---Swedish-Bible-1703---Standard-Edition.tar	Swedish Bible 1703	Svensk Bibel 1703	Swedish	Svensk	3031040
Holy-Bible---Swedish---Swedish-Bible-1873---Standard-Edition.tar	Swedish Bible 1873	Svensk Bibel	Swedish	Svensk	4177920
Holy-Bible---Swedish---Swedish-Bible-1917---Standard-Edition.tar	Swedish Bible Runeberg	Svensk Bibel	Swedish	Svensk	4505600
Holy-Bible---Taabwa---Kitaabua-Bible---Standard-Edition.tar	Kitaabua Taabwa Bible	Ichitaabwa Bible	Taabwa	Ichitaabwa	696320
Holy-Bible---Tagakaulo---Tagakaulo-Bible---Standard-Edition.tar	Kalagan Bible	Tagakaulo Bible	Kalagan	Tagakaulo	1546240
Holy-Bible---Tagalog---Tagalog-Bible-1905---Standard-Edition.tar	Tagalog Holy Bible	Tagalog Ang Biblia	Tagalog	Tagalog	5089280
Holy-Bible---Tagalog---Tagalog-Bible-Unlocked---Standard-Edition.tar	Tagalog Unlocked Holy Bible	banal na Bibliya	Tagalog	Tagalog	5181440
Holy-Bible---Tagin---Tagin-First-Bible---Standard-Edition.tar	Tagin Bible, Good News	ANWNV GAMLV	Tagin	Tagin	1239040
Holy-Bible---Tamil---Open-Contemporary---Standard-Edition.tar	Tamil Open Contemporary Bible	திறந்தநிலை தமிழ் சமகால	Tamil	தமிழ்	13547520
Holy-Bible---Tamil---Tamil-Bible---Standard-Edition.tar	Tamil Bible	தமிழ் பைபிள்	Tamil	தமிழ்	12738560
Holy-Bible---Tarok---Tarok-Nigeria-Bible---Standard-Edition.tar	Nigerian Tarok Bible	iTárók Bible	Tarok	iTárók	1894400
Holy-Bible---Tavoyan---Tavoyan-Bible---Standard-Edition.tar	Tavoyan Bible	ဓမ္မသစ်ကျမ်း ထားဝယ်ဘာသာစကား	Tavoyan	ထားဝယ်စကား	3553280
Holy-Bible---Teke-Tyee---Teke-Tyee-Bible---Standard-Edition.tar	Teke-Tyee Bible	Teke Sud-Ouest	Teke-Tyee	Teke-Tyee	1167360
Holy-Bible---Telugu---Telugu-Bible---Standard-Edition.tar	Telugu Bible	తెలుగు బైబిల్	Telugu	తెలుగు	10424320
Holy-Bible---Telugu---Telugu-Open-Contemporary---Standard-Edition.tar	Telugu Open Contemporary Bible	ఉచిత తెలుగు సమకాలీన అనువాదం	Telugu	తెలుగు	10311680
Holy-Bible---Tharu-Rana---Rana-Tharu-Bible---Standard-Edition.tar	Rana Tharu Bible	परमेस्वर को सच्चो वचन	Tharu, Rana	राना थारू	2406400
Holy-Bible---Thur---Leb-Thur-Bible---Standard-Edition.tar	Thur Bible	Leb-Thur	Thur	Thur	1372160
Holy-Bible---Tichurong---Tichurong-Bible---Standard-Edition.tar	Tichurong Bible	तिचुरोङ क्येला सारबा करारयि किताबतेबा	Tichurong	Tichurong	614400
Holy-Bible---Tongan---Revised-West-Version---Standard-Edition.tar	Tongan Bible, Revised West	Tongan Bible, Revised West	Tongan	Tongan	5509120
Holy-Bible---Tsakhur---Tsakhur-Bible---Standard-Edition.tar	Tsakhur Azerbaijani Bible	Ts‘əxna miz	Tsakhur	Ts‘əxna miz	1054720
Holy-Bible---Tsikimba---Tsikimba-Bible---Standard-Edition.tar	Kimba Bible	Tsikimba Bible	Kimba	Tsikimba	215040
Holy-Bible---Tsishingini---Tsishingini-Bible---Standard-Edition.tar	Shingini Bible	Tsishingini Bible	Shingini	Tsishingini	358400
Holy-Bible---Turkish---Open-Basic-Turkish---Standard-Edition.tar	Turkish Open License Basic Bible	Türkçe Açık Lisans Temel İncil	Turkish	Türkçe	1116160
Holy-Bible---Twi---Akuapem-Twi-Bible---Standard-Edition.tar	Akuapem Twi Bible	Akuapem Twi Nkwa Asɛm	Twi	Akuapem Twi	3952640
Holy-Bible---Twi---Asante-Twi-WASNA---Standard-Edition.tar	Asante Twi Bible	Asante Twi Nkwa Asɛm	Twi	Asante Twi	4157440
Holy-Bible---Ukrainian---New-Translation---Standard-Edition.tar	New Ukranian Translation	Новий Переклад Українською	Ukrainian	Український	1884160
Holy-Bible---Ukrainian---Ukrainian-Freedom-Bible---Standard-Edition.tar	Ukrainian Freedom Bible	Біблія свободи	Ukrainian	Український	6256640
Holy-Bible---Ukrainian---Ukrainian-NT---Standard-Edition.tar	Ukrainian Kulish New Testament	Український Новий Заповіт	Ukrainian	Український	1402880
Holy-Bible---Ukrainian---Ukrainian-Ogienko---Standard-Edition.tar	Ukrainian Bible, Ivan Ogienko	Українська Біблія, Івана Огієнка	Ukrainian	Український	6574080
Holy-Bible---Urdu---Urdu-Bible---Standard-Edition.tar	Urdu Bible, Devanagari	उर्दू बाइबिल, देवनागरी	Urdu	उर्दू	9738240
Holy-Bible---Urdu---Urdu-Free-Contemporary---Standard-Edition.tar	Urdu Open Contemporary Bible	آزادانہ اردو ہم عصر ترجمہ	Urdu	اردو	7720960
Holy-Bible---Ut-Ma-in---Ut-Ma-in-Bible---Standard-Edition.tar	Fakia Bible	Ut-Ma’in Bible	Fakai	Ut-Ma'in	1013760
Holy-Bible---Uyghur---Uyghur-Bible-Arabic---Standard-Edition.tar	Uyghur Bible (arabic script)	مۇقېددېس كالام (يەنگى يېزىق)	Uyghur	Uyghur tili	8499200
Holy-Bible---Uyghur---Uyghur-Bible-Cyrillic---Standard-Edition.tar	Uyghur Bible (cyrillic script)	Муқеддес Калам (кирил йезиқ)	Uyghur	Uyghur tili	8079360
Holy-Bible---Uyghur---Uyghur-Bible-Latin---Standard-Edition.tar	Uyghur Bible (latin script)	Muqeddes Kalam (latin yéziq)	Uyghur	Uyghur tili	4935680
Holy-Bible---Uyghur---Uyghur-Bible-Pinyin---Standard-Edition.tar	Uyghur Bible (pinyin script)	Muⱪeddes Kalam (yǝngi yeziⱪ)	Uyghur	Uyghur tili	5335040
Holy-Bible---Vaagri-Booli---Vaagri-Booli-Bible---Standard-Edition.tar	Vaagri Booli Bible	ದೇವ್ನಿ ಖ್ಹಾಚಿ ವಚನ್	Vaagri Booli	Hakkipikki	2836480
Holy-Bible---Vaghri---Vaghri-Bible---Standard-Edition.tar	Vaghri Bible	పవిత్ర్ బైబిల్‍	Vaghri	Bavri	2611200
Holy-Bible---Vidunda---Vidunda-Bible---Standard-Edition.tar	Vidunda Bible	Chividunda Bible	Vidunda	Chividunda	3287040
Holy-Bible---Vietnamese---Contemporary---Standard-Edition.tar	Vietnamese Contemporary Bible	Kinh Thánh Tiếng Việt Hiện Đại	Vietnamese	tiếng Việt	5007360
Holy-Bible---Vietnamese---Vietnamese-Bible---Standard-Edition.tar	Vietnamese Bible	Kinh Thánh Tiếng Việt	Vietnamese	tiếng Việt	5345280
Holy-Bible---Vietnamese---Vietnamese-Bible-1934---Standard-Edition.tar	Vietnamese Bible 1934	Kinh Thánh Tiếng Việt 1934	Vietnamese	tiếng Việt	5335040
Holy-Bible---Vwanji---Vwanji-Bible---Standard-Edition.tar	Vwanji Bible	Kivwanji Bible	Vwanji	Kivwanji	1136640
Holy-Bible---Waddar---Waddar-Bible---Standard-Edition.tar	Waddar Bible	वडार	Waddar	Vadari	1239040
Holy-Bible---Waja---Waja-Bible---Standard-Edition.tar	Waja Bible	Wɪyáà Bible	Waja	Wɪyáà	286720
Holy-Bible---Wolio---Kitabi-Momangkilona-Bible---Standard-Edition.tar	Buton Wolio Bible	Kitabi Momangkilona Wolio	Wolio	Buton	2007040
Holy-Bible---Yaka---Ivatan-Bible---Standard-Edition.tar	Yaka Bible	Ivatan Bible	Yaka	Ivatan	1177600
Holy-Bible---Yaka---Yaka-Bible---Standard-Edition.tar	Yaka Bible	Iyaka Bible	Yaka	Iyaka	1013760
Holy-Bible---Yalunka---Yalunka-Bible---Standard-Edition.tar	Yalunka Bible	Kisin Kiraan Kitabuna	Yalunka	Jalonke	4331520
Holy-Bible---Yamap---Yamap-Bible---Standard-Edition.tar	Yamap Bible	Yamap Bible	Yamap	Yamap	491520
Holy-Bible---Yansi---Yansi-Bible---Standard-Edition.tar	Yansi Bible	Eyansi Bible	Yansi	Eyansi	1177600
Holy-Bible---Yemsa---Yemsa-Bible-Ethiopic---Standard-Edition.tar	Yemsa Bible (Ethiopic)	ጋዶ ቴያ	Yemsa	Yemsa	1576960
Holy-Bible---Yemsa---Yemsa-Bible-Latin---Standard-Edition.tar	Yemsa Bible (Latin)	Gaddo Teyya	Yemsa	Yemsa	1064960
Holy-Bible---Yiddish-Eastern---Eastern-Yiddish-Bible---Standard-Edition.tar	Eastern Yiddish Bible	דער יידישער ברית חדשה	Yiddish, Eastern	עברית	1884160
Holy-Bible---Yipunu---Punu-Bible---Standard-Edition.tar	Yipunu Punu Bible	Mbembu Nzambi o Ipunu	Punu	Yipunu	307200
Holy-Bible---Yombe---Yombe-Bible---Standard-Edition.tar	Open Yombe Bible	Open Nguizani Yimona ayi Minkunga	Yombe	Kiyombi	1351680
Holy-Bible---Yoruba---Yoruba-Bible---Standard-Edition.tar	Yoruba Bible	Bíbélì Mímọ́ ní Èdè Yorùbá Òde-Òní	Yoruba	Yorùbá	5550080
Holy-Bible---Zapotec-Loxicha---Loxicha-Zapotec-Bible---Standard-Edition.tar	Loxicha Zapotec Bible	Zapoteco de Loxicha	Zapotec, Loxicha	Loxicha Zapotec	1218560
Holy-Bible---Zaramo---Kizalamo-Bible---Standard-Edition.tar	Zaramo Bible	Lagano da Lsambi Yesu Kilisto	Zaramo	Zaramo	1105920
Holy-Bible---Zinza---Zinza-Bible---Standard-Edition.tar	Zinza Bible	Endagano Eénsha omu Chiziinza	Zinza	Ecizinza	1454080
